Status,Course_Name,Scholarship_Label,Tuition_Label,Debtor_Label,Gender_Label,Approved_2nd_Sem_Bin,Grade_2nd_Sem_Bin,Age_Group,Is_Dropout
Dropout,Animation & Multimedia Design,Tidak Beasiswa,Lunas,Tidak Menunggak,Laki-laki,0,0,15-20,1
Graduate,Tourism,Tidak Beasiswa,Belum Lunas,Tidak Menunggak,Laki-laki,5-6,13-14,15-20,0
Dropout,Communication Design,Tidak Beasiswa,Belum Lunas,Tidak Menunggak,Laki-laki,0,0,15-20,1
Graduate,Journalism & Communication,Tidak Beasiswa,Lunas,Tidak Menunggak,Perempuan,5-6,13-14,15-20,0
Graduate,Social Service (Evening),Tidak Beasiswa,Lunas,Tidak Menunggak,Perempuan,5-6,13-14,31+,0
Graduate,Management (Evening),Tidak Beasiswa,Lunas,Menunggak,Laki-laki,5-6,11-12,31+,0
Graduate,Nursing,Beasiswa,Lunas,Tidak Menunggak,Perempuan,7+,15+,15-20,0
Dropout,Tourism,Tidak Beasiswa,Belum Lunas,Tidak Menunggak,Laki-laki,0,0,21-23,1
Graduate,Social Service,Beasiswa,Lunas,Tidak Menunggak,Perempuan,5-6,15+,21-23,0
Dropout,Social Service,Tidak Beasiswa,Belum Lunas,Menunggak,Perempuan,1-2,13-14,15-20,1
Graduate,Advertising & Marketing Mgmt,Tidak Beasiswa,Lunas,Tidak Menunggak,Perempuan,5-6,15+,15-20,0
Graduate,Nursing,Beasiswa,Lunas,Tidak Menunggak,Perempuan,7+,13-14,15-20,0
Dropout,Basic Education,Tidak Beasiswa,Lunas,Tidak Menunggak,Perempuan,0,0,15-20,1
Graduate,Tourism,Beasiswa,Lunas,Tidak Menunggak,Perempuan,5-6,11-12,21-23,0
Graduate,Veterinary Nursing,Beasiswa,Lunas,Tidak Menunggak,Perempuan,5-6,11-12,15-20,0
Dropout,Journalism & Communication,Tidak Beasiswa,Lunas,Tidak Menunggak,Perempuan,0,0,15-20,1
Enrolled,Social Service,Tidak Beasiswa,Lunas,Tidak Menunggak,Perempuan,1-2,11-12,15-20,0
Graduate,Nursing,Tidak Beasiswa,Lunas,Tidak Menunggak,Perempuan,7+,15+,15-20,0
Graduate,Equinculture,Tidak Beasiswa,Lunas,Tidak Menunggak,Perempuan,3-4,13-14,15-20,0
Enrolled,Basic Education,Tidak Beasiswa,Lunas,Tidak Menunggak,Perempuan,5-6,13-14,15-20,0
Graduate,Animation & Multimedia Design,Beasiswa,Lunas,Tidak Menunggak,Perempuan,0,0,21-23,0
Enrolled,Oral Hygiene,Tidak Beasiswa,Lunas,Tidak Menunggak,Perempuan,7+,11-12,15-20,0
Graduate,Nursing,Tidak Beasiswa,Lunas,Tidak Menunggak,Perempuan,7+,13-14,15-20,0
Graduate,Advertising & Marketing Mgmt,Beasiswa,Lunas,Tidak Menunggak,Perempuan,5-6,13-14,15-20,0
Graduate,Nursing,Tidak Beasiswa,Lunas,Tidak Menunggak,Perempuan,7+,15+,15-20,0
Enrolled,Social Service,Beasiswa,Lunas,Menunggak,Perempuan,3-4,11-12,15-20,0
Graduate,Social Service,Tidak Beasiswa,Lunas,Tidak Menunggak,Perempuan,5-6,13-14,21-23,0
Enrolled,Veterinary Nursing,Tidak Beasiswa,Lunas,Tidak Menunggak,Perempuan,3-4,13-14,15-20,0
Graduate,Management,Tidak Beasiswa,Lunas,Tidak Menunggak,Perempuan,5-6,13-14,15-20,0
Enrolled,Nursing,Tidak Beasiswa,Lunas,Tidak Menunggak,Laki-laki,5-6,13-14,15-20,0
Enrolled,Agronomy,Tidak Beasiswa,Lunas,Tidak Menunggak,Laki-laki,5-6,11-12,21-23,0
Graduate,Communication Design,Tidak Beasiswa,Lunas,Tidak Menunggak,Laki-laki,3-4,13-14,15-20,0
Enrolled,Management,Tidak Beasiswa,Belum Lunas,Tidak Menunggak,Laki-laki,1-2,13-14,15-20,0
Graduate,Social Service (Evening),Tidak Beasiswa,Lunas,Tidak Menunggak,Perempuan,5-6,15+,15-20,0
Graduate,Management (Evening),Tidak Beasiswa,Lunas,Tidak Menunggak,Laki-laki,5-6,13-14,31+,0
Dropout,Biofuel Production,Tidak Beasiswa,Belum Lunas,Menunggak,Laki-laki,1-2,1-10,31+,1
Dropout,Informatics Engineering,Tidak Beasiswa,Lunas,Tidak Menunggak,Laki-laki,0,0,31+,1
Dropout,Management,Tidak Beasiswa,Lunas,Tidak Menunggak,Perempuan,1-2,11-12,31+,1
Graduate,Management (Evening),Tidak Beasiswa,Lunas,Tidak Menunggak,Perempuan,5-6,11-12,31+,0
Dropout,Equinculture,Tidak Beasiswa,Belum Lunas,Menunggak,Perempuan,3-4,11-12,15-20,1
Dropout,Journalism & Communication,Tidak Beasiswa,Lunas,Menunggak,Perempuan,0,0,15-20,1
Graduate,Management,Tidak Beasiswa,Lunas,Tidak Menunggak,Perempuan,5-6,15+,21-23,0
Graduate,Nursing,Tidak Beasiswa,Lunas,Tidak Menunggak,Perempuan,7+,15+,21-23,0
Dropout,Journalism & Communication,Tidak Beasiswa,Belum Lunas,Tidak Menunggak,Perempuan,5-6,13-14,15-20,1
Dropout,Management (Evening),Tidak Beasiswa,Lunas,Tidak Menunggak,Perempuan,0,0,24-30,1
Enrolled,Management (Evening),Tidak Beasiswa,Lunas,Tidak Menunggak,Perempuan,3-4,15+,24-30,0
Graduate,Social Service,Tidak Beasiswa,Lunas,Tidak Menunggak,Perempuan,5-6,13-14,15-20,0
Graduate,Nursing,Beasiswa,Lunas,Tidak Menunggak,Perempuan,7+,13-14,21-23,0
Graduate,Social Service (Evening),Beasiswa,Lunas,Tidak Menunggak,Perempuan,5-6,13-14,21-23,0
Graduate,Social Service,Beasiswa,Lunas,Tidak Menunggak,Perempuan,5-6,13-14,15-20,0
Graduate,Tourism,Beasiswa,Lunas,Tidak Menunggak,Perempuan,5-6,15+,24-30,0
Enrolled,Nursing,Beasiswa,Lunas,Tidak Menunggak,Perempuan,5-6,11-12,15-20,0
Enrolled,Journalism & Communication,Beasiswa,Lunas,Tidak Menunggak,Perempuan,3-4,11-12,15-20,0
Graduate,Equinculture,Tidak Beasiswa,Lunas,Tidak Menunggak,Perempuan,5-6,15+,15-20,0
Dropout,Management (Evening),Tidak Beasiswa,Lunas,Tidak Menunggak,Perempuan,5-6,11-12,24-30,1
Graduate,Nursing,Tidak Beasiswa,Lunas,Tidak Menunggak,Perempuan,7+,13-14,15-20,0
Dropout,Tourism,Tidak Beasiswa,Lunas,Tidak Menunggak,Perempuan,0,0,31+,1
Dropout,Equinculture,Tidak Beasiswa,Lunas,Tidak Menunggak,Perempuan,7+,13-14,24-30,1
Graduate,Nursing,Tidak Beasiswa,Lunas,Tidak Menunggak,Perempuan,7+,15+,15-20,0
Enrolled,Animation & Multimedia Design,Tidak Beasiswa,Lunas,Tidak Menunggak,Perempuan,0,0,15-20,0
Graduate,Nursing,Tidak Beasiswa,Lunas,Tidak Menunggak,Perempuan,7+,13-14,15-20,0
Graduate,Social Service,Beasiswa,Lunas,Tidak Menunggak,Perempuan,5-6,11-12,21-23,0
Enrolled,Animation & Multimedia Design,Beasiswa,Lunas,Tidak Menunggak,Laki-laki,0,0,15-20,0
Enrolled,Communication Design,Tidak Beasiswa,Lunas,Tidak Menunggak,Laki-laki,1-2,1-10,15-20,0
Enrolled,Communication Design,Tidak Beasiswa,Lunas,Tidak Menunggak,Laki-laki,0,0,24-30,0
Dropout,Nursing,Tidak Beasiswa,Lunas,Tidak Menunggak,Laki-laki,5-6,11-12,24-30,1
Graduate,Animation & Multimedia Design,Beasiswa,Lunas,Tidak Menunggak,Laki-laki,0,0,15-20,0
Graduate,Agronomy,Tidak Beasiswa,Lunas,Tidak Menunggak,Laki-laki,5-6,13-14,21-23,0
Dropout,Management,Tidak Beasiswa,Lunas,Menunggak,Laki-laki,3-4,11-12,15-20,1
Enrolled,Tourism,Tidak Beasiswa,Lunas,Tidak Menunggak,Laki-laki,5-6,11-12,24-30,0
Enrolled,Management,Tidak Beasiswa,Lunas,Tidak Menunggak,Laki-laki,0,0,15-20,0
Graduate,Nursing,Tidak Beasiswa,Lunas,Tidak Menunggak,Laki-laki,7+,13-14,24-30,0
Dropout,Animation & Multimedia Design,Tidak Beasiswa,Lunas,Tidak Menunggak,Laki-laki,0,0,15-20,1
Dropout,Tourism,Tidak Beasiswa,Lunas,Tidak Menunggak,Laki-laki,1-2,11-12,15-20,1
Graduate,Journalism & Communication,Tidak Beasiswa,Lunas,Tidak Menunggak,Laki-laki,3-4,13-14,15-20,0
Dropout,Management,Tidak Beasiswa,Lunas,Menunggak,Laki-laki,3-4,11-12,15-20,1
Dropout,Tourism,Beasiswa,Lunas,Tidak Menunggak,Laki-laki,1-2,11-12,21-23,1
Graduate,Journalism & Communication,Beasiswa,Lunas,Menunggak,Laki-laki,5-6,13-14,15-20,0
Graduate,Nursing,Beasiswa,Lunas,Tidak Menunggak,Laki-laki,7+,15+,21-23,0
Graduate,Social Service (Evening),Tidak Beasiswa,Lunas,Tidak Menunggak,Laki-laki,5-6,11-12,31+,0
Dropout,Basic Education,Tidak Beasiswa,Lunas,Tidak Menunggak,Laki-laki,5-6,13-14,15-20,1
Dropout,Management (Evening),Tidak Beasiswa,Lunas,Tidak Menunggak,Laki-laki,0,0,31+,1
Dropout,Agronomy,Tidak Beasiswa,Lunas,Menunggak,Laki-laki,7+,13-14,24-30,1
Enrolled,Tourism,Tidak Beasiswa,Lunas,Tidak Menunggak,Laki-laki,3-4,11-12,15-20,0
Graduate,Social Service (Evening),Tidak Beasiswa,Lunas,Tidak Menunggak,Perempuan,5-6,11-12,31+,0
Graduate,Nursing,Beasiswa,Lunas,Tidak Menunggak,Perempuan,7+,13-14,21-23,0
Graduate,Advertising & Marketing Mgmt,Beasiswa,Lunas,Tidak Menunggak,Perempuan,5-6,11-12,24-30,0
Graduate,Communication Design,Tidak Beasiswa,Lunas,Tidak Menunggak,Laki-laki,5-6,11-12,15-20,0
Enrolled,Management,Tidak Beasiswa,Lunas,Tidak Menunggak,Laki-laki,5-6,13-14,21-23,0
Enrolled,Informatics Engineering,Tidak Beasiswa,Lunas,Menunggak,Laki-laki,0,0,15-20,0
Dropout,Nursing,Tidak Beasiswa,Lunas,Tidak Menunggak,Laki-laki,0,0,24-30,1
Graduate,Journalism & Communication,Tidak Beasiswa,Belum Lunas,Tidak Menunggak,Perempuan,5-6,13-14,21-23,0
Dropout,Equinculture,Tidak Beasiswa,Lunas,Tidak Menunggak,Perempuan,0,0,24-30,1
Dropout,Basic Education,Tidak Beasiswa,Lunas,Tidak Menunggak,Perempuan,0,0,31+,1
Graduate,Social Service (Evening),Tidak Beasiswa,Lunas,Tidak Menunggak,Perempuan,5-6,13-14,31+,0
Enrolled,Informatics Engineering,Tidak Beasiswa,Lunas,Tidak Menunggak,Laki-laki,3-4,13-14,15-20,0
Graduate,Journalism & Communication,Tidak Beasiswa,Lunas,Tidak Menunggak,Perempuan,5-6,13-14,15-20,0
Graduate,Nursing,Beasiswa,Lunas,Tidak Menunggak,Perempuan,7+,15+,15-20,0
Enrolled,Veterinary Nursing,Tidak Beasiswa,Lunas,Tidak Menunggak,Perempuan,5-6,13-14,15-20,0
Dropout,Nursing,Tidak Beasiswa,Belum Lunas,Menunggak,Perempuan,0,0,15-20,1
Dropout,Veterinary Nursing,Tidak Beasiswa,Lunas,Tidak Menunggak,Perempuan,5-6,13-14,21-23,1
Graduate,Animation & Multimedia Design,Tidak Beasiswa,Lunas,Tidak Menunggak,Perempuan,0,0,15-20,0
Dropout,Social Service (Evening),Tidak Beasiswa,Lunas,Tidak Menunggak,Perempuan,0,0,31+,1
Graduate,Agronomy,Tidak Beasiswa,Lunas,Tidak Menunggak,Perempuan,7+,15+,31+,0
Dropout,Basic Education,Tidak Beasiswa,Lunas,Tidak Menunggak,Perempuan,0,0,15-20,1
Graduate,Communication Design,Tidak Beasiswa,Lunas,Menunggak,Perempuan,7+,13-14,15-20,0
Dropout,Social Service,Tidak Beasiswa,Lunas,Tidak Menunggak,Perempuan,0,0,15-20,1
Dropout,Veterinary Nursing,Tidak Beasiswa,Lunas,Tidak Menunggak,Perempuan,3-4,13-14,15-20,1
Dropout,Nursing,Tidak Beasiswa,Lunas,Tidak Menunggak,Perempuan,5-6,13-14,15-20,1
Enrolled,Basic Education,Tidak Beasiswa,Lunas,Tidak Menunggak,Perempuan,3-4,13-14,15-20,0
Graduate,Social Service,Tidak Beasiswa,Lunas,Tidak Menunggak,Perempuan,5-6,15+,15-20,0
Enrolled,Management,Beasiswa,Lunas,Tidak Menunggak,Perempuan,3-4,11-12,15-20,0
Graduate,Veterinary Nursing,Tidak Beasiswa,Lunas,Tidak Menunggak,Perempuan,5-6,13-14,15-20,0
Graduate,Journalism & Communication,Tidak Beasiswa,Lunas,Tidak Menunggak,Perempuan,5-6,13-14,15-20,0
Dropout,Nursing,Tidak Beasiswa,Lunas,Tidak Menunggak,Perempuan,5-6,13-14,15-20,1
Enrolled,Nursing,Tidak Beasiswa,Lunas,Tidak Menunggak,Perempuan,7+,13-14,15-20,0
Enrolled,Social Service,Beasiswa,Lunas,Tidak Menunggak,Perempuan,3-4,11-12,15-20,0
Enrolled,Management,Tidak Beasiswa,Lunas,Tidak Menunggak,Perempuan,3-4,11-12,15-20,0
Graduate,Veterinary Nursing,Tidak Beasiswa,Lunas,Tidak Menunggak,Perempuan,5-6,11-12,15-20,0
Graduate,Management,Tidak Beasiswa,Lunas,Tidak Menunggak,Perempuan,5-6,13-14,15-20,0
Dropout,Tourism,Tidak Beasiswa,Lunas,Tidak Menunggak,Perempuan,1-2,11-12,21-23,1
Graduate,Management,Tidak Beasiswa,Lunas,Tidak Menunggak,Perempuan,3-4,11-12,15-20,0
Dropout,Animation & Multimedia Design,Tidak Beasiswa,Lunas,Tidak Menunggak,Perempuan,0,0,15-20,1
Graduate,Advertising & Marketing Mgmt,Beasiswa,Lunas,Tidak Menunggak,Perempuan,5-6,15+,15-20,0
Graduate,Veterinary Nursing,Tidak Beasiswa,Lunas,Tidak Menunggak,Perempuan,5-6,13-14,15-20,0
Dropout,Oral Hygiene,Tidak Beasiswa,Lunas,Tidak Menunggak,Perempuan,0,0,15-20,1
Graduate,Veterinary Nursing,Tidak Beasiswa,Lunas,Tidak Menunggak,Perempuan,5-6,13-14,15-20,0
Enrolled,Basic Education,Beasiswa,Lunas,Tidak Menunggak,Perempuan,5-6,13-14,15-20,0
Graduate,Social Service,Tidak Beasiswa,Lunas,Tidak Menunggak,Perempuan,5-6,13-14,15-20,0
Graduate,Nursing,Tidak Beasiswa,Lunas,Tidak Menunggak,Perempuan,7+,15+,15-20,0
Dropout,Nursing,Beasiswa,Lunas,Tidak Menunggak,Perempuan,7+,13-14,15-20,1
Graduate,Communication Design,Tidak Beasiswa,Lunas,Tidak Menunggak,Perempuan,5-6,13-14,15-20,0
Graduate,Management,Tidak Beasiswa,Lunas,Tidak Menunggak,Perempuan,5-6,15+,15-20,0
Dropout,Nursing,Tidak Beasiswa,Lunas,Tidak Menunggak,Perempuan,0,0,15-20,1
Graduate,Social Service,Tidak Beasiswa,Lunas,Tidak Menunggak,Perempuan,7+,11-12,15-20,0
Dropout,Advertising & Marketing Mgmt,Beasiswa,Belum Lunas,Menunggak,Perempuan,3-4,13-14,15-20,1
Graduate,Advertising & Marketing Mgmt,Tidak Beasiswa,Lunas,Tidak Menunggak,Perempuan,3-4,11-12,15-20,0
Graduate,Journalism & Communication,Beasiswa,Lunas,Menunggak,Perempuan,5-6,15+,15-20,0
Enrolled,Nursing,Beasiswa,Lunas,Tidak Menunggak,Perempuan,7+,13-14,15-20,0
Graduate,Nursing,Tidak Beasiswa,Lunas,Tidak Menunggak,Perempuan,7+,15+,15-20,0
Graduate,Nursing,Tidak Beasiswa,Lunas,Tidak Menunggak,Perempuan,5-6,13-14,15-20,0
Graduate,Journalism & Communication,Beasiswa,Lunas,Tidak Menunggak,Perempuan,5-6,11-12,15-20,0
Enrolled,Management,Tidak Beasiswa,Belum Lunas,Menunggak,Perempuan,0,0,21-23,0
Graduate,Social Service,Beasiswa,Lunas,Tidak Menunggak,Perempuan,5-6,11-12,15-20,0
Graduate,Nursing,Beasiswa,Lunas,Tidak Menunggak,Perempuan,7+,13-14,15-20,0
Graduate,Basic Education,Beasiswa,Lunas,Tidak Menunggak,Perempuan,5-6,11-12,15-20,0
Dropout,Tourism,Tidak Beasiswa,Lunas,Tidak Menunggak,Perempuan,0,0,15-20,1
Dropout,Tourism,Tidak Beasiswa,Lunas,Tidak Menunggak,Perempuan,3-4,11-12,15-20,1
Graduate,Management,Tidak Beasiswa,Lunas,Tidak Menunggak,Perempuan,5-6,15+,15-20,0
Graduate,Nursing,Beasiswa,Lunas,Tidak Menunggak,Perempuan,7+,15+,15-20,0
Enrolled,Animation & Multimedia Design,Tidak Beasiswa,Lunas,Tidak Menunggak,Perempuan,0,0,15-20,0
Graduate,Veterinary Nursing,Tidak Beasiswa,Lunas,Tidak Menunggak,Perempuan,5-6,13-14,15-20,0
Enrolled,Basic Education,Tidak Beasiswa,Lunas,Tidak Menunggak,Perempuan,5-6,11-12,15-20,0
Graduate,Basic Education,Tidak Beasiswa,Lunas,Tidak Menunggak,Perempuan,5-6,11-12,15-20,0
Dropout,Basic Education,Tidak Beasiswa,Lunas,Tidak Menunggak,Perempuan,3-4,1-10,21-23,1
Dropout,Basic Education,Tidak Beasiswa,Lunas,Tidak Menunggak,Perempuan,3-4,11-12,15-20,1
Graduate,Management,Beasiswa,Lunas,Tidak Menunggak,Perempuan,5-6,11-12,15-20,0
Graduate,Social Service,Beasiswa,Lunas,Tidak Menunggak,Perempuan,5-6,11-12,15-20,0
Graduate,Social Service,Tidak Beasiswa,Lunas,Tidak Menunggak,Perempuan,5-6,11-12,15-20,0
Graduate,Social Service (Evening),Beasiswa,Lunas,Tidak Menunggak,Perempuan,5-6,13-14,24-30,0
Dropout,Advertising & Marketing Mgmt,Tidak Beasiswa,Lunas,Tidak Menunggak,Perempuan,5-6,13-14,15-20,1
Graduate,Nursing,Beasiswa,Lunas,Tidak Menunggak,Perempuan,7+,13-14,15-20,0
Graduate,Nursing,Tidak Beasiswa,Lunas,Tidak Menunggak,Perempuan,7+,15+,15-20,0
Dropout,Basic Education,Tidak Beasiswa,Lunas,Tidak Menunggak,Perempuan,3-4,11-12,21-23,1
Graduate,Advertising & Marketing Mgmt,Tidak Beasiswa,Lunas,Tidak Menunggak,Perempuan,5-6,15+,15-20,0
Graduate,Journalism & Communication,Beasiswa,Lunas,Tidak Menunggak,Perempuan,5-6,13-14,15-20,0
Enrolled,Agronomy,Tidak Beasiswa,Lunas,Menunggak,Perempuan,0,0,31+,0
Graduate,Social Service,Tidak Beasiswa,Lunas,Tidak Menunggak,Perempuan,3-4,11-12,15-20,0
Graduate,Nursing,Tidak Beasiswa,Lunas,Tidak Menunggak,Perempuan,7+,15+,24-30,0
Dropout,Social Service,Tidak Beasiswa,Lunas,Tidak Menunggak,Perempuan,1-2,11-12,21-23,1
Enrolled,Veterinary Nursing,Tidak Beasiswa,Lunas,Tidak Menunggak,Perempuan,3-4,11-12,24-30,0
Graduate,Oral Hygiene,Tidak Beasiswa,Lunas,Tidak Menunggak,Perempuan,7+,13-14,15-20,0
Graduate,Nursing,Tidak Beasiswa,Lunas,Tidak Menunggak,Perempuan,5-6,11-12,15-20,0
Graduate,Social Service (Evening),Tidak Beasiswa,Lunas,Tidak Menunggak,Perempuan,5-6,11-12,24-30,0
Dropout,Tourism,Tidak Beasiswa,Belum Lunas,Menunggak,Perempuan,5-6,13-14,15-20,1
Enrolled,Advertising & Marketing Mgmt,Beasiswa,Lunas,Tidak Menunggak,Perempuan,3-4,13-14,15-20,0
Graduate,Basic Education,Tidak Beasiswa,Lunas,Tidak Menunggak,Perempuan,5-6,11-12,24-30,0
Dropout,Nursing,Tidak Beasiswa,Lunas,Tidak Menunggak,Perempuan,3-4,11-12,15-20,1
Dropout,Basic Education,Tidak Beasiswa,Lunas,Tidak Menunggak,Perempuan,5-6,11-12,15-20,1
Dropout,Nursing,Tidak Beasiswa,Lunas,Tidak Menunggak,Perempuan,5-6,15+,31+,1
Graduate,Basic Education,Tidak Beasiswa,Lunas,Tidak Menunggak,Perempuan,7+,13-14,31+,0
Enrolled,Management (Evening),Beasiswa,Lunas,Tidak Menunggak,Perempuan,5-6,13-14,24-30,0
Dropout,Journalism & Communication,Tidak Beasiswa,Belum Lunas,Menunggak,Perempuan,0,0,24-30,1
Dropout,Communication Design,Tidak Beasiswa,Belum Lunas,Tidak Menunggak,Perempuan,0,0,15-20,1
Dropout,Tourism,Tidak Beasiswa,Lunas,Tidak Menunggak,Perempuan,0,0,15-20,1
Dropout,Management,Tidak Beasiswa,Belum Lunas,Menunggak,Perempuan,3-4,11-12,15-20,1
Enrolled,Social Service,Tidak Beasiswa,Belum Lunas,Menunggak,Perempuan,3-4,1-10,21-23,0
Graduate,Nursing,Beasiswa,Lunas,Tidak Menunggak,Perempuan,5-6,13-14,15-20,0
Dropout,Veterinary Nursing,Tidak Beasiswa,Lunas,Tidak Menunggak,Perempuan,0,0,24-30,1
Graduate,Communication Design,Tidak Beasiswa,Lunas,Tidak Menunggak,Perempuan,5-6,11-12,15-20,0
Graduate,Tourism,Beasiswa,Lunas,Tidak Menunggak,Perempuan,5-6,13-14,21-23,0
Enrolled,Social Service (Evening),Tidak Beasiswa,Lunas,Tidak Menunggak,Perempuan,1-2,1-10,21-23,0
Dropout,Management,Tidak Beasiswa,Lunas,Tidak Menunggak,Perempuan,0,0,24-30,1
Dropout,Basic Education,Tidak Beasiswa,Lunas,Tidak Menunggak,Perempuan,0,0,21-23,1
Graduate,Nursing,Tidak Beasiswa,Lunas,Tidak Menunggak,Perempuan,7+,13-14,15-20,0
Dropout,Management (Evening),Tidak Beasiswa,Lunas,Tidak Menunggak,Perempuan,0,0,24-30,1
Graduate,Nursing,Tidak Beasiswa,Lunas,Tidak Menunggak,Perempuan,7+,13-14,15-20,0
Dropout,Informatics Engineering,Tidak Beasiswa,Lunas,Tidak Menunggak,Perempuan,0,0,31+,1
Graduate,Basic Education,Tidak Beasiswa,Lunas,Tidak Menunggak,Perempuan,7+,15+,15-20,0
Enrolled,Nursing,Tidak Beasiswa,Lunas,Tidak Menunggak,Perempuan,3-4,11-12,31+,0
Graduate,Veterinary Nursing,Tidak Beasiswa,Lunas,Tidak Menunggak,Perempuan,3-4,15+,15-20,0
Graduate,Social Service,Tidak Beasiswa,Lunas,Tidak Menunggak,Perempuan,5-6,11-12,15-20,0
Graduate,Nursing,Tidak Beasiswa,Lunas,Tidak Menunggak,Perempuan,7+,13-14,15-20,0
Graduate,Social Service,Tidak Beasiswa,Lunas,Menunggak,Perempuan,5-6,11-12,21-23,0
Graduate,Social Service,Beasiswa,Lunas,Tidak Menunggak,Perempuan,3-4,11-12,15-20,0
Graduate,Social Service,Tidak Beasiswa,Lunas,Tidak Menunggak,Perempuan,3-4,11-12,15-20,0
Graduate,Nursing,Tidak Beasiswa,Lunas,Tidak Menunggak,Perempuan,7+,13-14,15-20,0
Graduate,Journalism & Communication,Beasiswa,Lunas,Tidak Menunggak,Perempuan,5-6,15+,15-20,0
Graduate,Veterinary Nursing,Tidak Beasiswa,Lunas,Tidak Menunggak,Perempuan,5-6,13-14,15-20,0
Dropout,Tourism,Beasiswa,Lunas,Tidak Menunggak,Perempuan,5-6,13-14,31+,1
Graduate,Nursing,Beasiswa,Lunas,Tidak Menunggak,Perempuan,7+,13-14,15-20,0
Graduate,Nursing,Beasiswa,Lunas,Tidak Menunggak,Perempuan,5-6,13-14,15-20,0
Graduate,Equinculture,Beasiswa,Lunas,Tidak Menunggak,Perempuan,5-6,15+,15-20,0
Dropout,Management (Evening),Beasiswa,Lunas,Tidak Menunggak,Perempuan,0,0,24-30,1
Graduate,Journalism & Communication,Tidak Beasiswa,Lunas,Tidak Menunggak,Perempuan,5-6,11-12,21-23,0
Enrolled,Oral Hygiene,Tidak Beasiswa,Lunas,Tidak Menunggak,Perempuan,7+,13-14,24-30,0
Graduate,Management,Beasiswa,Lunas,Tidak Menunggak,Perempuan,5-6,11-12,15-20,0
Dropout,Social Service (Evening),Tidak Beasiswa,Lunas,Tidak Menunggak,Perempuan,0,0,24-30,1
Dropout,Social Service (Evening),Beasiswa,Lunas,Tidak Menunggak,Perempuan,0,0,24-30,1
Dropout,Veterinary Nursing,Tidak Beasiswa,Lunas,Tidak Menunggak,Perempuan,1-2,13-14,21-23,1
Graduate,Management,Beasiswa,Lunas,Tidak Menunggak,Perempuan,3-4,13-14,15-20,0
Graduate,Basic Education,Beasiswa,Lunas,Tidak Menunggak,Perempuan,5-6,15+,15-20,0
Dropout,Tourism,Tidak Beasiswa,Lunas,Tidak Menunggak,Perempuan,1-2,13-14,15-20,1
Graduate,Nursing,Beasiswa,Lunas,Tidak Menunggak,Perempuan,7+,13-14,15-20,0
Graduate,Nursing,Beasiswa,Lunas,Tidak Menunggak,Perempuan,7+,15+,15-20,0
Graduate,Management (Evening),Tidak Beasiswa,Lunas,Tidak Menunggak,Perempuan,5-6,15+,31+,0
Graduate,Management,Tidak Beasiswa,Lunas,Tidak Menunggak,Perempuan,5-6,13-14,31+,0
Graduate,Social Service,Beasiswa,Lunas,Tidak Menunggak,Perempuan,5-6,13-14,15-20,0
Dropout,Advertising & Marketing Mgmt,Tidak Beasiswa,Lunas,Tidak Menunggak,Perempuan,0,0,24-30,1
Graduate,Nursing,Beasiswa,Lunas,Tidak Menunggak,Perempuan,7+,11-12,15-20,0
Graduate,Tourism,Tidak Beasiswa,Lunas,Tidak Menunggak,Perempuan,3-4,13-14,15-20,0
Dropout,Tourism,Tidak Beasiswa,Lunas,Tidak Menunggak,Perempuan,0,0,31+,1
Graduate,Advertising & Marketing Mgmt,Tidak Beasiswa,Lunas,Tidak Menunggak,Perempuan,5-6,13-14,15-20,0
Graduate,Tourism,Beasiswa,Lunas,Tidak Menunggak,Perempuan,5-6,11-12,21-23,0
Dropout,Management,Tidak Beasiswa,Lunas,Tidak Menunggak,Perempuan,1-2,15+,21-23,1
Graduate,Social Service,Beasiswa,Lunas,Tidak Menunggak,Perempuan,5-6,13-14,21-23,0
Graduate,Basic Education,Beasiswa,Lunas,Tidak Menunggak,Perempuan,5-6,13-14,15-20,0
Graduate,Social Service,Beasiswa,Lunas,Tidak Menunggak,Perempuan,5-6,11-12,15-20,0
Dropout,Equinculture,Tidak Beasiswa,Belum Lunas,Tidak Menunggak,Perempuan,3-4,15+,24-30,1
Dropout,Veterinary Nursing,Tidak Beasiswa,Belum Lunas,Menunggak,Perempuan,3-4,11-12,24-30,1
Enrolled,Nursing,Tidak Beasiswa,Lunas,Tidak Menunggak,Perempuan,7+,11-12,15-20,0
Enrolled,Animation & Multimedia Design,Tidak Beasiswa,Lunas,Tidak Menunggak,Perempuan,7+,13-14,24-30,0
Graduate,Management,Beasiswa,Lunas,Tidak Menunggak,Perempuan,5-6,13-14,15-20,0
Dropout,Management,Tidak Beasiswa,Belum Lunas,Tidak Menunggak,Perempuan,0,0,24-30,1
Graduate,Management,Beasiswa,Lunas,Tidak Menunggak,Perempuan,7+,13-14,15-20,0
Graduate,Nursing,Tidak Beasiswa,Lunas,Tidak Menunggak,Perempuan,7+,13-14,21-23,0
Graduate,Nursing,Beasiswa,Lunas,Tidak Menunggak,Perempuan,7+,13-14,15-20,0
Dropout,Agronomy,Tidak Beasiswa,Belum Lunas,Menunggak,Perempuan,3-4,11-12,24-30,1
Graduate,Tourism,Tidak Beasiswa,Lunas,Tidak Menunggak,Perempuan,3-4,13-14,21-23,0
Graduate,Advertising & Marketing Mgmt,Beasiswa,Lunas,Tidak Menunggak,Perempuan,5-6,15+,15-20,0
Enrolled,Communication Design,Tidak Beasiswa,Lunas,Tidak Menunggak,Perempuan,5-6,13-14,15-20,0
Dropout,Journalism & Communication,Beasiswa,Lunas,Tidak Menunggak,Perempuan,5-6,13-14,15-20,1
Graduate,Veterinary Nursing,Tidak Beasiswa,Lunas,Tidak Menunggak,Perempuan,5-6,13-14,15-20,0
Enrolled,Journalism & Communication,Tidak Beasiswa,Lunas,Tidak Menunggak,Perempuan,0,0,15-20,0
Graduate,Management,Tidak Beasiswa,Lunas,Tidak Menunggak,Perempuan,5-6,11-12,15-20,0
Dropout,Oral Hygiene,Beasiswa,Belum Lunas,Menunggak,Perempuan,0,0,31+,1
Graduate,Management (Evening),Tidak Beasiswa,Lunas,Tidak Menunggak,Perempuan,5-6,13-14,24-30,0
Enrolled,Communication Design,Tidak Beasiswa,Lunas,Tidak Menunggak,Perempuan,5-6,13-14,15-20,0
Graduate,Social Service,Beasiswa,Lunas,Tidak Menunggak,Perempuan,5-6,13-14,15-20,0
Dropout,Social Service,Tidak Beasiswa,Belum Lunas,Menunggak,Perempuan,1-2,13-14,21-23,1
Graduate,Tourism,Beasiswa,Lunas,Tidak Menunggak,Perempuan,5-6,11-12,15-20,0
Dropout,Social Service (Evening),Tidak Beasiswa,Lunas,Tidak Menunggak,Perempuan,0,0,31+,1
Dropout,Informatics Engineering,Tidak Beasiswa,Belum Lunas,Menunggak,Perempuan,5-6,13-14,24-30,1
Graduate,Social Service,Tidak Beasiswa,Lunas,Tidak Menunggak,Perempuan,5-6,13-14,15-20,0
Graduate,Social Service,Tidak Beasiswa,Lunas,Tidak Menunggak,Perempuan,5-6,11-12,15-20,0
Graduate,Journalism & Communication,Tidak Beasiswa,Lunas,Tidak Menunggak,Perempuan,3-4,11-12,15-20,0
Graduate,Nursing,Tidak Beasiswa,Lunas,Tidak Menunggak,Perempuan,7+,15+,15-20,0
Graduate,Journalism & Communication,Beasiswa,Lunas,Tidak Menunggak,Perempuan,5-6,13-14,15-20,0
Graduate,Communication Design,Beasiswa,Lunas,Tidak Menunggak,Perempuan,5-6,13-14,15-20,0
Graduate,Nursing,Beasiswa,Lunas,Tidak Menunggak,Perempuan,7+,13-14,15-20,0
Graduate,Agronomy,Beasiswa,Lunas,Tidak Menunggak,Perempuan,5-6,13-14,21-23,0
Dropout,Management,Tidak Beasiswa,Belum Lunas,Tidak Menunggak,Perempuan,1-2,13-14,15-20,1
Graduate,Management,Tidak Beasiswa,Lunas,Tidak Menunggak,Perempuan,5-6,13-14,15-20,0
Graduate,Nursing,Tidak Beasiswa,Lunas,Tidak Menunggak,Perempuan,7+,13-14,15-20,0
Graduate,Social Service,Tidak Beasiswa,Lunas,Tidak Menunggak,Perempuan,5-6,15+,15-20,0
Graduate,Nursing,Tidak Beasiswa,Lunas,Tidak Menunggak,Perempuan,7+,15+,15-20,0
Dropout,Basic Education,Tidak Beasiswa,Lunas,Tidak Menunggak,Perempuan,3-4,11-12,15-20,1
Dropout,Equinculture,Tidak Beasiswa,Belum Lunas,Menunggak,Perempuan,5-6,13-14,24-30,1
Enrolled,Nursing,Beasiswa,Lunas,Tidak Menunggak,Perempuan,7+,13-14,15-20,0
Graduate,Nursing,Beasiswa,Lunas,Tidak Menunggak,Perempuan,7+,13-14,15-20,0
Graduate,Management,Beasiswa,Lunas,Tidak Menunggak,Perempuan,3-4,11-12,21-23,0
Graduate,Social Service (Evening),Beasiswa,Lunas,Tidak Menunggak,Perempuan,5-6,15+,31+,0
Graduate,Management (Evening),Tidak Beasiswa,Lunas,Tidak Menunggak,Perempuan,5-6,13-14,31+,0
Graduate,Communication Design,Beasiswa,Lunas,Tidak Menunggak,Perempuan,5-6,13-14,21-23,0
Graduate,Social Service (Evening),Tidak Beasiswa,Lunas,Tidak Menunggak,Perempuan,5-6,11-12,21-23,0
Graduate,Journalism & Communication,Tidak Beasiswa,Lunas,Tidak Menunggak,Perempuan,5-6,13-14,24-30,0
Enrolled,Communication Design,Tidak Beasiswa,Lunas,Tidak Menunggak,Perempuan,5-6,13-14,15-20,0
Graduate,Social Service (Evening),Tidak Beasiswa,Lunas,Tidak Menunggak,Perempuan,3-4,11-12,31+,0
Graduate,Social Service (Evening),Beasiswa,Lunas,Tidak Menunggak,Perempuan,5-6,11-12,15-20,0
Graduate,Nursing,Tidak Beasiswa,Lunas,Tidak Menunggak,Perempuan,7+,13-14,24-30,0
Graduate,Veterinary Nursing,Tidak Beasiswa,Lunas,Tidak Menunggak,Perempuan,5-6,15+,15-20,0
Graduate,Agronomy,Beasiswa,Lunas,Menunggak,Perempuan,5-6,13-14,15-20,0
Enrolled,Agronomy,Tidak Beasiswa,Lunas,Tidak Menunggak,Perempuan,5-6,13-14,24-30,0
Graduate,Social Service,Beasiswa,Lunas,Tidak Menunggak,Perempuan,5-6,11-12,15-20,0
Dropout,Communication Design,Beasiswa,Lunas,Tidak Menunggak,Perempuan,1-2,11-12,15-20,1
Graduate,Nursing,Beasiswa,Lunas,Tidak Menunggak,Perempuan,7+,15+,15-20,0
Graduate,Journalism & Communication,Beasiswa,Lunas,Tidak Menunggak,Perempuan,5-6,13-14,15-20,0
Graduate,Social Service,Tidak Beasiswa,Lunas,Tidak Menunggak,Perempuan,5-6,13-14,15-20,0
Graduate,Oral Hygiene,Tidak Beasiswa,Lunas,Tidak Menunggak,Perempuan,7+,13-14,15-20,0
Graduate,Nursing,Tidak Beasiswa,Lunas,Tidak Menunggak,Perempuan,7+,13-14,15-20,0
Graduate,Advertising & Marketing Mgmt,Tidak Beasiswa,Lunas,Tidak Menunggak,Perempuan,5-6,13-14,15-20,0
Graduate,Veterinary Nursing,Beasiswa,Lunas,Tidak Menunggak,Perempuan,5-6,13-14,21-23,0
Graduate,Nursing,Beasiswa,Lunas,Tidak Menunggak,Perempuan,7+,15+,15-20,0
Dropout,Advertising & Marketing Mgmt,Tidak Beasiswa,Belum Lunas,Menunggak,Perempuan,3-4,11-12,15-20,1
Dropout,Social Service,Tidak Beasiswa,Lunas,Tidak Menunggak,Perempuan,0,0,15-20,1
Enrolled,Advertising & Marketing Mgmt,Tidak Beasiswa,Lunas,Tidak Menunggak,Perempuan,3-4,11-12,15-20,0
Graduate,Advertising & Marketing Mgmt,Tidak Beasiswa,Lunas,Tidak Menunggak,Perempuan,3-4,15+,15-20,0
Dropout,Equinculture,Tidak Beasiswa,Lunas,Tidak Menunggak,Perempuan,0,0,31+,1
Graduate,Veterinary Nursing,Tidak Beasiswa,Lunas,Tidak Menunggak,Perempuan,5-6,13-14,15-20,0
Dropout,Equinculture,Tidak Beasiswa,Belum Lunas,Menunggak,Perempuan,1-2,11-12,15-20,1
Graduate,Social Service,Tidak Beasiswa,Lunas,Menunggak,Perempuan,5-6,15+,24-30,0
Dropout,Basic Education,Tidak Beasiswa,Lunas,Tidak Menunggak,Perempuan,3-4,11-12,21-23,1
Graduate,Management,Beasiswa,Lunas,Tidak Menunggak,Perempuan,5-6,11-12,15-20,0
Graduate,Basic Education,Beasiswa,Lunas,Tidak Menunggak,Perempuan,5-6,13-14,15-20,0
Dropout,Management,Tidak Beasiswa,Lunas,Tidak Menunggak,Perempuan,0,0,24-30,1
Graduate,Management,Tidak Beasiswa,Lunas,Tidak Menunggak,Perempuan,5-6,15+,15-20,0
Graduate,Nursing,Beasiswa,Lunas,Tidak Menunggak,Perempuan,7+,15+,15-20,0
Graduate,Nursing,Tidak Beasiswa,Lunas,Tidak Menunggak,Perempuan,7+,15+,15-20,0
Graduate,Social Service,Beasiswa,Lunas,Tidak Menunggak,Perempuan,5-6,11-12,15-20,0
Enrolled,Nursing,Tidak Beasiswa,Lunas,Tidak Menunggak,Perempuan,5-6,13-14,15-20,0
Dropout,Veterinary Nursing,Tidak Beasiswa,Belum Lunas,Menunggak,Perempuan,0,0,24-30,1
Graduate,Nursing,Beasiswa,Lunas,Tidak Menunggak,Perempuan,7+,13-14,15-20,0
Graduate,Nursing,Tidak Beasiswa,Lunas,Tidak Menunggak,Perempuan,7+,15+,15-20,0
Graduate,Management,Tidak Beasiswa,Lunas,Tidak Menunggak,Perempuan,7+,11-12,15-20,0
Enrolled,Veterinary Nursing,Tidak Beasiswa,Lunas,Tidak Menunggak,Perempuan,3-4,13-14,15-20,0
Graduate,Tourism,Tidak Beasiswa,Lunas,Tidak Menunggak,Perempuan,3-4,11-12,15-20,0
Graduate,Nursing,Tidak Beasiswa,Lunas,Tidak Menunggak,Perempuan,5-6,13-14,15-20,0
Graduate,Social Service,Tidak Beasiswa,Lunas,Menunggak,Perempuan,5-6,11-12,15-20,0
Enrolled,Basic Education,Tidak Beasiswa,Lunas,Tidak Menunggak,Perempuan,5-6,11-12,15-20,0
Enrolled,Veterinary Nursing,Tidak Beasiswa,Lunas,Tidak Menunggak,Perempuan,5-6,11-12,15-20,0
Enrolled,Basic Education,Tidak Beasiswa,Lunas,Tidak Menunggak,Perempuan,5-6,13-14,15-20,0
Dropout,Informatics Engineering,Tidak Beasiswa,Lunas,Menunggak,Perempuan,0,0,24-30,1
Graduate,Social Service,Tidak Beasiswa,Lunas,Tidak Menunggak,Perempuan,5-6,13-14,15-20,0
Graduate,Social Service (Evening),Tidak Beasiswa,Lunas,Tidak Menunggak,Perempuan,5-6,11-12,15-20,0
Graduate,Social Service,Beasiswa,Lunas,Tidak Menunggak,Perempuan,5-6,13-14,15-20,0
Graduate,Social Service,Tidak Beasiswa,Lunas,Tidak Menunggak,Perempuan,5-6,15+,15-20,0
Graduate,Basic Education,Tidak Beasiswa,Lunas,Menunggak,Perempuan,7+,15+,31+,0
Graduate,Nursing,Beasiswa,Lunas,Tidak Menunggak,Perempuan,7+,13-14,15-20,0
Graduate,Social Service,Tidak Beasiswa,Lunas,Tidak Menunggak,Perempuan,5-6,13-14,15-20,0
Graduate,Equinculture,Tidak Beasiswa,Lunas,Tidak Menunggak,Perempuan,3-4,13-14,15-20,0
Enrolled,Veterinary Nursing,Tidak Beasiswa,Lunas,Tidak Menunggak,Perempuan,3-4,11-12,15-20,0
Dropout,Animation & Multimedia Design,Tidak Beasiswa,Lunas,Tidak Menunggak,Perempuan,0,0,15-20,1
Graduate,Social Service (Evening),Tidak Beasiswa,Lunas,Tidak Menunggak,Perempuan,5-6,13-14,31+,0
Graduate,Agronomy,Tidak Beasiswa,Lunas,Tidak Menunggak,Perempuan,5-6,13-14,31+,0
Enrolled,Management,Tidak Beasiswa,Lunas,Tidak Menunggak,Perempuan,1-2,11-12,24-30,0
Graduate,Journalism & Communication,Tidak Beasiswa,Lunas,Tidak Menunggak,Perempuan,5-6,13-14,15-20,0
Enrolled,Social Service,Tidak Beasiswa,Lunas,Tidak Menunggak,Perempuan,7+,13-14,31+,0
Graduate,Management (Evening),Tidak Beasiswa,Lunas,Tidak Menunggak,Perempuan,5-6,11-12,31+,0
Graduate,Social Service,Tidak Beasiswa,Lunas,Tidak Menunggak,Perempuan,5-6,13-14,31+,0
Enrolled,Social Service (Evening),Tidak Beasiswa,Lunas,Tidak Menunggak,Perempuan,3-4,11-12,15-20,0
Dropout,Tourism,Tidak Beasiswa,Lunas,Tidak Menunggak,Perempuan,3-4,11-12,24-30,1
Graduate,Journalism & Communication,Beasiswa,Lunas,Tidak Menunggak,Perempuan,5-6,13-14,15-20,0
Dropout,Animation & Multimedia Design,Tidak Beasiswa,Belum Lunas,Tidak Menunggak,Perempuan,0,0,15-20,1
Graduate,Nursing,Beasiswa,Lunas,Menunggak,Perempuan,5-6,15+,15-20,0
Dropout,Tourism,Tidak Beasiswa,Belum Lunas,Menunggak,Perempuan,0,0,21-23,1
Graduate,Veterinary Nursing,Tidak Beasiswa,Lunas,Tidak Menunggak,Perempuan,5-6,15+,15-20,0
Graduate,Nursing,Tidak Beasiswa,Lunas,Tidak Menunggak,Perempuan,7+,13-14,24-30,0
Dropout,Management (Evening),Tidak Beasiswa,Lunas,Tidak Menunggak,Perempuan,0,0,31+,1
Enrolled,Agronomy,Beasiswa,Lunas,Menunggak,Perempuan,0,0,24-30,0
Dropout,Veterinary Nursing,Tidak Beasiswa,Lunas,Tidak Menunggak,Perempuan,0,0,24-30,1
Graduate,Basic Education,Tidak Beasiswa,Lunas,Tidak Menunggak,Perempuan,5-6,11-12,15-20,0
Dropout,Journalism & Communication,Tidak Beasiswa,Lunas,Menunggak,Perempuan,1-2,1-10,15-20,1
Enrolled,Management,Tidak Beasiswa,Lunas,Tidak Menunggak,Perempuan,3-4,11-12,15-20,0
Graduate,Veterinary Nursing,Beasiswa,Lunas,Tidak Menunggak,Perempuan,7+,13-14,21-23,0
Enrolled,Nursing,Tidak Beasiswa,Lunas,Tidak Menunggak,Perempuan,5-6,13-14,15-20,0
Graduate,Veterinary Nursing,Beasiswa,Lunas,Tidak Menunggak,Perempuan,5-6,15+,21-23,0
Graduate,Nursing,Beasiswa,Lunas,Tidak Menunggak,Perempuan,5-6,15+,21-23,0
Enrolled,Veterinary Nursing,Tidak Beasiswa,Lunas,Tidak Menunggak,Perempuan,5-6,11-12,15-20,0
Graduate,Basic Education,Beasiswa,Lunas,Tidak Menunggak,Perempuan,5-6,13-14,15-20,0
Dropout,Nursing,Tidak Beasiswa,Lunas,Tidak Menunggak,Perempuan,7+,13-14,15-20,1
Graduate,Social Service (Evening),Tidak Beasiswa,Lunas,Tidak Menunggak,Perempuan,7+,13-14,31+,0
Enrolled,Management (Evening),Beasiswa,Lunas,Tidak Menunggak,Perempuan,3-4,11-12,31+,0
Graduate,Journalism & Communication,Beasiswa,Lunas,Tidak Menunggak,Perempuan,5-6,15+,15-20,0
Graduate,Management (Evening),Tidak Beasiswa,Lunas,Tidak Menunggak,Perempuan,5-6,13-14,31+,0
Dropout,Veterinary Nursing,Tidak Beasiswa,Lunas,Tidak Menunggak,Perempuan,0,0,31+,1
Enrolled,Social Service (Evening),Tidak Beasiswa,Lunas,Menunggak,Perempuan,7+,13-14,31+,0
Dropout,Management,Tidak Beasiswa,Belum Lunas,Tidak Menunggak,Perempuan,0,0,31+,1
Graduate,Nursing,Beasiswa,Lunas,Tidak Menunggak,Perempuan,7+,15+,15-20,0
Enrolled,Basic Education,Beasiswa,Belum Lunas,Tidak Menunggak,Perempuan,5-6,13-14,15-20,0
Enrolled,Veterinary Nursing,Tidak Beasiswa,Lunas,Tidak Menunggak,Perempuan,1-2,13-14,21-23,0
Dropout,Nursing,Beasiswa,Lunas,Tidak Menunggak,Perempuan,5-6,11-12,24-30,1
Enrolled,Nursing,Tidak Beasiswa,Lunas,Tidak Menunggak,Perempuan,7+,13-14,15-20,0
Enrolled,Social Service,Tidak Beasiswa,Lunas,Tidak Menunggak,Perempuan,3-4,11-12,15-20,0
Graduate,Basic Education,Beasiswa,Lunas,Tidak Menunggak,Perempuan,5-6,13-14,15-20,0
Graduate,Management,Tidak Beasiswa,Lunas,Tidak Menunggak,Perempuan,7+,11-12,15-20,0
Graduate,Social Service,Tidak Beasiswa,Lunas,Tidak Menunggak,Perempuan,5-6,11-12,15-20,0
Graduate,Basic Education,Tidak Beasiswa,Lunas,Tidak Menunggak,Perempuan,5-6,13-14,15-20,0
Graduate,Management (Evening),Tidak Beasiswa,Lunas,Tidak Menunggak,Perempuan,7+,11-12,24-30,0
Enrolled,Basic Education,Tidak Beasiswa,Lunas,Tidak Menunggak,Perempuan,5-6,13-14,21-23,0
Graduate,Social Service (Evening),Beasiswa,Lunas,Tidak Menunggak,Perempuan,5-6,15+,21-23,0
Enrolled,Veterinary Nursing,Tidak Beasiswa,Lunas,Tidak Menunggak,Perempuan,1-2,11-12,21-23,0
Enrolled,Nursing,Tidak Beasiswa,Lunas,Tidak Menunggak,Perempuan,5-6,13-14,24-30,0
Dropout,Journalism & Communication,Tidak Beasiswa,Belum Lunas,Menunggak,Perempuan,5-6,11-12,15-20,1
Dropout,Veterinary Nursing,Tidak Beasiswa,Belum Lunas,Tidak Menunggak,Perempuan,1-2,13-14,15-20,1
Graduate,Veterinary Nursing,Tidak Beasiswa,Lunas,Tidak Menunggak,Perempuan,5-6,13-14,15-20,0
Graduate,Nursing,Beasiswa,Lunas,Tidak Menunggak,Perempuan,7+,13-14,15-20,0
Graduate,Social Service,Tidak Beasiswa,Lunas,Tidak Menunggak,Perempuan,7+,11-12,15-20,0
Graduate,Veterinary Nursing,Beasiswa,Lunas,Tidak Menunggak,Perempuan,3-4,11-12,21-23,0
Dropout,Advertising & Marketing Mgmt,Tidak Beasiswa,Lunas,Menunggak,Perempuan,3-4,13-14,15-20,1
Dropout,Management,Tidak Beasiswa,Lunas,Tidak Menunggak,Perempuan,0,0,15-20,1
Enrolled,Communication Design,Beasiswa,Lunas,Tidak Menunggak,Perempuan,3-4,11-12,15-20,0
Enrolled,Tourism,Tidak Beasiswa,Lunas,Tidak Menunggak,Perempuan,3-4,11-12,15-20,0
Enrolled,Journalism & Communication,Tidak Beasiswa,Lunas,Tidak Menunggak,Perempuan,3-4,11-12,15-20,0
Enrolled,Tourism,Tidak Beasiswa,Lunas,Tidak Menunggak,Perempuan,3-4,13-14,15-20,0
Graduate,Nursing,Tidak Beasiswa,Lunas,Tidak Menunggak,Perempuan,7+,15+,15-20,0
Graduate,Animation & Multimedia Design,Tidak Beasiswa,Lunas,Tidak Menunggak,Perempuan,0,0,15-20,0
Graduate,Communication Design,Tidak Beasiswa,Lunas,Tidak Menunggak,Perempuan,7+,15+,21-23,0
Graduate,Management (Evening),Tidak Beasiswa,Lunas,Tidak Menunggak,Perempuan,5-6,15+,24-30,0
Graduate,Social Service,Tidak Beasiswa,Lunas,Tidak Menunggak,Perempuan,5-6,15+,15-20,0
Dropout,Veterinary Nursing,Tidak Beasiswa,Lunas,Tidak Menunggak,Perempuan,0,0,24-30,1
Graduate,Nursing,Beasiswa,Lunas,Tidak Menunggak,Perempuan,7+,15+,15-20,0
Graduate,Nursing,Tidak Beasiswa,Lunas,Tidak Menunggak,Perempuan,7+,13-14,24-30,0
Graduate,Nursing,Tidak Beasiswa,Lunas,Tidak Menunggak,Perempuan,7+,15+,15-20,0
Graduate,Management (Evening),Tidak Beasiswa,Lunas,Tidak Menunggak,Perempuan,5-6,15+,24-30,0
Graduate,Social Service,Beasiswa,Lunas,Tidak Menunggak,Perempuan,5-6,11-12,15-20,0
Graduate,Veterinary Nursing,Tidak Beasiswa,Lunas,Tidak Menunggak,Perempuan,5-6,15+,15-20,0
Graduate,Veterinary Nursing,Tidak Beasiswa,Lunas,Tidak Menunggak,Perempuan,5-6,13-14,15-20,0
Dropout,Basic Education,Tidak Beasiswa,Lunas,Tidak Menunggak,Perempuan,3-4,11-12,21-23,1
Graduate,Nursing,Beasiswa,Lunas,Tidak Menunggak,Perempuan,5-6,11-12,15-20,0
Dropout,Nursing,Tidak Beasiswa,Lunas,Tidak Menunggak,Perempuan,0,0,15-20,1
Graduate,Nursing,Beasiswa,Lunas,Tidak Menunggak,Perempuan,7+,13-14,15-20,0
Graduate,Management (Evening),Tidak Beasiswa,Lunas,Tidak Menunggak,Perempuan,5-6,15+,24-30,0
Dropout,Veterinary Nursing,Tidak Beasiswa,Lunas,Tidak Menunggak,Perempuan,0,0,24-30,1
Graduate,Nursing,Tidak Beasiswa,Lunas,Tidak Menunggak,Perempuan,7+,13-14,15-20,0
Graduate,Oral Hygiene,Tidak Beasiswa,Lunas,Tidak Menunggak,Perempuan,7+,15+,15-20,0
Graduate,Nursing,Tidak Beasiswa,Lunas,Tidak Menunggak,Perempuan,5-6,13-14,15-20,0
Graduate,Advertising & Marketing Mgmt,Tidak Beasiswa,Lunas,Tidak Menunggak,Perempuan,5-6,13-14,15-20,0
Enrolled,Management,Tidak Beasiswa,Lunas,Tidak Menunggak,Perempuan,1-2,11-12,15-20,0
Dropout,Veterinary Nursing,Tidak Beasiswa,Lunas,Tidak Menunggak,Perempuan,0,0,21-23,1
Graduate,Advertising & Marketing Mgmt,Tidak Beasiswa,Lunas,Tidak Menunggak,Perempuan,3-4,15+,15-20,0
Graduate,Nursing,Beasiswa,Lunas,Tidak Menunggak,Perempuan,7+,13-14,15-20,0
Graduate,Social Service (Evening),Beasiswa,Lunas,Tidak Menunggak,Perempuan,5-6,13-14,24-30,0
Graduate,Management,Beasiswa,Lunas,Tidak Menunggak,Perempuan,5-6,13-14,15-20,0
Dropout,Nursing,Beasiswa,Lunas,Tidak Menunggak,Perempuan,0,0,15-20,1
Graduate,Journalism & Communication,Tidak Beasiswa,Lunas,Tidak Menunggak,Perempuan,5-6,15+,15-20,0
Graduate,Nursing,Beasiswa,Lunas,Tidak Menunggak,Perempuan,7+,13-14,15-20,0
Enrolled,Tourism,Beasiswa,Lunas,Tidak Menunggak,Perempuan,5-6,11-12,15-20,0
Graduate,Advertising & Marketing Mgmt,Beasiswa,Lunas,Tidak Menunggak,Perempuan,5-6,13-14,15-20,0
Dropout,Advertising & Marketing Mgmt,Tidak Beasiswa,Lunas,Tidak Menunggak,Perempuan,0,0,15-20,1
Graduate,Nursing,Tidak Beasiswa,Lunas,Tidak Menunggak,Perempuan,5-6,11-12,31+,0
Enrolled,Oral Hygiene,Tidak Beasiswa,Lunas,Tidak Menunggak,Perempuan,1-2,15+,15-20,0
Enrolled,Equinculture,Tidak Beasiswa,Lunas,Menunggak,Perempuan,3-4,11-12,15-20,0
Graduate,Nursing,Tidak Beasiswa,Lunas,Tidak Menunggak,Perempuan,7+,13-14,15-20,0
Graduate,Nursing,Beasiswa,Lunas,Tidak Menunggak,Perempuan,7+,13-14,15-20,0
Graduate,Advertising & Marketing Mgmt,Tidak Beasiswa,Lunas,Tidak Menunggak,Perempuan,3-4,11-12,15-20,0
Graduate,Social Service,Beasiswa,Lunas,Tidak Menunggak,Perempuan,5-6,15+,15-20,0
Graduate,Nursing,Beasiswa,Lunas,Tidak Menunggak,Perempuan,7+,15+,15-20,0
Dropout,Nursing,Tidak Beasiswa,Lunas,Tidak Menunggak,Perempuan,7+,15+,15-20,1
Graduate,Journalism & Communication,Tidak Beasiswa,Lunas,Tidak Menunggak,Perempuan,5-6,13-14,15-20,0
Enrolled,Tourism,Beasiswa,Lunas,Tidak Menunggak,Perempuan,5-6,13-14,15-20,0
Graduate,Nursing,Tidak Beasiswa,Lunas,Tidak Menunggak,Perempuan,7+,15+,15-20,0
Graduate,Nursing,Beasiswa,Lunas,Tidak Menunggak,Perempuan,7+,13-14,15-20,0
Graduate,Nursing,Tidak Beasiswa,Lunas,Tidak Menunggak,Perempuan,7+,13-14,15-20,0
Graduate,Veterinary Nursing,Tidak Beasiswa,Lunas,Tidak Menunggak,Perempuan,5-6,13-14,15-20,0
Enrolled,Management,Tidak Beasiswa,Lunas,Tidak Menunggak,Perempuan,3-4,11-12,15-20,0
Graduate,Social Service (Evening),Tidak Beasiswa,Lunas,Tidak Menunggak,Perempuan,1-2,11-12,31+,0
Dropout,Agronomy,Tidak Beasiswa,Lunas,Tidak Menunggak,Perempuan,0,0,31+,1
Dropout,Basic Education,Tidak Beasiswa,Lunas,Tidak Menunggak,Perempuan,5-6,11-12,21-23,1
Graduate,Agronomy,Tidak Beasiswa,Lunas,Tidak Menunggak,Perempuan,7+,15+,31+,0
Graduate,Journalism & Communication,Beasiswa,Lunas,Tidak Menunggak,Perempuan,5-6,13-14,15-20,0
Graduate,Equinculture,Tidak Beasiswa,Lunas,Tidak Menunggak,Perempuan,5-6,15+,15-20,0
Graduate,Communication Design,Beasiswa,Lunas,Tidak Menunggak,Perempuan,7+,13-14,15-20,0
Graduate,Social Service,Tidak Beasiswa,Lunas,Tidak Menunggak,Perempuan,3-4,11-12,15-20,0
Graduate,Management,Tidak Beasiswa,Lunas,Menunggak,Perempuan,5-6,13-14,24-30,0
Enrolled,Social Service,Tidak Beasiswa,Lunas,Tidak Menunggak,Perempuan,3-4,11-12,15-20,0
Dropout,Social Service (Evening),Tidak Beasiswa,Lunas,Tidak Menunggak,Perempuan,5-6,11-12,24-30,1
Enrolled,Basic Education,Tidak Beasiswa,Lunas,Tidak Menunggak,Perempuan,7+,13-14,15-20,0
Graduate,Social Service,Beasiswa,Lunas,Tidak Menunggak,Perempuan,7+,13-14,21-23,0
Graduate,Nursing,Beasiswa,Lunas,Tidak Menunggak,Perempuan,7+,13-14,15-20,0
Graduate,Social Service,Beasiswa,Lunas,Tidak Menunggak,Perempuan,5-6,13-14,15-20,0
Graduate,Nursing,Beasiswa,Lunas,Tidak Menunggak,Perempuan,7+,13-14,15-20,0
Graduate,Tourism,Beasiswa,Lunas,Tidak Menunggak,Perempuan,5-6,11-12,15-20,0
Dropout,Advertising & Marketing Mgmt,Tidak Beasiswa,Lunas,Tidak Menunggak,Perempuan,5-6,13-14,21-23,1
Graduate,Nursing,Tidak Beasiswa,Lunas,Tidak Menunggak,Perempuan,5-6,13-14,15-20,0
Dropout,Tourism,Tidak Beasiswa,Belum Lunas,Tidak Menunggak,Perempuan,0,0,24-30,1
Graduate,Advertising & Marketing Mgmt,Tidak Beasiswa,Lunas,Tidak Menunggak,Perempuan,5-6,13-14,21-23,0
Dropout,Oral Hygiene,Tidak Beasiswa,Lunas,Tidak Menunggak,Perempuan,0,0,21-23,1
Dropout,Nursing,Tidak Beasiswa,Lunas,Tidak Menunggak,Perempuan,0,0,24-30,1
Graduate,Nursing,Tidak Beasiswa,Lunas,Tidak Menunggak,Perempuan,7+,13-14,15-20,0
Enrolled,Social Service,Beasiswa,Lunas,Tidak Menunggak,Perempuan,5-6,11-12,21-23,0
Graduate,Nursing,Tidak Beasiswa,Lunas,Tidak Menunggak,Perempuan,7+,15+,15-20,0
Graduate,Nursing,Beasiswa,Lunas,Tidak Menunggak,Perempuan,7+,15+,15-20,0
Dropout,Nursing,Tidak Beasiswa,Lunas,Tidak Menunggak,Perempuan,0,0,15-20,1
Enrolled,Veterinary Nursing,Tidak Beasiswa,Lunas,Tidak Menunggak,Perempuan,1-2,13-14,15-20,0
Graduate,Nursing,Beasiswa,Lunas,Tidak Menunggak,Perempuan,7+,13-14,15-20,0
Graduate,Basic Education,Beasiswa,Lunas,Tidak Menunggak,Perempuan,5-6,13-14,15-20,0
Dropout,Advertising & Marketing Mgmt,Tidak Beasiswa,Lunas,Tidak Menunggak,Perempuan,3-4,11-12,15-20,1
Dropout,Advertising & Marketing Mgmt,Tidak Beasiswa,Lunas,Tidak Menunggak,Perempuan,3-4,11-12,31+,1
Graduate,Nursing,Beasiswa,Lunas,Tidak Menunggak,Perempuan,7+,15+,15-20,0
Graduate,Nursing,Beasiswa,Lunas,Tidak Menunggak,Perempuan,7+,13-14,15-20,0
Graduate,Communication Design,Tidak Beasiswa,Lunas,Tidak Menunggak,Perempuan,5-6,11-12,21-23,0
Graduate,Advertising & Marketing Mgmt,Tidak Beasiswa,Lunas,Tidak Menunggak,Perempuan,5-6,13-14,15-20,0
Graduate,Nursing,Tidak Beasiswa,Lunas,Tidak Menunggak,Perempuan,5-6,13-14,15-20,0
Enrolled,Veterinary Nursing,Tidak Beasiswa,Lunas,Menunggak,Perempuan,3-4,11-12,21-23,0
Enrolled,Basic Education,Tidak Beasiswa,Lunas,Tidak Menunggak,Perempuan,5-6,13-14,15-20,0
Dropout,Equinculture,Tidak Beasiswa,Belum Lunas,Menunggak,Perempuan,1-2,11-12,24-30,1
Dropout,Oral Hygiene,Tidak Beasiswa,Lunas,Tidak Menunggak,Perempuan,0,0,24-30,1
Graduate,Tourism,Tidak Beasiswa,Lunas,Tidak Menunggak,Perempuan,5-6,13-14,15-20,0
Graduate,Communication Design,Tidak Beasiswa,Lunas,Tidak Menunggak,Perempuan,5-6,13-14,15-20,0
Graduate,Nursing,Tidak Beasiswa,Lunas,Tidak Menunggak,Perempuan,7+,13-14,15-20,0
Enrolled,Veterinary Nursing,Tidak Beasiswa,Lunas,Tidak Menunggak,Perempuan,5-6,13-14,15-20,0
Graduate,Tourism,Tidak Beasiswa,Lunas,Tidak Menunggak,Perempuan,5-6,15+,15-20,0
Enrolled,Communication Design,Tidak Beasiswa,Belum Lunas,Tidak Menunggak,Perempuan,3-4,11-12,15-20,0
Dropout,Veterinary Nursing,Tidak Beasiswa,Belum Lunas,Tidak Menunggak,Perempuan,0,0,24-30,1
Graduate,Nursing,Beasiswa,Lunas,Tidak Menunggak,Perempuan,7+,11-12,15-20,0
Enrolled,Nursing,Tidak Beasiswa,Lunas,Tidak Menunggak,Perempuan,3-4,13-14,24-30,0
Enrolled,Biofuel Production,Tidak Beasiswa,Lunas,Tidak Menunggak,Perempuan,5-6,13-14,24-30,0
Graduate,Journalism & Communication,Tidak Beasiswa,Lunas,Tidak Menunggak,Perempuan,5-6,13-14,15-20,0
Dropout,Equinculture,Tidak Beasiswa,Lunas,Tidak Menunggak,Perempuan,5-6,13-14,15-20,1
Dropout,Management,Tidak Beasiswa,Lunas,Tidak Menunggak,Perempuan,0,0,21-23,1
Enrolled,Communication Design,Tidak Beasiswa,Lunas,Tidak Menunggak,Perempuan,0,0,15-20,0
Dropout,Social Service (Evening),Tidak Beasiswa,Belum Lunas,Tidak Menunggak,Perempuan,0,0,31+,1
Graduate,Advertising & Marketing Mgmt,Tidak Beasiswa,Lunas,Tidak Menunggak,Perempuan,3-4,11-12,24-30,0
Dropout,Management (Evening),Tidak Beasiswa,Belum Lunas,Tidak Menunggak,Perempuan,0,0,31+,1
Dropout,Social Service (Evening),Tidak Beasiswa,Belum Lunas,Menunggak,Perempuan,0,0,31+,1
Dropout,Social Service,Tidak Beasiswa,Belum Lunas,Menunggak,Perempuan,0,0,31+,1
Graduate,Agronomy,Tidak Beasiswa,Lunas,Tidak Menunggak,Perempuan,5-6,13-14,31+,0
Dropout,Basic Education,Tidak Beasiswa,Lunas,Tidak Menunggak,Perempuan,3-4,11-12,21-23,1
Dropout,Social Service (Evening),Tidak Beasiswa,Lunas,Tidak Menunggak,Perempuan,1-2,11-12,31+,1
Dropout,Basic Education,Tidak Beasiswa,Lunas,Tidak Menunggak,Perempuan,5-6,11-12,21-23,1
Graduate,Nursing,Beasiswa,Lunas,Tidak Menunggak,Perempuan,7+,13-14,15-20,0
Graduate,Equinculture,Tidak Beasiswa,Lunas,Tidak Menunggak,Perempuan,5-6,13-14,15-20,0
Graduate,Social Service,Tidak Beasiswa,Belum Lunas,Tidak Menunggak,Perempuan,5-6,13-14,15-20,0
Graduate,Veterinary Nursing,Beasiswa,Lunas,Tidak Menunggak,Perempuan,5-6,13-14,15-20,0
Dropout,Oral Hygiene,Tidak Beasiswa,Lunas,Tidak Menunggak,Perempuan,0,0,15-20,1
Dropout,Informatics Engineering,Tidak Beasiswa,Lunas,Tidak Menunggak,Laki-laki,1-2,11-12,31+,1
Enrolled,Informatics Engineering,Tidak Beasiswa,Lunas,Tidak Menunggak,Laki-laki,3-4,11-12,24-30,0
Graduate,Animation & Multimedia Design,Tidak Beasiswa,Lunas,Tidak Menunggak,Laki-laki,0,0,24-30,0
Dropout,Management,Tidak Beasiswa,Belum Lunas,Menunggak,Laki-laki,0,0,24-30,1
Dropout,Equinculture,Tidak Beasiswa,Lunas,Menunggak,Laki-laki,3-4,11-12,15-20,1
Enrolled,Management,Beasiswa,Lunas,Tidak Menunggak,Laki-laki,3-4,11-12,15-20,0
Dropout,Advertising & Marketing Mgmt,Tidak Beasiswa,Lunas,Tidak Menunggak,Laki-laki,0,0,21-23,1
Graduate,Nursing,Tidak Beasiswa,Lunas,Tidak Menunggak,Laki-laki,7+,11-12,15-20,0
Dropout,Communication Design,Tidak Beasiswa,Belum Lunas,Menunggak,Laki-laki,0,0,15-20,1
Graduate,Animation & Multimedia Design,Tidak Beasiswa,Lunas,Tidak Menunggak,Laki-laki,0,0,24-30,0
Graduate,Management (Evening),Tidak Beasiswa,Lunas,Tidak Menunggak,Laki-laki,5-6,11-12,24-30,0
Dropout,Informatics Engineering,Tidak Beasiswa,Lunas,Tidak Menunggak,Laki-laki,0,0,24-30,1
Graduate,Tourism,Tidak Beasiswa,Lunas,Tidak Menunggak,Laki-laki,5-6,13-14,21-23,0
Graduate,Agronomy,Tidak Beasiswa,Lunas,Tidak Menunggak,Laki-laki,5-6,13-14,21-23,0
Dropout,Journalism & Communication,Tidak Beasiswa,Lunas,Tidak Menunggak,Laki-laki,5-6,11-12,15-20,1
Graduate,Nursing,Tidak Beasiswa,Lunas,Tidak Menunggak,Laki-laki,7+,15+,24-30,0
Enrolled,Management,Tidak Beasiswa,Lunas,Tidak Menunggak,Laki-laki,1-2,11-12,15-20,0
Graduate,Agronomy,Beasiswa,Lunas,Tidak Menunggak,Laki-laki,5-6,13-14,21-23,0
Graduate,Nursing,Beasiswa,Lunas,Tidak Menunggak,Laki-laki,7+,15+,15-20,0
Enrolled,Informatics Engineering,Beasiswa,Lunas,Tidak Menunggak,Laki-laki,5-6,13-14,15-20,0
Enrolled,Management,Tidak Beasiswa,Lunas,Tidak Menunggak,Laki-laki,3-4,11-12,15-20,0
Enrolled,Informatics Engineering,Tidak Beasiswa,Lunas,Tidak Menunggak,Laki-laki,1-2,13-14,24-30,0
Enrolled,Advertising & Marketing Mgmt,Tidak Beasiswa,Lunas,Menunggak,Laki-laki,1-2,15+,21-23,0
Enrolled,Nursing,Tidak Beasiswa,Lunas,Tidak Menunggak,Laki-laki,5-6,13-14,15-20,0
Graduate,Management,Tidak Beasiswa,Lunas,Tidak Menunggak,Laki-laki,5-6,11-12,15-20,0
Dropout,Informatics Engineering,Tidak Beasiswa,Lunas,Tidak Menunggak,Laki-laki,3-4,11-12,15-20,1
Dropout,Journalism & Communication,Tidak Beasiswa,Belum Lunas,Menunggak,Laki-laki,3-4,13-14,24-30,1
Dropout,Communication Design,Tidak Beasiswa,Lunas,Menunggak,Laki-laki,3-4,13-14,21-23,1
Dropout,Informatics Engineering,Tidak Beasiswa,Lunas,Tidak Menunggak,Laki-laki,0,0,15-20,1
Dropout,Management,Tidak Beasiswa,Lunas,Tidak Menunggak,Laki-laki,0,0,15-20,1
Dropout,Agronomy,Tidak Beasiswa,Lunas,Tidak Menunggak,Laki-laki,5-6,11-12,24-30,1
Enrolled,Management,Tidak Beasiswa,Lunas,Tidak Menunggak,Laki-laki,3-4,11-12,15-20,0
Graduate,Animation & Multimedia Design,Tidak Beasiswa,Lunas,Tidak Menunggak,Laki-laki,0,0,15-20,0
Enrolled,Tourism,Tidak Beasiswa,Lunas,Menunggak,Laki-laki,3-4,11-12,21-23,0
Graduate,Nursing,Tidak Beasiswa,Lunas,Tidak Menunggak,Laki-laki,7+,13-14,21-23,0
Graduate,Agronomy,Tidak Beasiswa,Lunas,Tidak Menunggak,Laki-laki,7+,11-12,21-23,0
Enrolled,Equinculture,Tidak Beasiswa,Lunas,Tidak Menunggak,Laki-laki,3-4,13-14,15-20,0
Dropout,Management (Evening),Tidak Beasiswa,Lunas,Tidak Menunggak,Laki-laki,1-2,11-12,24-30,1
Graduate,Equinculture,Tidak Beasiswa,Lunas,Tidak Menunggak,Laki-laki,5-6,13-14,15-20,0
Graduate,Communication Design,Tidak Beasiswa,Lunas,Tidak Menunggak,Laki-laki,5-6,13-14,21-23,0
Graduate,Advertising & Marketing Mgmt,Tidak Beasiswa,Lunas,Tidak Menunggak,Laki-laki,5-6,15+,24-30,0
Dropout,Agronomy,Tidak Beasiswa,Lunas,Tidak Menunggak,Laki-laki,0,0,24-30,1
Dropout,Informatics Engineering,Tidak Beasiswa,Lunas,Tidak Menunggak,Laki-laki,3-4,11-12,15-20,1
Graduate,Veterinary Nursing,Tidak Beasiswa,Lunas,Tidak Menunggak,Laki-laki,5-6,15+,15-20,0
Graduate,Agronomy,Tidak Beasiswa,Lunas,Tidak Menunggak,Laki-laki,5-6,11-12,24-30,0
Graduate,Social Service (Evening),Tidak Beasiswa,Lunas,Tidak Menunggak,Laki-laki,5-6,11-12,15-20,0
Dropout,Management,Tidak Beasiswa,Lunas,Tidak Menunggak,Laki-laki,1-2,11-12,21-23,1
Dropout,Informatics Engineering,Tidak Beasiswa,Lunas,Tidak Menunggak,Laki-laki,3-4,11-12,15-20,1
Enrolled,Management,Tidak Beasiswa,Lunas,Tidak Menunggak,Laki-laki,5-6,11-12,15-20,0
Graduate,Animation & Multimedia Design,Tidak Beasiswa,Lunas,Tidak Menunggak,Laki-laki,0,0,15-20,0
Dropout,Veterinary Nursing,Tidak Beasiswa,Belum Lunas,Tidak Menunggak,Laki-laki,0,0,24-30,1
Graduate,Nursing,Tidak Beasiswa,Lunas,Tidak Menunggak,Laki-laki,7+,13-14,15-20,0
Enrolled,Management (Evening),Beasiswa,Lunas,Tidak Menunggak,Perempuan,5-6,11-12,24-30,0
Graduate,Social Service,Tidak Beasiswa,Lunas,Tidak Menunggak,Perempuan,5-6,11-12,15-20,0
Graduate,Communication Design,Tidak Beasiswa,Lunas,Tidak Menunggak,Perempuan,5-6,13-14,15-20,0
Dropout,Social Service (Evening),Tidak Beasiswa,Lunas,Tidak Menunggak,Perempuan,0,0,31+,1
Graduate,Nursing,Tidak Beasiswa,Lunas,Tidak Menunggak,Perempuan,7+,13-14,15-20,0
Enrolled,Advertising & Marketing Mgmt,Tidak Beasiswa,Lunas,Tidak Menunggak,Perempuan,5-6,13-14,15-20,0
Graduate,Management,Tidak Beasiswa,Lunas,Tidak Menunggak,Perempuan,3-4,13-14,15-20,0
Graduate,Tourism,Tidak Beasiswa,Lunas,Tidak Menunggak,Perempuan,5-6,11-12,15-20,0
Graduate,Management,Beasiswa,Lunas,Tidak Menunggak,Perempuan,5-6,15+,15-20,0
Graduate,Veterinary Nursing,Tidak Beasiswa,Lunas,Tidak Menunggak,Perempuan,5-6,13-14,15-20,0
Graduate,Journalism & Communication,Beasiswa,Lunas,Tidak Menunggak,Perempuan,5-6,13-14,15-20,0
Graduate,Tourism,Tidak Beasiswa,Lunas,Tidak Menunggak,Perempuan,3-4,11-12,15-20,0
Graduate,Oral Hygiene,Tidak Beasiswa,Lunas,Tidak Menunggak,Perempuan,7+,13-14,15-20,0
Graduate,Advertising & Marketing Mgmt,Tidak Beasiswa,Lunas,Tidak Menunggak,Perempuan,5-6,15+,15-20,0
Enrolled,Nursing,Tidak Beasiswa,Lunas,Tidak Menunggak,Perempuan,5-6,11-12,15-20,0
Graduate,Advertising & Marketing Mgmt,Beasiswa,Lunas,Tidak Menunggak,Perempuan,5-6,13-14,15-20,0
Enrolled,Advertising & Marketing Mgmt,Tidak Beasiswa,Lunas,Tidak Menunggak,Perempuan,3-4,13-14,15-20,0
Enrolled,Agronomy,Tidak Beasiswa,Lunas,Menunggak,Perempuan,5-6,13-14,15-20,0
Dropout,Management (Evening),Tidak Beasiswa,Lunas,Tidak Menunggak,Perempuan,7+,11-12,24-30,1
Dropout,Basic Education,Beasiswa,Belum Lunas,Tidak Menunggak,Perempuan,3-4,1-10,15-20,1
Dropout,Basic Education,Tidak Beasiswa,Belum Lunas,Menunggak,Perempuan,5-6,13-14,31+,1
Graduate,Advertising & Marketing Mgmt,Tidak Beasiswa,Lunas,Tidak Menunggak,Perempuan,5-6,13-14,15-20,0
Graduate,Agronomy,Tidak Beasiswa,Lunas,Tidak Menunggak,Perempuan,7+,11-12,21-23,0
Dropout,Equinculture,Tidak Beasiswa,Lunas,Tidak Menunggak,Perempuan,0,0,21-23,1
Dropout,Communication Design,Tidak Beasiswa,Belum Lunas,Menunggak,Perempuan,3-4,11-12,21-23,1
Graduate,Nursing,Tidak Beasiswa,Lunas,Tidak Menunggak,Perempuan,7+,15+,24-30,0
Graduate,Social Service (Evening),Tidak Beasiswa,Lunas,Tidak Menunggak,Perempuan,5-6,13-14,24-30,0
Graduate,Nursing,Beasiswa,Lunas,Tidak Menunggak,Perempuan,7+,15+,15-20,0
Dropout,Animation & Multimedia Design,Tidak Beasiswa,Belum Lunas,Tidak Menunggak,Perempuan,0,0,21-23,1
Dropout,Equinculture,Beasiswa,Lunas,Menunggak,Perempuan,0,0,15-20,1
Graduate,Nursing,Beasiswa,Lunas,Tidak Menunggak,Perempuan,7+,13-14,15-20,0
Dropout,Veterinary Nursing,Tidak Beasiswa,Lunas,Tidak Menunggak,Perempuan,0,0,15-20,1
Enrolled,Nursing,Beasiswa,Lunas,Tidak Menunggak,Perempuan,5-6,11-12,15-20,0
Graduate,Basic Education,Beasiswa,Lunas,Menunggak,Perempuan,7+,13-14,15-20,0
Graduate,Social Service (Evening),Tidak Beasiswa,Lunas,Tidak Menunggak,Perempuan,5-6,15+,24-30,0
Graduate,Communication Design,Tidak Beasiswa,Lunas,Tidak Menunggak,Perempuan,5-6,11-12,15-20,0
Enrolled,Management,Tidak Beasiswa,Lunas,Tidak Menunggak,Perempuan,5-6,13-14,15-20,0
Graduate,Nursing,Beasiswa,Lunas,Tidak Menunggak,Perempuan,7+,13-14,15-20,0
Graduate,Nursing,Beasiswa,Lunas,Tidak Menunggak,Perempuan,7+,13-14,15-20,0
Graduate,Social Service,Beasiswa,Lunas,Tidak Menunggak,Perempuan,5-6,11-12,15-20,0
Graduate,Nursing,Tidak Beasiswa,Lunas,Tidak Menunggak,Perempuan,7+,13-14,15-20,0
Graduate,Nursing,Beasiswa,Lunas,Tidak Menunggak,Perempuan,7+,13-14,15-20,0
Enrolled,Veterinary Nursing,Tidak Beasiswa,Lunas,Tidak Menunggak,Perempuan,3-4,11-12,15-20,0
Graduate,Journalism & Communication,Tidak Beasiswa,Lunas,Tidak Menunggak,Perempuan,5-6,13-14,15-20,0
Dropout,Management,Tidak Beasiswa,Lunas,Tidak Menunggak,Perempuan,1-2,1-10,15-20,1
Dropout,Basic Education,Tidak Beasiswa,Lunas,Tidak Menunggak,Perempuan,3-4,11-12,15-20,1
Graduate,Nursing,Beasiswa,Lunas,Tidak Menunggak,Perempuan,7+,13-14,15-20,0
Dropout,Communication Design,Beasiswa,Lunas,Tidak Menunggak,Perempuan,3-4,13-14,21-23,1
Dropout,Basic Education,Tidak Beasiswa,Lunas,Tidak Menunggak,Perempuan,5-6,11-12,21-23,1
Graduate,Social Service (Evening),Tidak Beasiswa,Lunas,Tidak Menunggak,Perempuan,5-6,11-12,21-23,0
Graduate,Nursing,Tidak Beasiswa,Lunas,Tidak Menunggak,Perempuan,7+,13-14,15-20,0
Graduate,Journalism & Communication,Tidak Beasiswa,Lunas,Tidak Menunggak,Perempuan,5-6,15+,15-20,0
Graduate,Journalism & Communication,Tidak Beasiswa,Lunas,Tidak Menunggak,Perempuan,5-6,11-12,15-20,0
Graduate,Nursing,Beasiswa,Lunas,Tidak Menunggak,Perempuan,7+,13-14,24-30,0
Enrolled,Basic Education,Tidak Beasiswa,Lunas,Tidak Menunggak,Perempuan,3-4,13-14,15-20,0
Graduate,Nursing,Beasiswa,Lunas,Tidak Menunggak,Perempuan,7+,15+,15-20,0
Graduate,Oral Hygiene,Beasiswa,Lunas,Menunggak,Perempuan,7+,11-12,24-30,0
Graduate,Advertising & Marketing Mgmt,Beasiswa,Lunas,Tidak Menunggak,Perempuan,5-6,13-14,15-20,0
Graduate,Social Service,Beasiswa,Lunas,Tidak Menunggak,Perempuan,5-6,13-14,15-20,0
Graduate,Nursing,Beasiswa,Lunas,Tidak Menunggak,Perempuan,7+,13-14,15-20,0
Enrolled,Management (Evening),Tidak Beasiswa,Lunas,Tidak Menunggak,Perempuan,3-4,11-12,24-30,0
Graduate,Social Service,Tidak Beasiswa,Lunas,Tidak Menunggak,Perempuan,5-6,11-12,15-20,0
Dropout,Journalism & Communication,Beasiswa,Lunas,Tidak Menunggak,Perempuan,5-6,11-12,15-20,1
Dropout,Advertising & Marketing Mgmt,Tidak Beasiswa,Belum Lunas,Menunggak,Perempuan,0,0,31+,1
Enrolled,Management,Tidak Beasiswa,Lunas,Tidak Menunggak,Perempuan,1-2,11-12,15-20,0
Enrolled,Management,Tidak Beasiswa,Lunas,Tidak Menunggak,Perempuan,3-4,13-14,15-20,0
Enrolled,Nursing,Tidak Beasiswa,Lunas,Tidak Menunggak,Perempuan,7+,15+,15-20,0
Dropout,Journalism & Communication,Tidak Beasiswa,Belum Lunas,Menunggak,Perempuan,0,0,15-20,1
Enrolled,Management,Beasiswa,Lunas,Tidak Menunggak,Perempuan,3-4,13-14,15-20,0
Enrolled,Social Service,Tidak Beasiswa,Lunas,Tidak Menunggak,Perempuan,1-2,1-10,21-23,0
Graduate,Management (Evening),Tidak Beasiswa,Lunas,Tidak Menunggak,Perempuan,5-6,15+,24-30,0
Graduate,Oral Hygiene,Tidak Beasiswa,Lunas,Tidak Menunggak,Perempuan,7+,13-14,24-30,0
Graduate,Advertising & Marketing Mgmt,Tidak Beasiswa,Lunas,Tidak Menunggak,Perempuan,3-4,11-12,15-20,0
Graduate,Social Service,Tidak Beasiswa,Lunas,Tidak Menunggak,Perempuan,5-6,15+,15-20,0
Enrolled,Veterinary Nursing,Tidak Beasiswa,Belum Lunas,Tidak Menunggak,Perempuan,5-6,13-14,21-23,0
Graduate,Nursing,Tidak Beasiswa,Lunas,Tidak Menunggak,Perempuan,7+,13-14,24-30,0
Graduate,Social Service,Beasiswa,Lunas,Tidak Menunggak,Perempuan,5-6,11-12,15-20,0
Graduate,Journalism & Communication,Tidak Beasiswa,Lunas,Tidak Menunggak,Perempuan,3-4,11-12,15-20,0
Enrolled,Social Service,Beasiswa,Lunas,Menunggak,Perempuan,3-4,1-10,15-20,0
Enrolled,Social Service,Tidak Beasiswa,Lunas,Menunggak,Perempuan,1-2,1-10,15-20,0
Graduate,Social Service (Evening),Tidak Beasiswa,Lunas,Tidak Menunggak,Perempuan,7+,11-12,21-23,0
Graduate,Communication Design,Tidak Beasiswa,Lunas,Tidak Menunggak,Perempuan,5-6,13-14,15-20,0
Dropout,Agronomy,Tidak Beasiswa,Lunas,Tidak Menunggak,Perempuan,0,0,24-30,1
Graduate,Agronomy,Tidak Beasiswa,Lunas,Tidak Menunggak,Perempuan,5-6,15+,21-23,0
Enrolled,Nursing,Tidak Beasiswa,Lunas,Tidak Menunggak,Perempuan,5-6,11-12,15-20,0
Graduate,Journalism & Communication,Tidak Beasiswa,Lunas,Tidak Menunggak,Perempuan,5-6,13-14,15-20,0
Graduate,Advertising & Marketing Mgmt,Tidak Beasiswa,Lunas,Tidak Menunggak,Perempuan,3-4,13-14,15-20,0
Graduate,Nursing,Tidak Beasiswa,Lunas,Tidak Menunggak,Laki-laki,7+,15+,15-20,0
Graduate,Veterinary Nursing,Beasiswa,Lunas,Tidak Menunggak,Perempuan,5-6,15+,15-20,0
Dropout,Journalism & Communication,Tidak Beasiswa,Belum Lunas,Menunggak,Perempuan,3-4,11-12,15-20,1
Graduate,Social Service,Beasiswa,Lunas,Tidak Menunggak,Perempuan,7+,13-14,15-20,0
Dropout,Nursing,Tidak Beasiswa,Lunas,Tidak Menunggak,Perempuan,0,0,15-20,1
Graduate,Nursing,Tidak Beasiswa,Lunas,Tidak Menunggak,Perempuan,7+,13-14,24-30,0
Graduate,Social Service,Beasiswa,Lunas,Tidak Menunggak,Perempuan,5-6,11-12,15-20,0
Dropout,Social Service (Evening),Tidak Beasiswa,Lunas,Tidak Menunggak,Perempuan,7+,15+,24-30,1
Graduate,Nursing,Beasiswa,Lunas,Tidak Menunggak,Perempuan,7+,11-12,15-20,0
Graduate,Communication Design,Tidak Beasiswa,Lunas,Tidak Menunggak,Perempuan,5-6,13-14,21-23,0
Graduate,Tourism,Tidak Beasiswa,Lunas,Tidak Menunggak,Perempuan,5-6,13-14,15-20,0
Dropout,Basic Education,Tidak Beasiswa,Lunas,Tidak Menunggak,Perempuan,1-2,11-12,21-23,1
Graduate,Communication Design,Tidak Beasiswa,Lunas,Tidak Menunggak,Perempuan,5-6,15+,15-20,0
Enrolled,Basic Education,Tidak Beasiswa,Lunas,Tidak Menunggak,Perempuan,3-4,11-12,15-20,0
Dropout,Journalism & Communication,Tidak Beasiswa,Belum Lunas,Menunggak,Laki-laki,0,0,31+,1
Graduate,Animation & Multimedia Design,Beasiswa,Lunas,Tidak Menunggak,Perempuan,0,0,15-20,0
Graduate,Tourism,Tidak Beasiswa,Lunas,Tidak Menunggak,Perempuan,5-6,11-12,21-23,0
Graduate,Social Service,Beasiswa,Lunas,Menunggak,Perempuan,5-6,13-14,21-23,0
Dropout,Veterinary Nursing,Beasiswa,Belum Lunas,Menunggak,Perempuan,5-6,13-14,15-20,1
Dropout,Social Service,Tidak Beasiswa,Belum Lunas,Tidak Menunggak,Perempuan,0,0,31+,1
Graduate,Agronomy,Tidak Beasiswa,Lunas,Tidak Menunggak,Laki-laki,7+,11-12,31+,0
Graduate,Management (Evening),Tidak Beasiswa,Lunas,Tidak Menunggak,Laki-laki,7+,13-14,31+,0
Dropout,Veterinary Nursing,Tidak Beasiswa,Belum Lunas,Tidak Menunggak,Laki-laki,1-2,11-12,31+,1
Graduate,Nursing,Tidak Beasiswa,Lunas,Tidak Menunggak,Laki-laki,7+,13-14,15-20,0
Graduate,Management (Evening),Tidak Beasiswa,Lunas,Tidak Menunggak,Laki-laki,5-6,13-14,31+,0
Dropout,Management,Tidak Beasiswa,Belum Lunas,Menunggak,Laki-laki,0,0,31+,1
Dropout,Equinculture,Tidak Beasiswa,Lunas,Tidak Menunggak,Laki-laki,0,0,31+,1
Graduate,Agronomy,Tidak Beasiswa,Lunas,Tidak Menunggak,Laki-laki,7+,13-14,31+,0
Enrolled,Tourism,Tidak Beasiswa,Lunas,Tidak Menunggak,Laki-laki,3-4,13-14,21-23,0
Dropout,Biofuel Production,Tidak Beasiswa,Belum Lunas,Menunggak,Laki-laki,0,0,31+,1
Graduate,Equinculture,Tidak Beasiswa,Lunas,Tidak Menunggak,Laki-laki,3-4,15+,31+,0
Dropout,Management,Tidak Beasiswa,Lunas,Menunggak,Laki-laki,1-2,13-14,15-20,1
Graduate,Social Service (Evening),Tidak Beasiswa,Lunas,Tidak Menunggak,Laki-laki,5-6,13-14,31+,0
Enrolled,Tourism,Tidak Beasiswa,Lunas,Tidak Menunggak,Laki-laki,5-6,11-12,15-20,0
Graduate,Agronomy,Tidak Beasiswa,Lunas,Tidak Menunggak,Laki-laki,5-6,11-12,21-23,0
Dropout,Informatics Engineering,Tidak Beasiswa,Lunas,Tidak Menunggak,Laki-laki,1-2,15+,31+,1
Enrolled,Veterinary Nursing,Tidak Beasiswa,Belum Lunas,Tidak Menunggak,Laki-laki,3-4,11-12,15-20,0
Dropout,Management,Tidak Beasiswa,Lunas,Tidak Menunggak,Laki-laki,3-4,13-14,31+,1
Dropout,Oral Hygiene,Tidak Beasiswa,Lunas,Tidak Menunggak,Laki-laki,1-2,13-14,31+,1
Dropout,Management (Evening),Tidak Beasiswa,Lunas,Tidak Menunggak,Laki-laki,0,0,31+,1
Graduate,Social Service,Tidak Beasiswa,Lunas,Tidak Menunggak,Laki-laki,7+,15+,31+,0
Dropout,Management (Evening),Beasiswa,Lunas,Tidak Menunggak,Laki-laki,3-4,13-14,31+,1
Graduate,Social Service (Evening),Tidak Beasiswa,Lunas,Tidak Menunggak,Laki-laki,7+,13-14,31+,0
Graduate,Agronomy,Tidak Beasiswa,Lunas,Tidak Menunggak,Laki-laki,7+,15+,31+,0
Graduate,Tourism,Tidak Beasiswa,Lunas,Tidak Menunggak,Laki-laki,7+,15+,31+,0
Dropout,Social Service (Evening),Tidak Beasiswa,Belum Lunas,Menunggak,Laki-laki,0,0,31+,1
Dropout,Management (Evening),Tidak Beasiswa,Lunas,Tidak Menunggak,Laki-laki,0,0,31+,1
Dropout,Informatics Engineering,Tidak Beasiswa,Belum Lunas,Menunggak,Laki-laki,0,0,31+,1
Graduate,Veterinary Nursing,Tidak Beasiswa,Lunas,Tidak Menunggak,Laki-laki,5-6,11-12,31+,0
Graduate,Nursing,Tidak Beasiswa,Lunas,Tidak Menunggak,Laki-laki,7+,13-14,15-20,0
Graduate,Veterinary Nursing,Tidak Beasiswa,Lunas,Tidak Menunggak,Laki-laki,5-6,15+,31+,0
Graduate,Social Service (Evening),Tidak Beasiswa,Lunas,Tidak Menunggak,Laki-laki,7+,11-12,31+,0
Dropout,Equinculture,Tidak Beasiswa,Lunas,Tidak Menunggak,Laki-laki,0,0,24-30,1
Dropout,Advertising & Marketing Mgmt,Tidak Beasiswa,Belum Lunas,Menunggak,Laki-laki,0,0,31+,1
Enrolled,Management (Evening),Tidak Beasiswa,Lunas,Tidak Menunggak,Laki-laki,5-6,15+,31+,0
Enrolled,Advertising & Marketing Mgmt,Tidak Beasiswa,Lunas,Tidak Menunggak,Laki-laki,5-6,13-14,15-20,0
Dropout,Biofuel Production,Tidak Beasiswa,Lunas,Menunggak,Laki-laki,3-4,11-12,31+,1
Enrolled,Tourism,Tidak Beasiswa,Lunas,Tidak Menunggak,Laki-laki,5-6,11-12,21-23,0
Graduate,Animation & Multimedia Design,Tidak Beasiswa,Lunas,Tidak Menunggak,Laki-laki,0,0,21-23,0
Dropout,Social Service (Evening),Tidak Beasiswa,Belum Lunas,Tidak Menunggak,Laki-laki,0,0,31+,1
Dropout,Equinculture,Tidak Beasiswa,Belum Lunas,Tidak Menunggak,Laki-laki,0,0,31+,1
Graduate,Nursing,Tidak Beasiswa,Lunas,Tidak Menunggak,Laki-laki,7+,15+,31+,0
Graduate,Advertising & Marketing Mgmt,Tidak Beasiswa,Lunas,Tidak Menunggak,Laki-laki,7+,15+,15-20,0
Dropout,Management (Evening),Tidak Beasiswa,Lunas,Tidak Menunggak,Laki-laki,0,0,31+,1
Graduate,Animation & Multimedia Design,Tidak Beasiswa,Lunas,Tidak Menunggak,Laki-laki,0,0,15-20,0
Enrolled,Advertising & Marketing Mgmt,Tidak Beasiswa,Lunas,Tidak Menunggak,Laki-laki,5-6,11-12,15-20,0
Dropout,Journalism & Communication,Beasiswa,Belum Lunas,Menunggak,Laki-laki,3-4,11-12,15-20,1
Graduate,Agronomy,Tidak Beasiswa,Lunas,Tidak Menunggak,Laki-laki,5-6,11-12,21-23,0
Graduate,Tourism,Tidak Beasiswa,Lunas,Tidak Menunggak,Laki-laki,5-6,11-12,21-23,0
Graduate,Management,Tidak Beasiswa,Lunas,Tidak Menunggak,Laki-laki,3-4,13-14,31+,0
Dropout,Equinculture,Tidak Beasiswa,Lunas,Tidak Menunggak,Laki-laki,0,0,31+,1
Graduate,Advertising & Marketing Mgmt,Tidak Beasiswa,Lunas,Tidak Menunggak,Laki-laki,5-6,11-12,21-23,0
Enrolled,Journalism & Communication,Tidak Beasiswa,Lunas,Tidak Menunggak,Laki-laki,5-6,13-14,31+,0
Dropout,Tourism,Tidak Beasiswa,Lunas,Tidak Menunggak,Laki-laki,3-4,11-12,24-30,1
Enrolled,Animation & Multimedia Design,Tidak Beasiswa,Lunas,Menunggak,Laki-laki,7+,11-12,15-20,0
Dropout,Journalism & Communication,Tidak Beasiswa,Lunas,Tidak Menunggak,Laki-laki,5-6,13-14,15-20,1
Dropout,Communication Design,Tidak Beasiswa,Lunas,Tidak Menunggak,Laki-laki,0,0,15-20,1
Graduate,Tourism,Tidak Beasiswa,Lunas,Tidak Menunggak,Laki-laki,5-6,13-14,15-20,0
Dropout,Nursing,Tidak Beasiswa,Lunas,Tidak Menunggak,Laki-laki,5-6,13-14,15-20,1
Dropout,Management (Evening),Tidak Beasiswa,Lunas,Tidak Menunggak,Laki-laki,3-4,11-12,24-30,1
Graduate,Journalism & Communication,Tidak Beasiswa,Lunas,Tidak Menunggak,Laki-laki,5-6,15+,31+,0
Dropout,Agronomy,Tidak Beasiswa,Belum Lunas,Tidak Menunggak,Laki-laki,0,0,24-30,1
Dropout,Agronomy,Tidak Beasiswa,Belum Lunas,Menunggak,Laki-laki,1-2,11-12,21-23,1
Graduate,Veterinary Nursing,Tidak Beasiswa,Lunas,Tidak Menunggak,Laki-laki,7+,11-12,24-30,0
Dropout,Advertising & Marketing Mgmt,Tidak Beasiswa,Lunas,Tidak Menunggak,Laki-laki,0,0,24-30,1
Graduate,Nursing,Tidak Beasiswa,Lunas,Tidak Menunggak,Perempuan,7+,13-14,15-20,0
Graduate,Advertising & Marketing Mgmt,Tidak Beasiswa,Lunas,Tidak Menunggak,Perempuan,3-4,13-14,21-23,0
Graduate,Communication Design,Beasiswa,Lunas,Menunggak,Perempuan,5-6,15+,15-20,0
Graduate,Nursing,Beasiswa,Lunas,Tidak Menunggak,Perempuan,7+,13-14,21-23,0
Dropout,Management (Evening),Tidak Beasiswa,Belum Lunas,Menunggak,Perempuan,0,0,31+,1
Graduate,Communication Design,Beasiswa,Lunas,Tidak Menunggak,Laki-laki,5-6,13-14,15-20,0
Dropout,Animation & Multimedia Design,Tidak Beasiswa,Belum Lunas,Menunggak,Laki-laki,0,0,15-20,1
Dropout,Advertising & Marketing Mgmt,Tidak Beasiswa,Belum Lunas,Menunggak,Laki-laki,3-4,13-14,15-20,1
Dropout,Management (Evening),Tidak Beasiswa,Belum Lunas,Tidak Menunggak,Laki-laki,7+,11-12,21-23,1
Graduate,Tourism,Tidak Beasiswa,Lunas,Tidak Menunggak,Laki-laki,3-4,13-14,15-20,0
Graduate,Management,Tidak Beasiswa,Lunas,Tidak Menunggak,Perempuan,5-6,11-12,31+,0
Graduate,Agronomy,Tidak Beasiswa,Lunas,Tidak Menunggak,Laki-laki,7+,13-14,24-30,0
Enrolled,Animation & Multimedia Design,Tidak Beasiswa,Lunas,Tidak Menunggak,Laki-laki,0,0,15-20,0
Graduate,Social Service (Evening),Tidak Beasiswa,Lunas,Tidak Menunggak,Laki-laki,5-6,11-12,31+,0
Enrolled,Management,Tidak Beasiswa,Lunas,Menunggak,Laki-laki,1-2,1-10,31+,0
Graduate,Social Service (Evening),Tidak Beasiswa,Lunas,Tidak Menunggak,Laki-laki,7+,13-14,31+,0
Enrolled,Management,Tidak Beasiswa,Lunas,Tidak Menunggak,Laki-laki,5-6,11-12,15-20,0
Enrolled,Equinculture,Tidak Beasiswa,Lunas,Tidak Menunggak,Perempuan,3-4,13-14,15-20,0
Graduate,Management (Evening),Tidak Beasiswa,Lunas,Tidak Menunggak,Perempuan,7+,13-14,24-30,0
Graduate,Social Service (Evening),Tidak Beasiswa,Lunas,Tidak Menunggak,Laki-laki,7+,13-14,31+,0
Graduate,Advertising & Marketing Mgmt,Tidak Beasiswa,Lunas,Tidak Menunggak,Laki-laki,5-6,13-14,21-23,0
Graduate,Veterinary Nursing,Beasiswa,Lunas,Tidak Menunggak,Perempuan,5-6,15+,15-20,0
Dropout,Journalism & Communication,Tidak Beasiswa,Lunas,Tidak Menunggak,Perempuan,0,0,15-20,1
Enrolled,Nursing,Tidak Beasiswa,Lunas,Tidak Menunggak,Perempuan,7+,13-14,15-20,0
Graduate,Social Service,Tidak Beasiswa,Lunas,Tidak Menunggak,Perempuan,5-6,13-14,15-20,0
Enrolled,Veterinary Nursing,Tidak Beasiswa,Lunas,Tidak Menunggak,Perempuan,3-4,13-14,15-20,0
Dropout,Veterinary Nursing,Tidak Beasiswa,Lunas,Menunggak,Perempuan,3-4,11-12,21-23,1
Graduate,Veterinary Nursing,Tidak Beasiswa,Lunas,Tidak Menunggak,Perempuan,5-6,15+,15-20,0
Dropout,Animation & Multimedia Design,Tidak Beasiswa,Lunas,Tidak Menunggak,Perempuan,7+,13-14,21-23,1
Enrolled,Basic Education,Tidak Beasiswa,Lunas,Tidak Menunggak,Perempuan,5-6,15+,15-20,0
Graduate,Journalism & Communication,Beasiswa,Lunas,Tidak Menunggak,Perempuan,5-6,13-14,15-20,0
Graduate,Journalism & Communication,Beasiswa,Lunas,Tidak Menunggak,Perempuan,5-6,15+,15-20,0
Dropout,Advertising & Marketing Mgmt,Tidak Beasiswa,Lunas,Menunggak,Perempuan,3-4,11-12,15-20,1
Graduate,Nursing,Beasiswa,Lunas,Tidak Menunggak,Perempuan,7+,15+,15-20,0
Enrolled,Nursing,Tidak Beasiswa,Lunas,Tidak Menunggak,Perempuan,5-6,13-14,15-20,0
Graduate,Journalism & Communication,Beasiswa,Lunas,Tidak Menunggak,Perempuan,5-6,13-14,15-20,0
Graduate,Social Service,Tidak Beasiswa,Lunas,Tidak Menunggak,Perempuan,5-6,13-14,15-20,0
Graduate,Communication Design,Tidak Beasiswa,Lunas,Tidak Menunggak,Perempuan,5-6,13-14,15-20,0
Graduate,Nursing,Tidak Beasiswa,Lunas,Tidak Menunggak,Perempuan,7+,15+,15-20,0
Dropout,Veterinary Nursing,Beasiswa,Lunas,Menunggak,Perempuan,5-6,13-14,15-20,1
Graduate,Animation & Multimedia Design,Beasiswa,Lunas,Tidak Menunggak,Perempuan,0,0,15-20,0
Graduate,Journalism & Communication,Beasiswa,Lunas,Tidak Menunggak,Perempuan,5-6,13-14,15-20,0
Dropout,Nursing,Tidak Beasiswa,Belum Lunas,Tidak Menunggak,Laki-laki,0,0,31+,1
Graduate,Social Service,Beasiswa,Lunas,Tidak Menunggak,Perempuan,5-6,13-14,15-20,0
Graduate,Social Service,Tidak Beasiswa,Lunas,Tidak Menunggak,Perempuan,5-6,13-14,15-20,0
Graduate,Journalism & Communication,Beasiswa,Lunas,Tidak Menunggak,Perempuan,5-6,13-14,15-20,0
Graduate,Journalism & Communication,Beasiswa,Lunas,Tidak Menunggak,Perempuan,5-6,15+,15-20,0
Graduate,Communication Design,Tidak Beasiswa,Lunas,Tidak Menunggak,Perempuan,7+,13-14,15-20,0
Graduate,Nursing,Tidak Beasiswa,Lunas,Tidak Menunggak,Perempuan,7+,13-14,15-20,0
Graduate,Equinculture,Beasiswa,Lunas,Tidak Menunggak,Perempuan,5-6,13-14,15-20,0
Enrolled,Basic Education,Tidak Beasiswa,Lunas,Tidak Menunggak,Perempuan,3-4,13-14,15-20,0
Enrolled,Communication Design,Beasiswa,Belum Lunas,Tidak Menunggak,Perempuan,3-4,11-12,21-23,0
Dropout,Social Service,Tidak Beasiswa,Belum Lunas,Menunggak,Perempuan,0,0,15-20,1
Graduate,Management,Tidak Beasiswa,Lunas,Tidak Menunggak,Perempuan,5-6,13-14,15-20,0
Graduate,Journalism & Communication,Tidak Beasiswa,Lunas,Tidak Menunggak,Perempuan,5-6,13-14,15-20,0
Graduate,Basic Education,Tidak Beasiswa,Lunas,Tidak Menunggak,Perempuan,7+,15+,15-20,0
Enrolled,Management,Tidak Beasiswa,Lunas,Menunggak,Perempuan,3-4,1-10,15-20,0
Graduate,Communication Design,Beasiswa,Lunas,Tidak Menunggak,Perempuan,5-6,13-14,15-20,0
Enrolled,Equinculture,Tidak Beasiswa,Belum Lunas,Menunggak,Perempuan,3-4,13-14,21-23,0
Dropout,Journalism & Communication,Tidak Beasiswa,Lunas,Tidak Menunggak,Perempuan,0,0,15-20,1
Enrolled,Communication Design,Tidak Beasiswa,Lunas,Tidak Menunggak,Perempuan,5-6,11-12,15-20,0
Dropout,Social Service,Beasiswa,Belum Lunas,Menunggak,Perempuan,0,0,21-23,1
Graduate,Basic Education,Beasiswa,Lunas,Tidak Menunggak,Perempuan,5-6,13-14,15-20,0
Graduate,Nursing,Beasiswa,Lunas,Tidak Menunggak,Perempuan,7+,13-14,15-20,0
Graduate,Nursing,Tidak Beasiswa,Lunas,Tidak Menunggak,Perempuan,7+,15+,15-20,0
Graduate,Basic Education,Tidak Beasiswa,Lunas,Tidak Menunggak,Perempuan,7+,15+,15-20,0
Enrolled,Management,Tidak Beasiswa,Lunas,Tidak Menunggak,Perempuan,3-4,13-14,21-23,0
Enrolled,Communication Design,Tidak Beasiswa,Lunas,Tidak Menunggak,Perempuan,5-6,11-12,15-20,0
Graduate,Communication Design,Tidak Beasiswa,Lunas,Tidak Menunggak,Perempuan,5-6,13-14,15-20,0
Enrolled,Nursing,Beasiswa,Belum Lunas,Tidak Menunggak,Perempuan,7+,13-14,15-20,0
Graduate,Social Service (Evening),Tidak Beasiswa,Lunas,Tidak Menunggak,Perempuan,5-6,13-14,24-30,0
Graduate,Management,Beasiswa,Lunas,Tidak Menunggak,Perempuan,3-4,11-12,15-20,0
Graduate,Animation & Multimedia Design,Tidak Beasiswa,Lunas,Tidak Menunggak,Perempuan,0,0,15-20,0
Enrolled,Veterinary Nursing,Tidak Beasiswa,Lunas,Tidak Menunggak,Perempuan,5-6,13-14,15-20,0
Graduate,Social Service,Beasiswa,Lunas,Tidak Menunggak,Perempuan,5-6,13-14,15-20,0
Graduate,Journalism & Communication,Beasiswa,Lunas,Tidak Menunggak,Perempuan,5-6,11-12,21-23,0
Graduate,Advertising & Marketing Mgmt,Tidak Beasiswa,Lunas,Tidak Menunggak,Perempuan,5-6,13-14,15-20,0
Dropout,Basic Education,Tidak Beasiswa,Lunas,Tidak Menunggak,Perempuan,5-6,13-14,15-20,1
Graduate,Communication Design,Beasiswa,Lunas,Tidak Menunggak,Perempuan,5-6,15+,15-20,0
Graduate,Nursing,Tidak Beasiswa,Lunas,Tidak Menunggak,Perempuan,7+,15+,15-20,0
Dropout,Advertising & Marketing Mgmt,Tidak Beasiswa,Lunas,Tidak Menunggak,Perempuan,0,0,15-20,1
Dropout,Tourism,Tidak Beasiswa,Lunas,Tidak Menunggak,Perempuan,5-6,11-12,15-20,1
Dropout,Social Service,Tidak Beasiswa,Lunas,Tidak Menunggak,Perempuan,0,0,31+,1
Enrolled,Equinculture,Tidak Beasiswa,Lunas,Menunggak,Perempuan,1-2,13-14,21-23,0
Dropout,Equinculture,Tidak Beasiswa,Lunas,Tidak Menunggak,Laki-laki,1-2,1-10,31+,1
Dropout,Informatics Engineering,Tidak Beasiswa,Lunas,Tidak Menunggak,Laki-laki,0,0,31+,1
Enrolled,Informatics Engineering,Tidak Beasiswa,Lunas,Tidak Menunggak,Laki-laki,1-2,11-12,15-20,0
Dropout,Informatics Engineering,Tidak Beasiswa,Lunas,Tidak Menunggak,Laki-laki,3-4,11-12,15-20,1
Enrolled,Oral Hygiene,Tidak Beasiswa,Lunas,Tidak Menunggak,Laki-laki,1-2,13-14,21-23,0
Dropout,Equinculture,Tidak Beasiswa,Belum Lunas,Tidak Menunggak,Laki-laki,0,0,21-23,1
Graduate,Management,Tidak Beasiswa,Lunas,Tidak Menunggak,Laki-laki,5-6,13-14,15-20,0
Dropout,Management,Tidak Beasiswa,Belum Lunas,Menunggak,Perempuan,0,0,15-20,1
Enrolled,Management,Tidak Beasiswa,Belum Lunas,Tidak Menunggak,Laki-laki,3-4,13-14,21-23,0
Dropout,Equinculture,Tidak Beasiswa,Belum Lunas,Menunggak,Laki-laki,0,0,24-30,1
Graduate,Nursing,Tidak Beasiswa,Lunas,Tidak Menunggak,Perempuan,5-6,15+,15-20,0
Graduate,Social Service,Tidak Beasiswa,Lunas,Tidak Menunggak,Perempuan,5-6,11-12,15-20,0
Dropout,Animation & Multimedia Design,Beasiswa,Belum Lunas,Menunggak,Perempuan,0,0,21-23,1
Graduate,Management (Evening),Tidak Beasiswa,Lunas,Tidak Menunggak,Perempuan,5-6,11-12,31+,0
Graduate,Management,Tidak Beasiswa,Lunas,Tidak Menunggak,Perempuan,3-4,11-12,15-20,0
Enrolled,Veterinary Nursing,Tidak Beasiswa,Lunas,Tidak Menunggak,Perempuan,5-6,13-14,15-20,0
Graduate,Nursing,Beasiswa,Lunas,Tidak Menunggak,Perempuan,7+,15+,15-20,0
Graduate,Nursing,Tidak Beasiswa,Lunas,Tidak Menunggak,Perempuan,7+,13-14,15-20,0
Enrolled,Basic Education,Tidak Beasiswa,Lunas,Tidak Menunggak,Perempuan,3-4,11-12,21-23,0
Graduate,Social Service,Beasiswa,Lunas,Tidak Menunggak,Perempuan,5-6,15+,21-23,0
Graduate,Nursing,Beasiswa,Lunas,Tidak Menunggak,Laki-laki,7+,13-14,31+,0
Enrolled,Informatics Engineering,Tidak Beasiswa,Belum Lunas,Menunggak,Laki-laki,0,0,15-20,0
Dropout,Journalism & Communication,Tidak Beasiswa,Lunas,Tidak Menunggak,Laki-laki,0,0,21-23,1
Dropout,Social Service,Tidak Beasiswa,Lunas,Tidak Menunggak,Laki-laki,5-6,13-14,21-23,1
Dropout,Agronomy,Tidak Beasiswa,Lunas,Tidak Menunggak,Laki-laki,0,0,24-30,1
Dropout,Informatics Engineering,Tidak Beasiswa,Lunas,Tidak Menunggak,Laki-laki,0,0,21-23,1
Dropout,Journalism & Communication,Tidak Beasiswa,Lunas,Tidak Menunggak,Laki-laki,1-2,1-10,15-20,1
Dropout,Informatics Engineering,Tidak Beasiswa,Lunas,Tidak Menunggak,Laki-laki,3-4,13-14,15-20,1
Dropout,Management,Tidak Beasiswa,Belum Lunas,Menunggak,Laki-laki,0,0,24-30,1
Dropout,Communication Design,Tidak Beasiswa,Lunas,Tidak Menunggak,Laki-laki,7+,13-14,21-23,1
Dropout,Advertising & Marketing Mgmt,Tidak Beasiswa,Belum Lunas,Menunggak,Laki-laki,1-2,15+,24-30,1
Dropout,Veterinary Nursing,Tidak Beasiswa,Belum Lunas,Tidak Menunggak,Laki-laki,5-6,13-14,15-20,1
Graduate,Nursing,Beasiswa,Lunas,Tidak Menunggak,Laki-laki,7+,15+,15-20,0
Dropout,Informatics Engineering,Tidak Beasiswa,Lunas,Tidak Menunggak,Laki-laki,0,0,24-30,1
Dropout,Informatics Engineering,Beasiswa,Lunas,Tidak Menunggak,Laki-laki,0,0,24-30,1
Graduate,Tourism,Tidak Beasiswa,Lunas,Tidak Menunggak,Laki-laki,5-6,13-14,15-20,0
Graduate,Animation & Multimedia Design,Tidak Beasiswa,Lunas,Tidak Menunggak,Laki-laki,0,0,15-20,0
Graduate,Tourism,Tidak Beasiswa,Lunas,Tidak Menunggak,Laki-laki,5-6,13-14,15-20,0
Dropout,Informatics Engineering,Tidak Beasiswa,Lunas,Tidak Menunggak,Laki-laki,1-2,13-14,31+,1
Graduate,Management (Evening),Tidak Beasiswa,Lunas,Tidak Menunggak,Laki-laki,7+,11-12,24-30,0
Enrolled,Oral Hygiene,Beasiswa,Lunas,Tidak Menunggak,Laki-laki,5-6,11-12,21-23,0
Graduate,Agronomy,Tidak Beasiswa,Lunas,Menunggak,Laki-laki,3-4,15+,15-20,0
Graduate,Nursing,Beasiswa,Lunas,Tidak Menunggak,Laki-laki,7+,13-14,15-20,0
Dropout,Communication Design,Beasiswa,Lunas,Tidak Menunggak,Laki-laki,5-6,11-12,21-23,1
Dropout,Oral Hygiene,Beasiswa,Lunas,Tidak Menunggak,Laki-laki,0,0,24-30,1
Graduate,Advertising & Marketing Mgmt,Tidak Beasiswa,Lunas,Tidak Menunggak,Laki-laki,5-6,11-12,15-20,0
Dropout,Communication Design,Tidak Beasiswa,Lunas,Tidak Menunggak,Laki-laki,7+,13-14,21-23,1
Graduate,Communication Design,Beasiswa,Lunas,Tidak Menunggak,Laki-laki,5-6,13-14,15-20,0
Graduate,Animation & Multimedia Design,Tidak Beasiswa,Lunas,Tidak Menunggak,Laki-laki,0,0,15-20,0
Dropout,Agronomy,Tidak Beasiswa,Belum Lunas,Menunggak,Laki-laki,0,0,31+,1
Dropout,Agronomy,Tidak Beasiswa,Belum Lunas,Menunggak,Laki-laki,5-6,11-12,31+,1
Graduate,Nursing,Beasiswa,Lunas,Tidak Menunggak,Perempuan,7+,13-14,15-20,0
Graduate,Journalism & Communication,Tidak Beasiswa,Lunas,Tidak Menunggak,Perempuan,7+,13-14,31+,0
Graduate,Journalism & Communication,Tidak Beasiswa,Lunas,Tidak Menunggak,Perempuan,5-6,13-14,21-23,0
Graduate,Social Service,Beasiswa,Lunas,Tidak Menunggak,Perempuan,7+,11-12,31+,0
Graduate,Nursing,Beasiswa,Lunas,Tidak Menunggak,Perempuan,7+,15+,15-20,0
Graduate,Journalism & Communication,Beasiswa,Lunas,Tidak Menunggak,Perempuan,3-4,11-12,15-20,0
Graduate,Journalism & Communication,Tidak Beasiswa,Lunas,Tidak Menunggak,Perempuan,5-6,15+,15-20,0
Dropout,Animation & Multimedia Design,Tidak Beasiswa,Belum Lunas,Tidak Menunggak,Perempuan,0,0,31+,1
Graduate,Nursing,Beasiswa,Lunas,Tidak Menunggak,Perempuan,7+,15+,21-23,0
Dropout,Social Service (Evening),Tidak Beasiswa,Belum Lunas,Tidak Menunggak,Perempuan,0,0,24-30,1
Graduate,Veterinary Nursing,Tidak Beasiswa,Lunas,Tidak Menunggak,Perempuan,7+,13-14,24-30,0
Dropout,Management (Evening),Tidak Beasiswa,Belum Lunas,Tidak Menunggak,Perempuan,1-2,13-14,21-23,1
Graduate,Journalism & Communication,Tidak Beasiswa,Lunas,Tidak Menunggak,Perempuan,5-6,13-14,15-20,0
Graduate,Communication Design,Beasiswa,Lunas,Tidak Menunggak,Perempuan,7+,13-14,21-23,0
Enrolled,Tourism,Tidak Beasiswa,Lunas,Tidak Menunggak,Perempuan,3-4,11-12,21-23,0
Graduate,Advertising & Marketing Mgmt,Beasiswa,Lunas,Tidak Menunggak,Perempuan,5-6,13-14,15-20,0
Dropout,Management,Tidak Beasiswa,Lunas,Tidak Menunggak,Perempuan,1-2,13-14,15-20,1
Graduate,Social Service,Beasiswa,Lunas,Tidak Menunggak,Perempuan,5-6,11-12,15-20,0
Graduate,Nursing,Tidak Beasiswa,Lunas,Tidak Menunggak,Perempuan,7+,13-14,24-30,0
Graduate,Nursing,Beasiswa,Lunas,Tidak Menunggak,Perempuan,5-6,13-14,15-20,0
Dropout,Management,Tidak Beasiswa,Lunas,Tidak Menunggak,Perempuan,0,0,15-20,1
Graduate,Nursing,Beasiswa,Lunas,Tidak Menunggak,Perempuan,7+,13-14,15-20,0
Dropout,Advertising & Marketing Mgmt,Tidak Beasiswa,Lunas,Tidak Menunggak,Perempuan,0,0,15-20,1
Graduate,Social Service,Beasiswa,Lunas,Tidak Menunggak,Perempuan,5-6,11-12,15-20,0
Enrolled,Social Service,Tidak Beasiswa,Lunas,Tidak Menunggak,Perempuan,3-4,1-10,15-20,0
Dropout,Animation & Multimedia Design,Tidak Beasiswa,Lunas,Tidak Menunggak,Perempuan,0,0,15-20,1
Graduate,Basic Education,Tidak Beasiswa,Lunas,Tidak Menunggak,Perempuan,5-6,13-14,15-20,0
Graduate,Veterinary Nursing,Tidak Beasiswa,Lunas,Tidak Menunggak,Perempuan,5-6,13-14,15-20,0
Dropout,Management (Evening),Tidak Beasiswa,Belum Lunas,Tidak Menunggak,Perempuan,1-2,11-12,31+,1
Graduate,Social Service (Evening),Tidak Beasiswa,Lunas,Tidak Menunggak,Perempuan,5-6,11-12,31+,0
Dropout,Nursing,Tidak Beasiswa,Lunas,Tidak Menunggak,Perempuan,0,0,31+,1
Graduate,Journalism & Communication,Tidak Beasiswa,Lunas,Tidak Menunggak,Perempuan,5-6,13-14,21-23,0
Dropout,Management (Evening),Tidak Beasiswa,Lunas,Tidak Menunggak,Perempuan,0,0,24-30,1
Dropout,Social Service (Evening),Tidak Beasiswa,Lunas,Tidak Menunggak,Perempuan,0,0,31+,1
Graduate,Agronomy,Tidak Beasiswa,Lunas,Tidak Menunggak,Perempuan,5-6,15+,31+,0
Graduate,Social Service (Evening),Beasiswa,Lunas,Tidak Menunggak,Perempuan,5-6,13-14,31+,0
Graduate,Social Service (Evening),Beasiswa,Lunas,Tidak Menunggak,Perempuan,5-6,11-12,24-30,0
Graduate,Social Service (Evening),Beasiswa,Lunas,Tidak Menunggak,Perempuan,5-6,11-12,31+,0
Dropout,Social Service,Tidak Beasiswa,Lunas,Tidak Menunggak,Perempuan,3-4,13-14,15-20,1
Dropout,Nursing,Beasiswa,Belum Lunas,Tidak Menunggak,Perempuan,1-2,11-12,31+,1
Enrolled,Management (Evening),Tidak Beasiswa,Lunas,Tidak Menunggak,Perempuan,3-4,11-12,31+,0
Graduate,Nursing,Beasiswa,Lunas,Tidak Menunggak,Perempuan,5-6,13-14,24-30,0
Dropout,Veterinary Nursing,Tidak Beasiswa,Lunas,Tidak Menunggak,Perempuan,0,0,31+,1
Enrolled,Social Service (Evening),Tidak Beasiswa,Lunas,Menunggak,Perempuan,5-6,13-14,31+,0
Enrolled,Veterinary Nursing,Tidak Beasiswa,Lunas,Menunggak,Perempuan,0,0,24-30,0
Dropout,Social Service,Tidak Beasiswa,Lunas,Tidak Menunggak,Perempuan,0,0,15-20,1
Enrolled,Management,Tidak Beasiswa,Lunas,Tidak Menunggak,Perempuan,1-2,13-14,15-20,0
Graduate,Basic Education,Beasiswa,Lunas,Tidak Menunggak,Perempuan,7+,13-14,15-20,0
Graduate,Advertising & Marketing Mgmt,Tidak Beasiswa,Lunas,Tidak Menunggak,Perempuan,7+,15+,31+,0
Dropout,Management,Tidak Beasiswa,Lunas,Tidak Menunggak,Perempuan,1-2,11-12,31+,1
Enrolled,Nursing,Tidak Beasiswa,Lunas,Tidak Menunggak,Perempuan,7+,11-12,31+,0
Graduate,Animation & Multimedia Design,Tidak Beasiswa,Lunas,Tidak Menunggak,Perempuan,7+,15+,15-20,0
Dropout,Nursing,Tidak Beasiswa,Lunas,Tidak Menunggak,Perempuan,1-2,1-10,24-30,1
Enrolled,Management (Evening),Tidak Beasiswa,Lunas,Tidak Menunggak,Perempuan,7+,13-14,31+,0
Enrolled,Journalism & Communication,Tidak Beasiswa,Lunas,Tidak Menunggak,Perempuan,3-4,13-14,15-20,0
Dropout,Social Service (Evening),Tidak Beasiswa,Belum Lunas,Tidak Menunggak,Perempuan,3-4,11-12,31+,1
Graduate,Journalism & Communication,Tidak Beasiswa,Lunas,Tidak Menunggak,Perempuan,5-6,13-14,15-20,0
Graduate,Social Service,Beasiswa,Lunas,Tidak Menunggak,Perempuan,5-6,13-14,15-20,0
Enrolled,Social Service,Tidak Beasiswa,Lunas,Tidak Menunggak,Perempuan,0,0,31+,0
Dropout,Veterinary Nursing,Tidak Beasiswa,Lunas,Tidak Menunggak,Perempuan,0,0,31+,1
Graduate,Oral Hygiene,Beasiswa,Lunas,Tidak Menunggak,Perempuan,7+,15+,15-20,0
Graduate,Tourism,Tidak Beasiswa,Lunas,Tidak Menunggak,Perempuan,5-6,13-14,15-20,0
Graduate,Management,Tidak Beasiswa,Lunas,Menunggak,Laki-laki,5-6,13-14,15-20,0
Dropout,Journalism & Communication,Beasiswa,Belum Lunas,Tidak Menunggak,Laki-laki,0,0,21-23,1
Graduate,Advertising & Marketing Mgmt,Tidak Beasiswa,Lunas,Tidak Menunggak,Laki-laki,3-4,11-12,31+,0
Dropout,Management,Tidak Beasiswa,Lunas,Tidak Menunggak,Laki-laki,0,0,31+,1
Graduate,Management (Evening),Tidak Beasiswa,Lunas,Tidak Menunggak,Laki-laki,5-6,11-12,24-30,0
Dropout,Management (Evening),Tidak Beasiswa,Belum Lunas,Menunggak,Laki-laki,0,0,31+,1
Graduate,Agronomy,Tidak Beasiswa,Lunas,Tidak Menunggak,Laki-laki,5-6,13-14,15-20,0
Dropout,Nursing,Tidak Beasiswa,Lunas,Tidak Menunggak,Perempuan,0,0,15-20,1
Dropout,Informatics Engineering,Tidak Beasiswa,Lunas,Tidak Menunggak,Laki-laki,3-4,11-12,24-30,1
Dropout,Advertising & Marketing Mgmt,Tidak Beasiswa,Lunas,Tidak Menunggak,Laki-laki,1-2,11-12,15-20,1
Graduate,Journalism & Communication,Beasiswa,Lunas,Tidak Menunggak,Laki-laki,5-6,11-12,15-20,0
Graduate,Journalism & Communication,Tidak Beasiswa,Lunas,Tidak Menunggak,Laki-laki,5-6,13-14,15-20,0
Graduate,Management,Beasiswa,Lunas,Tidak Menunggak,Laki-laki,5-6,13-14,15-20,0
Dropout,Advertising & Marketing Mgmt,Tidak Beasiswa,Belum Lunas,Tidak Menunggak,Laki-laki,0,0,15-20,1
Dropout,Advertising & Marketing Mgmt,Tidak Beasiswa,Belum Lunas,Tidak Menunggak,Laki-laki,1-2,11-12,24-30,1
Graduate,Management,Tidak Beasiswa,Lunas,Tidak Menunggak,Laki-laki,7+,13-14,24-30,0
Graduate,Equinculture,Tidak Beasiswa,Lunas,Tidak Menunggak,Laki-laki,5-6,13-14,15-20,0
Enrolled,Informatics Engineering,Tidak Beasiswa,Lunas,Tidak Menunggak,Laki-laki,1-2,13-14,15-20,0
Graduate,Journalism & Communication,Beasiswa,Lunas,Tidak Menunggak,Laki-laki,5-6,11-12,15-20,0
Graduate,Agronomy,Tidak Beasiswa,Lunas,Tidak Menunggak,Laki-laki,5-6,13-14,21-23,0
Dropout,Management (Evening),Tidak Beasiswa,Belum Lunas,Tidak Menunggak,Laki-laki,0,0,24-30,1
Dropout,Agronomy,Tidak Beasiswa,Lunas,Tidak Menunggak,Laki-laki,0,0,31+,1
Dropout,Management (Evening),Tidak Beasiswa,Belum Lunas,Tidak Menunggak,Laki-laki,0,0,31+,1
Enrolled,Informatics Engineering,Tidak Beasiswa,Lunas,Tidak Menunggak,Laki-laki,1-2,11-12,24-30,0
Graduate,Advertising & Marketing Mgmt,Tidak Beasiswa,Lunas,Tidak Menunggak,Laki-laki,3-4,15+,24-30,0
Dropout,Management,Tidak Beasiswa,Lunas,Tidak Menunggak,Laki-laki,0,0,31+,1
Dropout,Informatics Engineering,Tidak Beasiswa,Belum Lunas,Tidak Menunggak,Laki-laki,0,0,31+,1
Graduate,Basic Education,Tidak Beasiswa,Lunas,Tidak Menunggak,Laki-laki,3-4,15+,31+,0
Graduate,Management (Evening),Tidak Beasiswa,Lunas,Tidak Menunggak,Laki-laki,5-6,11-12,31+,0
Enrolled,Informatics Engineering,Tidak Beasiswa,Belum Lunas,Menunggak,Laki-laki,3-4,11-12,15-20,0
Graduate,Nursing,Tidak Beasiswa,Lunas,Tidak Menunggak,Laki-laki,5-6,13-14,24-30,0
Graduate,Veterinary Nursing,Beasiswa,Lunas,Tidak Menunggak,Laki-laki,3-4,13-14,21-23,0
Dropout,Management (Evening),Tidak Beasiswa,Belum Lunas,Menunggak,Laki-laki,5-6,15+,31+,1
Graduate,Agronomy,Tidak Beasiswa,Lunas,Tidak Menunggak,Laki-laki,7+,13-14,21-23,0
Dropout,Informatics Engineering,Tidak Beasiswa,Lunas,Tidak Menunggak,Laki-laki,1-2,11-12,31+,1
Enrolled,Management (Evening),Beasiswa,Lunas,Tidak Menunggak,Laki-laki,5-6,11-12,31+,0
Graduate,Journalism & Communication,Tidak Beasiswa,Lunas,Tidak Menunggak,Laki-laki,5-6,13-14,15-20,0
Enrolled,Management (Evening),Tidak Beasiswa,Lunas,Tidak Menunggak,Laki-laki,3-4,11-12,31+,0
Dropout,Management,Tidak Beasiswa,Lunas,Tidak Menunggak,Laki-laki,1-2,15+,15-20,1
Graduate,Nursing,Tidak Beasiswa,Lunas,Tidak Menunggak,Laki-laki,7+,13-14,15-20,0
Graduate,Agronomy,Tidak Beasiswa,Lunas,Tidak Menunggak,Laki-laki,5-6,15+,24-30,0
Dropout,Communication Design,Tidak Beasiswa,Lunas,Tidak Menunggak,Laki-laki,0,0,15-20,1
Dropout,Social Service,Tidak Beasiswa,Lunas,Tidak Menunggak,Laki-laki,1-2,1-10,15-20,1
Dropout,Veterinary Nursing,Tidak Beasiswa,Belum Lunas,Menunggak,Laki-laki,1-2,13-14,15-20,1
Graduate,Nursing,Tidak Beasiswa,Lunas,Tidak Menunggak,Perempuan,7+,15+,15-20,0
Graduate,Equinculture,Tidak Beasiswa,Lunas,Tidak Menunggak,Perempuan,5-6,15+,15-20,0
Dropout,Journalism & Communication,Tidak Beasiswa,Lunas,Tidak Menunggak,Perempuan,5-6,11-12,15-20,1
Graduate,Social Service,Tidak Beasiswa,Lunas,Tidak Menunggak,Perempuan,5-6,13-14,15-20,0
Graduate,Social Service,Tidak Beasiswa,Lunas,Tidak Menunggak,Perempuan,5-6,15+,31+,0
Graduate,Social Service (Evening),Beasiswa,Lunas,Tidak Menunggak,Perempuan,5-6,15+,31+,0
Enrolled,Nursing,Beasiswa,Lunas,Tidak Menunggak,Perempuan,5-6,13-14,15-20,0
Enrolled,Veterinary Nursing,Tidak Beasiswa,Lunas,Tidak Menunggak,Perempuan,1-2,11-12,21-23,0
Graduate,Tourism,Tidak Beasiswa,Lunas,Tidak Menunggak,Perempuan,5-6,13-14,15-20,0
Dropout,Communication Design,Tidak Beasiswa,Lunas,Tidak Menunggak,Perempuan,5-6,13-14,15-20,1
Dropout,Communication Design,Tidak Beasiswa,Lunas,Tidak Menunggak,Perempuan,0,0,15-20,1
Dropout,Advertising & Marketing Mgmt,Tidak Beasiswa,Belum Lunas,Tidak Menunggak,Perempuan,0,0,15-20,1
Graduate,Animation & Multimedia Design,Tidak Beasiswa,Lunas,Tidak Menunggak,Perempuan,0,0,15-20,0
Graduate,Management,Beasiswa,Lunas,Tidak Menunggak,Perempuan,3-4,11-12,15-20,0
Dropout,Social Service,Tidak Beasiswa,Lunas,Tidak Menunggak,Perempuan,5-6,15+,15-20,1
Graduate,Veterinary Nursing,Tidak Beasiswa,Lunas,Tidak Menunggak,Perempuan,5-6,11-12,15-20,0
Graduate,Nursing,Beasiswa,Lunas,Tidak Menunggak,Perempuan,7+,15+,15-20,0
Graduate,Social Service,Tidak Beasiswa,Lunas,Tidak Menunggak,Perempuan,7+,13-14,21-23,0
Graduate,Nursing,Beasiswa,Lunas,Tidak Menunggak,Perempuan,7+,15+,15-20,0
Graduate,Advertising & Marketing Mgmt,Tidak Beasiswa,Lunas,Tidak Menunggak,Perempuan,5-6,13-14,15-20,0
Graduate,Nursing,Tidak Beasiswa,Lunas,Tidak Menunggak,Perempuan,5-6,13-14,15-20,0
Graduate,Nursing,Tidak Beasiswa,Lunas,Tidak Menunggak,Perempuan,7+,13-14,15-20,0
Graduate,Management,Beasiswa,Lunas,Tidak Menunggak,Perempuan,5-6,11-12,15-20,0
Dropout,Journalism & Communication,Tidak Beasiswa,Lunas,Tidak Menunggak,Perempuan,0,0,15-20,1
Graduate,Management,Beasiswa,Lunas,Tidak Menunggak,Perempuan,5-6,11-12,15-20,0
Graduate,Tourism,Tidak Beasiswa,Lunas,Tidak Menunggak,Perempuan,5-6,13-14,15-20,0
Dropout,Management,Beasiswa,Lunas,Menunggak,Perempuan,0,0,15-20,1
Graduate,Communication Design,Beasiswa,Lunas,Tidak Menunggak,Perempuan,7+,13-14,15-20,0
Dropout,Advertising & Marketing Mgmt,Beasiswa,Belum Lunas,Menunggak,Perempuan,0,0,15-20,1
Graduate,Journalism & Communication,Beasiswa,Lunas,Menunggak,Perempuan,5-6,13-14,15-20,0
Graduate,Nursing,Beasiswa,Lunas,Tidak Menunggak,Perempuan,7+,13-14,15-20,0
Graduate,Management,Tidak Beasiswa,Lunas,Tidak Menunggak,Perempuan,5-6,11-12,21-23,0
Graduate,Nursing,Tidak Beasiswa,Lunas,Tidak Menunggak,Perempuan,5-6,11-12,21-23,0
Graduate,Communication Design,Tidak Beasiswa,Lunas,Tidak Menunggak,Perempuan,5-6,13-14,15-20,0
Graduate,Basic Education,Tidak Beasiswa,Lunas,Tidak Menunggak,Perempuan,7+,13-14,15-20,0
Dropout,Veterinary Nursing,Tidak Beasiswa,Belum Lunas,Tidak Menunggak,Perempuan,1-2,11-12,21-23,1
Graduate,Veterinary Nursing,Tidak Beasiswa,Lunas,Tidak Menunggak,Perempuan,5-6,11-12,15-20,0
Graduate,Tourism,Beasiswa,Lunas,Tidak Menunggak,Perempuan,5-6,13-14,15-20,0
Graduate,Nursing,Tidak Beasiswa,Lunas,Tidak Menunggak,Perempuan,7+,15+,15-20,0
Graduate,Nursing,Beasiswa,Lunas,Tidak Menunggak,Perempuan,7+,13-14,15-20,0
Graduate,Management,Beasiswa,Lunas,Tidak Menunggak,Perempuan,3-4,11-12,15-20,0
Enrolled,Basic Education,Beasiswa,Lunas,Tidak Menunggak,Perempuan,3-4,11-12,15-20,0
Graduate,Journalism & Communication,Tidak Beasiswa,Lunas,Tidak Menunggak,Perempuan,5-6,15+,15-20,0
Graduate,Veterinary Nursing,Beasiswa,Lunas,Tidak Menunggak,Perempuan,5-6,15+,15-20,0
Dropout,Communication Design,Tidak Beasiswa,Lunas,Tidak Menunggak,Perempuan,0,0,15-20,1
Enrolled,Communication Design,Beasiswa,Lunas,Tidak Menunggak,Perempuan,5-6,13-14,15-20,0
Dropout,Social Service,Tidak Beasiswa,Lunas,Tidak Menunggak,Perempuan,0,0,15-20,1
Graduate,Social Service,Tidak Beasiswa,Lunas,Tidak Menunggak,Perempuan,5-6,13-14,15-20,0
Graduate,Veterinary Nursing,Beasiswa,Lunas,Tidak Menunggak,Perempuan,5-6,13-14,15-20,0
Enrolled,Basic Education,Tidak Beasiswa,Lunas,Tidak Menunggak,Perempuan,5-6,11-12,15-20,0
Graduate,Communication Design,Tidak Beasiswa,Lunas,Tidak Menunggak,Perempuan,5-6,11-12,15-20,0
Graduate,Nursing,Beasiswa,Lunas,Tidak Menunggak,Perempuan,7+,13-14,15-20,0
Graduate,Advertising & Marketing Mgmt,Tidak Beasiswa,Lunas,Tidak Menunggak,Perempuan,5-6,11-12,31+,0
Graduate,Nursing,Beasiswa,Lunas,Tidak Menunggak,Perempuan,7+,13-14,15-20,0
Graduate,Tourism,Tidak Beasiswa,Lunas,Tidak Menunggak,Perempuan,5-6,13-14,15-20,0
Dropout,Management (Evening),Tidak Beasiswa,Lunas,Tidak Menunggak,Perempuan,0,0,24-30,1
Dropout,Journalism & Communication,Tidak Beasiswa,Lunas,Tidak Menunggak,Perempuan,5-6,13-14,15-20,1
Graduate,Nursing,Tidak Beasiswa,Lunas,Tidak Menunggak,Perempuan,7+,15+,15-20,0
Graduate,Nursing,Beasiswa,Lunas,Tidak Menunggak,Perempuan,7+,13-14,15-20,0
Graduate,Nursing,Tidak Beasiswa,Lunas,Tidak Menunggak,Perempuan,7+,15+,15-20,0
Graduate,Animation & Multimedia Design,Beasiswa,Lunas,Tidak Menunggak,Perempuan,0,0,15-20,0
Graduate,Nursing,Tidak Beasiswa,Lunas,Tidak Menunggak,Perempuan,7+,15+,15-20,0
Dropout,Nursing,Tidak Beasiswa,Lunas,Tidak Menunggak,Perempuan,7+,15+,15-20,1
Graduate,Veterinary Nursing,Tidak Beasiswa,Lunas,Tidak Menunggak,Perempuan,5-6,13-14,15-20,0
Graduate,Nursing,Beasiswa,Lunas,Tidak Menunggak,Perempuan,7+,15+,15-20,0
Graduate,Nursing,Beasiswa,Lunas,Tidak Menunggak,Perempuan,7+,15+,15-20,0
Dropout,Nursing,Beasiswa,Lunas,Tidak Menunggak,Perempuan,7+,13-14,15-20,1
Graduate,Nursing,Tidak Beasiswa,Lunas,Tidak Menunggak,Perempuan,5-6,15+,15-20,0
Dropout,Advertising & Marketing Mgmt,Tidak Beasiswa,Belum Lunas,Menunggak,Perempuan,3-4,11-12,24-30,1
Graduate,Nursing,Tidak Beasiswa,Lunas,Tidak Menunggak,Perempuan,7+,13-14,15-20,0
Dropout,Social Service,Tidak Beasiswa,Belum Lunas,Menunggak,Perempuan,3-4,13-14,21-23,1
Dropout,Communication Design,Tidak Beasiswa,Lunas,Tidak Menunggak,Perempuan,0,0,15-20,1
Graduate,Social Service (Evening),Tidak Beasiswa,Lunas,Tidak Menunggak,Perempuan,5-6,11-12,24-30,0
Graduate,Nursing,Tidak Beasiswa,Lunas,Tidak Menunggak,Perempuan,7+,15+,15-20,0
Enrolled,Basic Education,Tidak Beasiswa,Lunas,Menunggak,Perempuan,3-4,11-12,15-20,0
Dropout,Social Service (Evening),Tidak Beasiswa,Belum Lunas,Menunggak,Perempuan,7+,15+,21-23,1
Graduate,Nursing,Beasiswa,Lunas,Tidak Menunggak,Perempuan,5-6,13-14,15-20,0
Graduate,Management,Tidak Beasiswa,Lunas,Tidak Menunggak,Perempuan,5-6,11-12,15-20,0
Graduate,Nursing,Tidak Beasiswa,Lunas,Tidak Menunggak,Perempuan,7+,15+,15-20,0
Graduate,Advertising & Marketing Mgmt,Tidak Beasiswa,Lunas,Tidak Menunggak,Perempuan,5-6,13-14,15-20,0
Graduate,Nursing,Beasiswa,Lunas,Tidak Menunggak,Perempuan,7+,15+,15-20,0
Graduate,Social Service,Beasiswa,Lunas,Tidak Menunggak,Perempuan,5-6,15+,15-20,0
Enrolled,Basic Education,Tidak Beasiswa,Lunas,Tidak Menunggak,Perempuan,5-6,13-14,15-20,0
Graduate,Veterinary Nursing,Tidak Beasiswa,Lunas,Tidak Menunggak,Perempuan,5-6,15+,15-20,0
Graduate,Social Service,Tidak Beasiswa,Lunas,Tidak Menunggak,Perempuan,5-6,13-14,15-20,0
Graduate,Journalism & Communication,Tidak Beasiswa,Lunas,Tidak Menunggak,Perempuan,5-6,11-12,15-20,0
Dropout,Basic Education,Tidak Beasiswa,Belum Lunas,Tidak Menunggak,Perempuan,7+,11-12,24-30,1
Dropout,Tourism,Tidak Beasiswa,Lunas,Tidak Menunggak,Perempuan,1-2,13-14,15-20,1
Dropout,Animation & Multimedia Design,Tidak Beasiswa,Lunas,Menunggak,Perempuan,0,0,15-20,1
Graduate,Nursing,Beasiswa,Lunas,Tidak Menunggak,Perempuan,7+,13-14,15-20,0
Graduate,Communication Design,Beasiswa,Lunas,Tidak Menunggak,Perempuan,5-6,13-14,15-20,0
Graduate,Tourism,Beasiswa,Lunas,Tidak Menunggak,Perempuan,5-6,11-12,15-20,0
Enrolled,Communication Design,Tidak Beasiswa,Lunas,Tidak Menunggak,Perempuan,3-4,13-14,21-23,0
Graduate,Basic Education,Beasiswa,Lunas,Tidak Menunggak,Perempuan,7+,15+,15-20,0
Graduate,Communication Design,Beasiswa,Lunas,Tidak Menunggak,Perempuan,5-6,13-14,15-20,0
Dropout,Equinculture,Tidak Beasiswa,Lunas,Tidak Menunggak,Perempuan,0,0,15-20,1
Graduate,Advertising & Marketing Mgmt,Beasiswa,Lunas,Tidak Menunggak,Perempuan,5-6,13-14,15-20,0
Graduate,Journalism & Communication,Tidak Beasiswa,Lunas,Menunggak,Perempuan,5-6,13-14,15-20,0
Enrolled,Basic Education,Tidak Beasiswa,Lunas,Tidak Menunggak,Perempuan,5-6,13-14,15-20,0
Enrolled,Animation & Multimedia Design,Tidak Beasiswa,Lunas,Tidak Menunggak,Perempuan,0,0,15-20,0
Graduate,Equinculture,Tidak Beasiswa,Lunas,Tidak Menunggak,Perempuan,5-6,11-12,15-20,0
Dropout,Journalism & Communication,Tidak Beasiswa,Lunas,Tidak Menunggak,Perempuan,0,0,15-20,1
Graduate,Social Service,Tidak Beasiswa,Lunas,Tidak Menunggak,Perempuan,5-6,11-12,15-20,0
Dropout,Journalism & Communication,Tidak Beasiswa,Lunas,Tidak Menunggak,Perempuan,5-6,11-12,15-20,1
Graduate,Nursing,Beasiswa,Lunas,Tidak Menunggak,Perempuan,7+,13-14,15-20,0
Dropout,Basic Education,Tidak Beasiswa,Belum Lunas,Menunggak,Perempuan,3-4,11-12,21-23,1
Dropout,Advertising & Marketing Mgmt,Tidak Beasiswa,Belum Lunas,Menunggak,Perempuan,0,0,15-20,1
Graduate,Tourism,Tidak Beasiswa,Lunas,Tidak Menunggak,Perempuan,3-4,11-12,15-20,0
Graduate,Journalism & Communication,Beasiswa,Lunas,Tidak Menunggak,Perempuan,5-6,13-14,15-20,0
Graduate,Nursing,Beasiswa,Lunas,Tidak Menunggak,Perempuan,7+,15+,15-20,0
Dropout,Veterinary Nursing,Tidak Beasiswa,Lunas,Tidak Menunggak,Perempuan,5-6,13-14,21-23,1
Dropout,Equinculture,Tidak Beasiswa,Belum Lunas,Tidak Menunggak,Perempuan,0,0,21-23,1
Enrolled,Basic Education,Tidak Beasiswa,Lunas,Tidak Menunggak,Perempuan,3-4,11-12,15-20,0
Enrolled,Management,Tidak Beasiswa,Lunas,Tidak Menunggak,Perempuan,7+,11-12,21-23,0
Graduate,Social Service,Tidak Beasiswa,Lunas,Tidak Menunggak,Perempuan,5-6,11-12,15-20,0
Dropout,Animation & Multimedia Design,Tidak Beasiswa,Lunas,Tidak Menunggak,Perempuan,0,0,15-20,1
Dropout,Nursing,Beasiswa,Lunas,Tidak Menunggak,Perempuan,7+,15+,15-20,1
Graduate,Nursing,Beasiswa,Lunas,Menunggak,Perempuan,7+,13-14,15-20,0
Dropout,Management (Evening),Tidak Beasiswa,Belum Lunas,Tidak Menunggak,Perempuan,5-6,11-12,21-23,1
Graduate,Veterinary Nursing,Tidak Beasiswa,Lunas,Tidak Menunggak,Perempuan,5-6,13-14,15-20,0
Graduate,Agronomy,Tidak Beasiswa,Lunas,Tidak Menunggak,Perempuan,5-6,13-14,15-20,0
Graduate,Nursing,Beasiswa,Lunas,Tidak Menunggak,Perempuan,7+,13-14,15-20,0
Enrolled,Nursing,Beasiswa,Lunas,Tidak Menunggak,Perempuan,5-6,13-14,15-20,0
Enrolled,Management (Evening),Tidak Beasiswa,Lunas,Tidak Menunggak,Perempuan,3-4,11-12,24-30,0
Graduate,Nursing,Beasiswa,Lunas,Tidak Menunggak,Perempuan,7+,15+,15-20,0
Graduate,Nursing,Tidak Beasiswa,Lunas,Tidak Menunggak,Perempuan,7+,13-14,15-20,0
Dropout,Communication Design,Tidak Beasiswa,Belum Lunas,Tidak Menunggak,Perempuan,0,0,15-20,1
Graduate,Nursing,Tidak Beasiswa,Lunas,Tidak Menunggak,Perempuan,7+,13-14,15-20,0
Enrolled,Oral Hygiene,Tidak Beasiswa,Lunas,Tidak Menunggak,Perempuan,5-6,11-12,24-30,0
Graduate,Nursing,Beasiswa,Lunas,Tidak Menunggak,Perempuan,5-6,13-14,15-20,0
Enrolled,Social Service,Tidak Beasiswa,Lunas,Tidak Menunggak,Perempuan,5-6,15+,24-30,0
Graduate,Advertising & Marketing Mgmt,Tidak Beasiswa,Lunas,Tidak Menunggak,Perempuan,5-6,13-14,15-20,0
Graduate,Nursing,Tidak Beasiswa,Lunas,Tidak Menunggak,Perempuan,7+,13-14,21-23,0
Graduate,Agronomy,Beasiswa,Lunas,Menunggak,Perempuan,5-6,13-14,15-20,0
Graduate,Journalism & Communication,Beasiswa,Lunas,Tidak Menunggak,Perempuan,5-6,13-14,15-20,0
Graduate,Advertising & Marketing Mgmt,Beasiswa,Lunas,Tidak Menunggak,Perempuan,3-4,13-14,21-23,0
Graduate,Nursing,Tidak Beasiswa,Lunas,Tidak Menunggak,Perempuan,7+,15+,24-30,0
Graduate,Social Service,Beasiswa,Belum Lunas,Menunggak,Perempuan,5-6,11-12,15-20,0
Graduate,Management,Beasiswa,Lunas,Tidak Menunggak,Perempuan,5-6,13-14,15-20,0
Graduate,Nursing,Beasiswa,Lunas,Tidak Menunggak,Perempuan,7+,13-14,15-20,0
Graduate,Nursing,Beasiswa,Lunas,Tidak Menunggak,Perempuan,7+,13-14,15-20,0
Graduate,Nursing,Tidak Beasiswa,Lunas,Tidak Menunggak,Perempuan,7+,13-14,21-23,0
Enrolled,Management,Tidak Beasiswa,Lunas,Tidak Menunggak,Perempuan,3-4,11-12,15-20,0
Graduate,Nursing,Beasiswa,Lunas,Tidak Menunggak,Perempuan,7+,15+,15-20,0
Dropout,Tourism,Tidak Beasiswa,Belum Lunas,Tidak Menunggak,Perempuan,0,0,15-20,1
Dropout,Animation & Multimedia Design,Tidak Beasiswa,Belum Lunas,Tidak Menunggak,Perempuan,3-4,11-12,24-30,1
Graduate,Communication Design,Beasiswa,Lunas,Tidak Menunggak,Perempuan,5-6,13-14,15-20,0
Dropout,Tourism,Beasiswa,Lunas,Tidak Menunggak,Perempuan,3-4,11-12,21-23,1
Graduate,Nursing,Tidak Beasiswa,Lunas,Tidak Menunggak,Perempuan,7+,13-14,15-20,0
Graduate,Veterinary Nursing,Tidak Beasiswa,Lunas,Tidak Menunggak,Perempuan,5-6,15+,15-20,0
Graduate,Nursing,Tidak Beasiswa,Lunas,Tidak Menunggak,Perempuan,7+,13-14,15-20,0
Enrolled,Management,Beasiswa,Lunas,Tidak Menunggak,Perempuan,3-4,11-12,15-20,0
Dropout,Advertising & Marketing Mgmt,Tidak Beasiswa,Lunas,Tidak Menunggak,Perempuan,3-4,13-14,15-20,1
Graduate,Basic Education,Beasiswa,Lunas,Menunggak,Perempuan,5-6,13-14,15-20,0
Enrolled,Management,Beasiswa,Lunas,Tidak Menunggak,Perempuan,3-4,13-14,15-20,0
Graduate,Social Service (Evening),Tidak Beasiswa,Lunas,Tidak Menunggak,Perempuan,5-6,13-14,21-23,0
Enrolled,Animation & Multimedia Design,Tidak Beasiswa,Lunas,Tidak Menunggak,Perempuan,0,0,15-20,0
Graduate,Management (Evening),Tidak Beasiswa,Lunas,Tidak Menunggak,Perempuan,5-6,11-12,21-23,0
Enrolled,Basic Education,Tidak Beasiswa,Lunas,Tidak Menunggak,Perempuan,5-6,13-14,15-20,0
Graduate,Nursing,Tidak Beasiswa,Lunas,Tidak Menunggak,Perempuan,7+,13-14,15-20,0
Graduate,Communication Design,Beasiswa,Lunas,Tidak Menunggak,Perempuan,5-6,11-12,15-20,0
Dropout,Animation & Multimedia Design,Tidak Beasiswa,Lunas,Tidak Menunggak,Perempuan,0,0,15-20,1
Enrolled,Management,Tidak Beasiswa,Lunas,Tidak Menunggak,Perempuan,3-4,15+,15-20,0
Enrolled,Nursing,Tidak Beasiswa,Lunas,Tidak Menunggak,Perempuan,5-6,13-14,15-20,0
Graduate,Nursing,Tidak Beasiswa,Lunas,Tidak Menunggak,Perempuan,7+,13-14,15-20,0
Enrolled,Management,Tidak Beasiswa,Lunas,Tidak Menunggak,Perempuan,3-4,11-12,15-20,0
Dropout,Tourism,Tidak Beasiswa,Belum Lunas,Tidak Menunggak,Perempuan,1-2,1-10,15-20,1
Graduate,Tourism,Beasiswa,Lunas,Tidak Menunggak,Perempuan,5-6,13-14,21-23,0
Graduate,Journalism & Communication,Beasiswa,Lunas,Tidak Menunggak,Perempuan,5-6,11-12,15-20,0
Graduate,Management,Beasiswa,Lunas,Tidak Menunggak,Perempuan,5-6,13-14,15-20,0
Graduate,Management (Evening),Tidak Beasiswa,Lunas,Tidak Menunggak,Perempuan,5-6,11-12,31+,0
Enrolled,Nursing,Tidak Beasiswa,Lunas,Tidak Menunggak,Perempuan,7+,13-14,31+,0
Graduate,Nursing,Tidak Beasiswa,Lunas,Tidak Menunggak,Perempuan,7+,15+,15-20,0
Graduate,Social Service (Evening),Beasiswa,Lunas,Tidak Menunggak,Perempuan,5-6,11-12,31+,0
Dropout,Nursing,Tidak Beasiswa,Belum Lunas,Menunggak,Perempuan,0,0,31+,1
Graduate,Social Service (Evening),Tidak Beasiswa,Lunas,Tidak Menunggak,Perempuan,7+,15+,31+,0
Dropout,Management,Tidak Beasiswa,Lunas,Tidak Menunggak,Perempuan,7+,11-12,24-30,1
Graduate,Journalism & Communication,Tidak Beasiswa,Lunas,Tidak Menunggak,Laki-laki,5-6,13-14,21-23,0
Dropout,Journalism & Communication,Beasiswa,Lunas,Tidak Menunggak,Perempuan,5-6,13-14,15-20,1
Graduate,Advertising & Marketing Mgmt,Tidak Beasiswa,Lunas,Tidak Menunggak,Laki-laki,3-4,11-12,21-23,0
Graduate,Management,Tidak Beasiswa,Lunas,Tidak Menunggak,Laki-laki,5-6,13-14,15-20,0
Graduate,Nursing,Beasiswa,Lunas,Tidak Menunggak,Laki-laki,7+,15+,15-20,0
Dropout,Informatics Engineering,Tidak Beasiswa,Lunas,Tidak Menunggak,Laki-laki,1-2,11-12,15-20,1
Enrolled,Management (Evening),Tidak Beasiswa,Lunas,Tidak Menunggak,Laki-laki,5-6,13-14,24-30,0
Graduate,Advertising & Marketing Mgmt,Tidak Beasiswa,Lunas,Tidak Menunggak,Laki-laki,3-4,13-14,21-23,0
Dropout,Tourism,Tidak Beasiswa,Lunas,Tidak Menunggak,Laki-laki,3-4,11-12,15-20,1
Graduate,Social Service,Tidak Beasiswa,Lunas,Tidak Menunggak,Perempuan,5-6,13-14,15-20,0
Graduate,Communication Design,Tidak Beasiswa,Lunas,Tidak Menunggak,Laki-laki,5-6,15+,21-23,0
Dropout,Nursing,Tidak Beasiswa,Lunas,Menunggak,Perempuan,1-2,1-10,31+,1
Graduate,Oral Hygiene,Beasiswa,Lunas,Tidak Menunggak,Perempuan,7+,13-14,15-20,0
Dropout,Nursing,Tidak Beasiswa,Lunas,Tidak Menunggak,Perempuan,3-4,13-14,31+,1
Graduate,Veterinary Nursing,Tidak Beasiswa,Lunas,Tidak Menunggak,Perempuan,3-4,11-12,15-20,0
Graduate,Nursing,Tidak Beasiswa,Lunas,Tidak Menunggak,Perempuan,5-6,11-12,15-20,0
Dropout,Veterinary Nursing,Tidak Beasiswa,Belum Lunas,Menunggak,Perempuan,5-6,13-14,21-23,1
Enrolled,Nursing,Tidak Beasiswa,Lunas,Tidak Menunggak,Perempuan,5-6,11-12,15-20,0
Graduate,Social Service,Beasiswa,Lunas,Tidak Menunggak,Perempuan,5-6,13-14,15-20,0
Enrolled,Nursing,Tidak Beasiswa,Lunas,Tidak Menunggak,Perempuan,7+,13-14,31+,0
Dropout,Management,Tidak Beasiswa,Lunas,Tidak Menunggak,Perempuan,1-2,11-12,15-20,1
Graduate,Tourism,Tidak Beasiswa,Lunas,Menunggak,Perempuan,3-4,11-12,15-20,0
Graduate,Advertising & Marketing Mgmt,Beasiswa,Lunas,Tidak Menunggak,Perempuan,5-6,13-14,15-20,0
Dropout,Equinculture,Tidak Beasiswa,Lunas,Tidak Menunggak,Perempuan,0,0,24-30,1
Graduate,Nursing,Tidak Beasiswa,Lunas,Tidak Menunggak,Perempuan,7+,13-14,15-20,0
Graduate,Animation & Multimedia Design,Beasiswa,Lunas,Tidak Menunggak,Perempuan,0,0,15-20,0
Graduate,Tourism,Tidak Beasiswa,Lunas,Tidak Menunggak,Perempuan,7+,15+,31+,0
Graduate,Agronomy,Tidak Beasiswa,Lunas,Tidak Menunggak,Perempuan,7+,15+,24-30,0
Enrolled,Basic Education,Tidak Beasiswa,Lunas,Tidak Menunggak,Perempuan,7+,13-14,15-20,0
Dropout,Communication Design,Tidak Beasiswa,Belum Lunas,Tidak Menunggak,Perempuan,0,0,21-23,1
Dropout,Basic Education,Tidak Beasiswa,Lunas,Tidak Menunggak,Perempuan,3-4,11-12,21-23,1
Graduate,Social Service,Tidak Beasiswa,Belum Lunas,Tidak Menunggak,Perempuan,5-6,15+,15-20,0
Graduate,Veterinary Nursing,Tidak Beasiswa,Lunas,Tidak Menunggak,Perempuan,5-6,15+,21-23,0
Graduate,Equinculture,Tidak Beasiswa,Lunas,Tidak Menunggak,Perempuan,5-6,15+,15-20,0
Graduate,Social Service (Evening),Tidak Beasiswa,Lunas,Tidak Menunggak,Perempuan,5-6,13-14,31+,0
Dropout,Management,Tidak Beasiswa,Belum Lunas,Menunggak,Perempuan,1-2,15+,24-30,1
Graduate,Social Service,Beasiswa,Lunas,Menunggak,Perempuan,3-4,11-12,15-20,0
Dropout,Social Service,Tidak Beasiswa,Belum Lunas,Tidak Menunggak,Perempuan,0,0,24-30,1
Graduate,Management,Tidak Beasiswa,Lunas,Tidak Menunggak,Perempuan,3-4,13-14,24-30,0
Graduate,Nursing,Tidak Beasiswa,Lunas,Menunggak,Perempuan,7+,13-14,21-23,0
Enrolled,Agronomy,Tidak Beasiswa,Lunas,Menunggak,Perempuan,5-6,13-14,31+,0
Dropout,Social Service (Evening),Tidak Beasiswa,Belum Lunas,Tidak Menunggak,Perempuan,0,0,24-30,1
Dropout,Agronomy,Tidak Beasiswa,Belum Lunas,Menunggak,Perempuan,3-4,11-12,31+,1
Dropout,Oral Hygiene,Tidak Beasiswa,Belum Lunas,Tidak Menunggak,Perempuan,0,0,31+,1
Enrolled,Social Service,Beasiswa,Lunas,Tidak Menunggak,Perempuan,5-6,11-12,15-20,0
Graduate,Nursing,Beasiswa,Lunas,Tidak Menunggak,Perempuan,7+,13-14,31+,0
Graduate,Advertising & Marketing Mgmt,Tidak Beasiswa,Lunas,Tidak Menunggak,Perempuan,3-4,11-12,21-23,0
Enrolled,Nursing,Beasiswa,Lunas,Tidak Menunggak,Perempuan,7+,13-14,15-20,0
Graduate,Nursing,Beasiswa,Lunas,Tidak Menunggak,Perempuan,7+,15+,15-20,0
Graduate,Social Service,Tidak Beasiswa,Lunas,Tidak Menunggak,Perempuan,3-4,11-12,15-20,0
Graduate,Social Service (Evening),Tidak Beasiswa,Lunas,Tidak Menunggak,Perempuan,5-6,13-14,21-23,0
Graduate,Nursing,Tidak Beasiswa,Lunas,Tidak Menunggak,Perempuan,7+,13-14,15-20,0
Graduate,Management,Beasiswa,Lunas,Tidak Menunggak,Perempuan,5-6,13-14,15-20,0
Dropout,Animation & Multimedia Design,Tidak Beasiswa,Lunas,Menunggak,Perempuan,0,0,15-20,1
Graduate,Nursing,Beasiswa,Lunas,Tidak Menunggak,Perempuan,7+,15+,15-20,0
Dropout,Management (Evening),Tidak Beasiswa,Belum Lunas,Menunggak,Perempuan,0,0,31+,1
Graduate,Social Service (Evening),Beasiswa,Lunas,Menunggak,Perempuan,5-6,13-14,31+,0
Graduate,Nursing,Beasiswa,Lunas,Tidak Menunggak,Perempuan,7+,13-14,15-20,0
Graduate,Social Service,Beasiswa,Lunas,Tidak Menunggak,Perempuan,5-6,15+,15-20,0
Graduate,Management,Tidak Beasiswa,Lunas,Tidak Menunggak,Perempuan,5-6,11-12,21-23,0
Graduate,Social Service,Tidak Beasiswa,Lunas,Tidak Menunggak,Perempuan,5-6,11-12,15-20,0
Graduate,Nursing,Tidak Beasiswa,Lunas,Tidak Menunggak,Perempuan,7+,13-14,15-20,0
Enrolled,Veterinary Nursing,Tidak Beasiswa,Lunas,Menunggak,Perempuan,5-6,13-14,21-23,0
Graduate,Social Service,Beasiswa,Lunas,Tidak Menunggak,Perempuan,5-6,13-14,21-23,0
Graduate,Social Service,Tidak Beasiswa,Lunas,Menunggak,Perempuan,5-6,11-12,15-20,0
Graduate,Nursing,Tidak Beasiswa,Lunas,Tidak Menunggak,Perempuan,5-6,15+,21-23,0
Graduate,Journalism & Communication,Tidak Beasiswa,Lunas,Tidak Menunggak,Perempuan,5-6,13-14,15-20,0
Graduate,Nursing,Tidak Beasiswa,Lunas,Tidak Menunggak,Perempuan,7+,13-14,15-20,0
Dropout,Management (Evening),Tidak Beasiswa,Lunas,Tidak Menunggak,Perempuan,3-4,11-12,24-30,1
Graduate,Nursing,Tidak Beasiswa,Lunas,Tidak Menunggak,Perempuan,7+,13-14,15-20,0
Dropout,Informatics Engineering,Tidak Beasiswa,Lunas,Tidak Menunggak,Laki-laki,0,0,15-20,1
Graduate,Agronomy,Tidak Beasiswa,Lunas,Tidak Menunggak,Laki-laki,5-6,13-14,15-20,0
Dropout,Advertising & Marketing Mgmt,Tidak Beasiswa,Lunas,Tidak Menunggak,Laki-laki,0,0,15-20,1
Dropout,Management (Evening),Tidak Beasiswa,Belum Lunas,Tidak Menunggak,Laki-laki,3-4,11-12,31+,1
Dropout,Equinculture,Tidak Beasiswa,Belum Lunas,Tidak Menunggak,Laki-laki,3-4,11-12,31+,1
Enrolled,Informatics Engineering,Tidak Beasiswa,Lunas,Tidak Menunggak,Laki-laki,1-2,1-10,24-30,0
Graduate,Veterinary Nursing,Tidak Beasiswa,Lunas,Tidak Menunggak,Perempuan,5-6,13-14,21-23,0
Dropout,Management (Evening),Tidak Beasiswa,Belum Lunas,Tidak Menunggak,Perempuan,1-2,1-10,31+,1
Dropout,Basic Education,Tidak Beasiswa,Lunas,Tidak Menunggak,Perempuan,1-2,13-14,31+,1
Graduate,Social Service,Beasiswa,Lunas,Tidak Menunggak,Perempuan,5-6,13-14,15-20,0
Dropout,Social Service,Tidak Beasiswa,Lunas,Menunggak,Perempuan,0,0,15-20,1
Enrolled,Advertising & Marketing Mgmt,Tidak Beasiswa,Lunas,Menunggak,Perempuan,1-2,11-12,21-23,0
Dropout,Basic Education,Tidak Beasiswa,Belum Lunas,Tidak Menunggak,Perempuan,5-6,11-12,15-20,1
Graduate,Tourism,Tidak Beasiswa,Lunas,Tidak Menunggak,Perempuan,5-6,15+,15-20,0
Graduate,Journalism & Communication,Tidak Beasiswa,Lunas,Tidak Menunggak,Perempuan,5-6,13-14,15-20,0
Graduate,Advertising & Marketing Mgmt,Beasiswa,Lunas,Tidak Menunggak,Perempuan,5-6,13-14,15-20,0
Graduate,Social Service,Tidak Beasiswa,Lunas,Tidak Menunggak,Perempuan,5-6,11-12,15-20,0
Enrolled,Veterinary Nursing,Tidak Beasiswa,Lunas,Tidak Menunggak,Perempuan,3-4,15+,15-20,0
Dropout,Equinculture,Beasiswa,Lunas,Tidak Menunggak,Perempuan,1-2,1-10,24-30,1
Graduate,Social Service,Tidak Beasiswa,Lunas,Tidak Menunggak,Perempuan,5-6,13-14,15-20,0
Graduate,Oral Hygiene,Tidak Beasiswa,Lunas,Tidak Menunggak,Perempuan,7+,13-14,15-20,0
Graduate,Nursing,Beasiswa,Lunas,Tidak Menunggak,Perempuan,7+,13-14,15-20,0
Graduate,Veterinary Nursing,Tidak Beasiswa,Lunas,Tidak Menunggak,Perempuan,5-6,15+,15-20,0
Graduate,Social Service,Tidak Beasiswa,Lunas,Tidak Menunggak,Perempuan,5-6,11-12,15-20,0
Dropout,Informatics Engineering,Tidak Beasiswa,Lunas,Menunggak,Laki-laki,1-2,13-14,24-30,1
Dropout,Journalism & Communication,Tidak Beasiswa,Lunas,Tidak Menunggak,Laki-laki,0,0,15-20,1
Graduate,Basic Education,Beasiswa,Lunas,Menunggak,Perempuan,5-6,15+,31+,0
Graduate,Nursing,Beasiswa,Lunas,Tidak Menunggak,Perempuan,7+,11-12,15-20,0
Graduate,Nursing,Beasiswa,Lunas,Tidak Menunggak,Perempuan,7+,13-14,15-20,0
Graduate,Advertising & Marketing Mgmt,Tidak Beasiswa,Lunas,Tidak Menunggak,Perempuan,5-6,15+,15-20,0
Graduate,Nursing,Beasiswa,Lunas,Tidak Menunggak,Perempuan,7+,13-14,15-20,0
Enrolled,Management (Evening),Tidak Beasiswa,Lunas,Menunggak,Perempuan,5-6,13-14,21-23,0
Dropout,Advertising & Marketing Mgmt,Tidak Beasiswa,Lunas,Tidak Menunggak,Perempuan,0,0,24-30,1
Enrolled,Journalism & Communication,Tidak Beasiswa,Lunas,Tidak Menunggak,Perempuan,5-6,13-14,15-20,0
Graduate,Management,Tidak Beasiswa,Lunas,Tidak Menunggak,Perempuan,3-4,13-14,15-20,0
Dropout,Management,Tidak Beasiswa,Lunas,Tidak Menunggak,Perempuan,3-4,11-12,31+,1
Dropout,Basic Education,Tidak Beasiswa,Lunas,Tidak Menunggak,Perempuan,0,0,31+,1
Graduate,Management (Evening),Tidak Beasiswa,Lunas,Tidak Menunggak,Perempuan,5-6,13-14,31+,0
Graduate,Tourism,Tidak Beasiswa,Lunas,Tidak Menunggak,Perempuan,5-6,13-14,15-20,0
Graduate,Advertising & Marketing Mgmt,Tidak Beasiswa,Lunas,Tidak Menunggak,Perempuan,5-6,13-14,15-20,0
Dropout,Management,Tidak Beasiswa,Belum Lunas,Tidak Menunggak,Perempuan,5-6,11-12,31+,1
Enrolled,Social Service (Evening),Beasiswa,Lunas,Tidak Menunggak,Laki-laki,3-4,11-12,24-30,0
Graduate,Social Service,Beasiswa,Lunas,Tidak Menunggak,Perempuan,5-6,13-14,15-20,0
Graduate,Journalism & Communication,Beasiswa,Lunas,Tidak Menunggak,Laki-laki,5-6,13-14,15-20,0
Graduate,Nursing,Beasiswa,Lunas,Tidak Menunggak,Laki-laki,7+,13-14,15-20,0
Dropout,Tourism,Tidak Beasiswa,Belum Lunas,Tidak Menunggak,Laki-laki,0,0,15-20,1
Graduate,Informatics Engineering,Beasiswa,Lunas,Tidak Menunggak,Laki-laki,5-6,15+,15-20,0
Graduate,Advertising & Marketing Mgmt,Beasiswa,Lunas,Tidak Menunggak,Laki-laki,3-4,11-12,15-20,0
Dropout,Basic Education,Tidak Beasiswa,Lunas,Tidak Menunggak,Laki-laki,5-6,13-14,15-20,1
Enrolled,Communication Design,Beasiswa,Lunas,Tidak Menunggak,Laki-laki,5-6,13-14,15-20,0
Graduate,Social Service,Tidak Beasiswa,Lunas,Tidak Menunggak,Laki-laki,5-6,11-12,15-20,0
Graduate,Journalism & Communication,Tidak Beasiswa,Lunas,Tidak Menunggak,Laki-laki,3-4,11-12,15-20,0
Graduate,Nursing,Tidak Beasiswa,Lunas,Tidak Menunggak,Laki-laki,7+,13-14,21-23,0
Enrolled,Informatics Engineering,Beasiswa,Lunas,Tidak Menunggak,Laki-laki,5-6,13-14,15-20,0
Graduate,Nursing,Tidak Beasiswa,Lunas,Tidak Menunggak,Laki-laki,7+,15+,15-20,0
Dropout,Agronomy,Tidak Beasiswa,Lunas,Tidak Menunggak,Laki-laki,1-2,1-10,21-23,1
Graduate,Informatics Engineering,Tidak Beasiswa,Lunas,Tidak Menunggak,Laki-laki,5-6,15+,15-20,0
Dropout,Agronomy,Tidak Beasiswa,Belum Lunas,Menunggak,Laki-laki,0,0,31+,1
Dropout,Social Service (Evening),Tidak Beasiswa,Lunas,Tidak Menunggak,Laki-laki,0,0,24-30,1
Dropout,Advertising & Marketing Mgmt,Tidak Beasiswa,Lunas,Tidak Menunggak,Laki-laki,0,0,24-30,1
Dropout,Nursing,Tidak Beasiswa,Lunas,Tidak Menunggak,Laki-laki,5-6,13-14,31+,1
Graduate,Management (Evening),Tidak Beasiswa,Lunas,Tidak Menunggak,Laki-laki,5-6,11-12,21-23,0
Enrolled,Tourism,Tidak Beasiswa,Lunas,Tidak Menunggak,Laki-laki,3-4,11-12,24-30,0
Dropout,Management,Tidak Beasiswa,Lunas,Tidak Menunggak,Laki-laki,0,0,15-20,1
Dropout,Tourism,Tidak Beasiswa,Belum Lunas,Tidak Menunggak,Laki-laki,0,0,15-20,1
Graduate,Animation & Multimedia Design,Tidak Beasiswa,Lunas,Menunggak,Laki-laki,0,0,15-20,0
Graduate,Advertising & Marketing Mgmt,Tidak Beasiswa,Lunas,Menunggak,Laki-laki,7+,13-14,21-23,0
Graduate,Journalism & Communication,Beasiswa,Lunas,Tidak Menunggak,Perempuan,5-6,15+,15-20,0
Graduate,Journalism & Communication,Tidak Beasiswa,Lunas,Tidak Menunggak,Perempuan,5-6,13-14,15-20,0
Graduate,Agronomy,Beasiswa,Lunas,Tidak Menunggak,Perempuan,7+,13-14,21-23,0
Graduate,Management,Beasiswa,Lunas,Tidak Menunggak,Perempuan,5-6,13-14,15-20,0
Graduate,Nursing,Tidak Beasiswa,Lunas,Tidak Menunggak,Perempuan,7+,13-14,15-20,0
Graduate,Nursing,Tidak Beasiswa,Lunas,Tidak Menunggak,Perempuan,7+,11-12,15-20,0
Graduate,Management,Tidak Beasiswa,Lunas,Tidak Menunggak,Perempuan,7+,13-14,21-23,0
Graduate,Veterinary Nursing,Beasiswa,Lunas,Tidak Menunggak,Perempuan,5-6,13-14,15-20,0
Graduate,Journalism & Communication,Beasiswa,Lunas,Tidak Menunggak,Perempuan,5-6,13-14,24-30,0
Dropout,Nursing,Tidak Beasiswa,Lunas,Tidak Menunggak,Perempuan,7+,13-14,15-20,1
Enrolled,Advertising & Marketing Mgmt,Tidak Beasiswa,Lunas,Tidak Menunggak,Perempuan,3-4,11-12,15-20,0
Graduate,Nursing,Tidak Beasiswa,Lunas,Tidak Menunggak,Perempuan,7+,15+,15-20,0
Enrolled,Veterinary Nursing,Tidak Beasiswa,Lunas,Tidak Menunggak,Perempuan,3-4,11-12,15-20,0
Dropout,Journalism & Communication,Beasiswa,Belum Lunas,Tidak Menunggak,Perempuan,3-4,11-12,15-20,1
Dropout,Tourism,Beasiswa,Lunas,Tidak Menunggak,Perempuan,3-4,11-12,15-20,1
Graduate,Basic Education,Tidak Beasiswa,Lunas,Tidak Menunggak,Perempuan,5-6,11-12,15-20,0
Graduate,Social Service,Tidak Beasiswa,Lunas,Menunggak,Perempuan,5-6,13-14,15-20,0
Enrolled,Basic Education,Tidak Beasiswa,Lunas,Tidak Menunggak,Perempuan,5-6,13-14,15-20,0
Graduate,Nursing,Beasiswa,Lunas,Tidak Menunggak,Perempuan,7+,13-14,15-20,0
Graduate,Oral Hygiene,Beasiswa,Lunas,Tidak Menunggak,Perempuan,5-6,13-14,15-20,0
Enrolled,Management,Tidak Beasiswa,Lunas,Tidak Menunggak,Perempuan,1-2,11-12,15-20,0
Graduate,Nursing,Tidak Beasiswa,Lunas,Tidak Menunggak,Perempuan,5-6,15+,15-20,0
Enrolled,Veterinary Nursing,Tidak Beasiswa,Lunas,Tidak Menunggak,Perempuan,1-2,13-14,21-23,0
Dropout,Tourism,Tidak Beasiswa,Belum Lunas,Menunggak,Perempuan,0,0,15-20,1
Graduate,Nursing,Tidak Beasiswa,Lunas,Tidak Menunggak,Perempuan,7+,15+,21-23,0
Enrolled,Veterinary Nursing,Tidak Beasiswa,Lunas,Tidak Menunggak,Perempuan,3-4,13-14,15-20,0
Graduate,Oral Hygiene,Beasiswa,Lunas,Tidak Menunggak,Perempuan,7+,13-14,15-20,0
Graduate,Nursing,Tidak Beasiswa,Lunas,Tidak Menunggak,Perempuan,7+,13-14,15-20,0
Dropout,Equinculture,Tidak Beasiswa,Belum Lunas,Tidak Menunggak,Perempuan,1-2,11-12,21-23,1
Enrolled,Social Service,Tidak Beasiswa,Lunas,Tidak Menunggak,Perempuan,3-4,11-12,15-20,0
Graduate,Nursing,Tidak Beasiswa,Lunas,Tidak Menunggak,Perempuan,7+,13-14,15-20,0
Enrolled,Basic Education,Tidak Beasiswa,Lunas,Tidak Menunggak,Perempuan,5-6,11-12,15-20,0
Enrolled,Nursing,Beasiswa,Lunas,Tidak Menunggak,Perempuan,5-6,11-12,24-30,0
Enrolled,Management,Beasiswa,Belum Lunas,Menunggak,Perempuan,3-4,11-12,15-20,0
Dropout,Equinculture,Tidak Beasiswa,Lunas,Tidak Menunggak,Perempuan,5-6,11-12,21-23,1
Graduate,Nursing,Beasiswa,Lunas,Tidak Menunggak,Perempuan,7+,11-12,15-20,0
Graduate,Social Service,Beasiswa,Lunas,Tidak Menunggak,Perempuan,5-6,11-12,21-23,0
Graduate,Journalism & Communication,Tidak Beasiswa,Lunas,Tidak Menunggak,Perempuan,3-4,13-14,15-20,0
Graduate,Veterinary Nursing,Beasiswa,Lunas,Tidak Menunggak,Perempuan,3-4,15+,15-20,0
Graduate,Basic Education,Beasiswa,Lunas,Tidak Menunggak,Perempuan,5-6,13-14,15-20,0
Dropout,Communication Design,Beasiswa,Belum Lunas,Menunggak,Perempuan,5-6,11-12,15-20,1
Graduate,Veterinary Nursing,Tidak Beasiswa,Lunas,Tidak Menunggak,Perempuan,5-6,13-14,15-20,0
Graduate,Journalism & Communication,Beasiswa,Lunas,Tidak Menunggak,Perempuan,5-6,13-14,15-20,0
Enrolled,Nursing,Beasiswa,Lunas,Tidak Menunggak,Perempuan,7+,13-14,15-20,0
Enrolled,Veterinary Nursing,Tidak Beasiswa,Belum Lunas,Menunggak,Perempuan,7+,13-14,21-23,0
Graduate,Veterinary Nursing,Beasiswa,Lunas,Tidak Menunggak,Perempuan,5-6,13-14,24-30,0
Graduate,Animation & Multimedia Design,Tidak Beasiswa,Lunas,Tidak Menunggak,Perempuan,0,0,15-20,0
Graduate,Nursing,Tidak Beasiswa,Lunas,Tidak Menunggak,Perempuan,7+,15+,15-20,0
Graduate,Communication Design,Tidak Beasiswa,Lunas,Tidak Menunggak,Perempuan,5-6,11-12,15-20,0
Dropout,Basic Education,Tidak Beasiswa,Lunas,Tidak Menunggak,Perempuan,0,0,15-20,1
Enrolled,Social Service,Beasiswa,Lunas,Tidak Menunggak,Perempuan,5-6,11-12,15-20,0
Enrolled,Veterinary Nursing,Tidak Beasiswa,Lunas,Tidak Menunggak,Perempuan,5-6,13-14,15-20,0
Dropout,Journalism & Communication,Tidak Beasiswa,Lunas,Tidak Menunggak,Perempuan,0,0,24-30,1
Dropout,Tourism,Tidak Beasiswa,Belum Lunas,Menunggak,Laki-laki,0,0,31+,1
Dropout,Animation & Multimedia Design,Tidak Beasiswa,Belum Lunas,Tidak Menunggak,Laki-laki,0,0,15-20,1
Dropout,Informatics Engineering,Tidak Beasiswa,Belum Lunas,Tidak Menunggak,Laki-laki,0,0,24-30,1
Dropout,Informatics Engineering,Tidak Beasiswa,Lunas,Tidak Menunggak,Laki-laki,0,0,15-20,1
Graduate,Nursing,Beasiswa,Lunas,Tidak Menunggak,Laki-laki,7+,13-14,15-20,0
Dropout,Communication Design,Tidak Beasiswa,Lunas,Tidak Menunggak,Laki-laki,0,0,24-30,1
Graduate,Animation & Multimedia Design,Tidak Beasiswa,Lunas,Tidak Menunggak,Laki-laki,0,0,21-23,0
Graduate,Nursing,Tidak Beasiswa,Lunas,Tidak Menunggak,Laki-laki,5-6,13-14,15-20,0
Dropout,Advertising & Marketing Mgmt,Tidak Beasiswa,Belum Lunas,Menunggak,Laki-laki,0,0,24-30,1
Dropout,Informatics Engineering,Tidak Beasiswa,Lunas,Tidak Menunggak,Laki-laki,5-6,13-14,15-20,1
Graduate,Nursing,Tidak Beasiswa,Lunas,Tidak Menunggak,Laki-laki,7+,13-14,15-20,0
Dropout,Management,Tidak Beasiswa,Lunas,Tidak Menunggak,Laki-laki,3-4,11-12,21-23,1
Graduate,Advertising & Marketing Mgmt,Beasiswa,Lunas,Tidak Menunggak,Laki-laki,5-6,13-14,21-23,0
Graduate,Social Service (Evening),Tidak Beasiswa,Lunas,Tidak Menunggak,Laki-laki,5-6,13-14,24-30,0
Graduate,Nursing,Tidak Beasiswa,Lunas,Tidak Menunggak,Laki-laki,7+,15+,15-20,0
Graduate,Social Service,Tidak Beasiswa,Lunas,Tidak Menunggak,Laki-laki,5-6,11-12,15-20,0
Graduate,Journalism & Communication,Tidak Beasiswa,Lunas,Tidak Menunggak,Laki-laki,5-6,13-14,15-20,0
Dropout,Oral Hygiene,Tidak Beasiswa,Belum Lunas,Tidak Menunggak,Laki-laki,3-4,11-12,21-23,1
Dropout,Animation & Multimedia Design,Tidak Beasiswa,Lunas,Tidak Menunggak,Laki-laki,0,0,21-23,1
Enrolled,Management,Tidak Beasiswa,Lunas,Tidak Menunggak,Laki-laki,3-4,13-14,15-20,0
Graduate,Animation & Multimedia Design,Beasiswa,Lunas,Tidak Menunggak,Laki-laki,0,0,15-20,0
Dropout,Communication Design,Tidak Beasiswa,Belum Lunas,Menunggak,Laki-laki,0,0,21-23,1
Dropout,Social Service,Tidak Beasiswa,Lunas,Tidak Menunggak,Laki-laki,0,0,21-23,1
Graduate,Oral Hygiene,Tidak Beasiswa,Lunas,Tidak Menunggak,Laki-laki,5-6,13-14,21-23,0
Dropout,Nursing,Tidak Beasiswa,Belum Lunas,Tidak Menunggak,Laki-laki,0,0,31+,1
Graduate,Agronomy,Tidak Beasiswa,Lunas,Tidak Menunggak,Laki-laki,7+,11-12,24-30,0
Graduate,Nursing,Tidak Beasiswa,Lunas,Tidak Menunggak,Laki-laki,5-6,13-14,15-20,0
Graduate,Communication Design,Beasiswa,Lunas,Tidak Menunggak,Laki-laki,1-2,15+,24-30,0
Dropout,Equinculture,Tidak Beasiswa,Lunas,Tidak Menunggak,Laki-laki,0,0,21-23,1
Dropout,Equinculture,Tidak Beasiswa,Belum Lunas,Tidak Menunggak,Laki-laki,0,0,21-23,1
Graduate,Management,Tidak Beasiswa,Lunas,Tidak Menunggak,Laki-laki,5-6,11-12,15-20,0
Dropout,Informatics Engineering,Tidak Beasiswa,Lunas,Tidak Menunggak,Laki-laki,0,0,15-20,1
Enrolled,Veterinary Nursing,Tidak Beasiswa,Lunas,Tidak Menunggak,Laki-laki,3-4,11-12,21-23,0
Graduate,Nursing,Beasiswa,Lunas,Tidak Menunggak,Perempuan,7+,13-14,15-20,0
Graduate,Tourism,Tidak Beasiswa,Lunas,Tidak Menunggak,Perempuan,5-6,13-14,15-20,0
Dropout,Animation & Multimedia Design,Tidak Beasiswa,Lunas,Menunggak,Perempuan,0,0,15-20,1
Graduate,Social Service,Tidak Beasiswa,Lunas,Tidak Menunggak,Perempuan,5-6,13-14,15-20,0
Graduate,Journalism & Communication,Tidak Beasiswa,Lunas,Menunggak,Perempuan,5-6,13-14,15-20,0
Graduate,Tourism,Beasiswa,Lunas,Tidak Menunggak,Perempuan,5-6,11-12,15-20,0
Enrolled,Equinculture,Tidak Beasiswa,Lunas,Tidak Menunggak,Perempuan,5-6,13-14,15-20,0
Graduate,Communication Design,Beasiswa,Lunas,Menunggak,Perempuan,7+,13-14,21-23,0
Graduate,Oral Hygiene,Tidak Beasiswa,Lunas,Tidak Menunggak,Perempuan,7+,13-14,31+,0
Graduate,Basic Education,Beasiswa,Lunas,Tidak Menunggak,Perempuan,7+,15+,15-20,0
Enrolled,Animation & Multimedia Design,Tidak Beasiswa,Lunas,Tidak Menunggak,Perempuan,0,0,15-20,0
Graduate,Tourism,Beasiswa,Lunas,Tidak Menunggak,Perempuan,5-6,13-14,15-20,0
Graduate,Veterinary Nursing,Tidak Beasiswa,Lunas,Tidak Menunggak,Perempuan,5-6,13-14,21-23,0
Graduate,Nursing,Beasiswa,Lunas,Tidak Menunggak,Perempuan,7+,15+,15-20,0
Dropout,Management,Tidak Beasiswa,Belum Lunas,Menunggak,Laki-laki,0,0,24-30,1
Dropout,Informatics Engineering,Tidak Beasiswa,Lunas,Menunggak,Laki-laki,0,0,21-23,1
Graduate,Nursing,Beasiswa,Lunas,Tidak Menunggak,Perempuan,7+,13-14,15-20,0
Enrolled,Journalism & Communication,Tidak Beasiswa,Lunas,Tidak Menunggak,Perempuan,5-6,11-12,15-20,0
Dropout,Tourism,Tidak Beasiswa,Lunas,Tidak Menunggak,Perempuan,1-2,11-12,21-23,1
Graduate,Management,Tidak Beasiswa,Lunas,Tidak Menunggak,Laki-laki,5-6,11-12,15-20,0
Dropout,Social Service (Evening),Tidak Beasiswa,Lunas,Tidak Menunggak,Perempuan,0,0,31+,1
Graduate,Social Service,Beasiswa,Lunas,Tidak Menunggak,Perempuan,5-6,11-12,15-20,0
Graduate,Advertising & Marketing Mgmt,Tidak Beasiswa,Lunas,Tidak Menunggak,Laki-laki,7+,11-12,21-23,0
Enrolled,Journalism & Communication,Beasiswa,Lunas,Tidak Menunggak,Perempuan,3-4,11-12,15-20,0
Graduate,Nursing,Tidak Beasiswa,Lunas,Tidak Menunggak,Perempuan,7+,15+,15-20,0
Graduate,Veterinary Nursing,Tidak Beasiswa,Lunas,Tidak Menunggak,Perempuan,3-4,13-14,15-20,0
Dropout,Veterinary Nursing,Tidak Beasiswa,Belum Lunas,Tidak Menunggak,Perempuan,0,0,15-20,1
Graduate,Advertising & Marketing Mgmt,Tidak Beasiswa,Lunas,Tidak Menunggak,Perempuan,5-6,13-14,15-20,0
Graduate,Management,Beasiswa,Lunas,Menunggak,Perempuan,5-6,11-12,15-20,0
Dropout,Equinculture,Tidak Beasiswa,Lunas,Tidak Menunggak,Perempuan,5-6,13-14,24-30,1
Dropout,Basic Education,Tidak Beasiswa,Lunas,Tidak Menunggak,Perempuan,5-6,11-12,15-20,1
Enrolled,Management,Beasiswa,Lunas,Tidak Menunggak,Perempuan,3-4,13-14,15-20,0
Graduate,Social Service,Beasiswa,Lunas,Tidak Menunggak,Perempuan,5-6,11-12,15-20,0
Graduate,Tourism,Tidak Beasiswa,Lunas,Tidak Menunggak,Perempuan,5-6,11-12,15-20,0
Enrolled,Equinculture,Tidak Beasiswa,Lunas,Tidak Menunggak,Perempuan,5-6,13-14,15-20,0
Graduate,Animation & Multimedia Design,Beasiswa,Lunas,Tidak Menunggak,Perempuan,0,0,15-20,0
Graduate,Veterinary Nursing,Tidak Beasiswa,Lunas,Tidak Menunggak,Perempuan,3-4,11-12,21-23,0
Enrolled,Tourism,Tidak Beasiswa,Lunas,Tidak Menunggak,Perempuan,1-2,13-14,15-20,0
Enrolled,Social Service,Beasiswa,Lunas,Tidak Menunggak,Perempuan,3-4,13-14,21-23,0
Graduate,Journalism & Communication,Beasiswa,Lunas,Tidak Menunggak,Perempuan,5-6,13-14,21-23,0
Graduate,Nursing,Beasiswa,Lunas,Tidak Menunggak,Perempuan,7+,13-14,15-20,0
Dropout,Basic Education,Tidak Beasiswa,Lunas,Tidak Menunggak,Perempuan,1-2,1-10,15-20,1
Enrolled,Tourism,Beasiswa,Lunas,Tidak Menunggak,Perempuan,5-6,11-12,15-20,0
Graduate,Communication Design,Tidak Beasiswa,Lunas,Tidak Menunggak,Perempuan,5-6,15+,15-20,0
Enrolled,Nursing,Beasiswa,Lunas,Tidak Menunggak,Perempuan,5-6,13-14,15-20,0
Dropout,Management,Tidak Beasiswa,Belum Lunas,Menunggak,Laki-laki,1-2,13-14,24-30,1
Enrolled,Informatics Engineering,Tidak Beasiswa,Lunas,Menunggak,Perempuan,1-2,11-12,15-20,0
Graduate,Social Service (Evening),Tidak Beasiswa,Lunas,Tidak Menunggak,Perempuan,5-6,13-14,31+,0
Graduate,Advertising & Marketing Mgmt,Beasiswa,Lunas,Tidak Menunggak,Perempuan,5-6,15+,15-20,0
Graduate,Veterinary Nursing,Tidak Beasiswa,Lunas,Tidak Menunggak,Laki-laki,5-6,13-14,15-20,0
Graduate,Advertising & Marketing Mgmt,Tidak Beasiswa,Lunas,Tidak Menunggak,Laki-laki,3-4,15+,15-20,0
Graduate,Animation & Multimedia Design,Tidak Beasiswa,Lunas,Tidak Menunggak,Laki-laki,7+,13-14,24-30,0
Graduate,Tourism,Tidak Beasiswa,Lunas,Tidak Menunggak,Laki-laki,5-6,15+,15-20,0
Dropout,Agronomy,Tidak Beasiswa,Belum Lunas,Menunggak,Laki-laki,0,0,24-30,1
Graduate,Management (Evening),Tidak Beasiswa,Lunas,Tidak Menunggak,Laki-laki,5-6,13-14,31+,0
Dropout,Tourism,Tidak Beasiswa,Belum Lunas,Tidak Menunggak,Laki-laki,0,0,15-20,1
Dropout,Animation & Multimedia Design,Tidak Beasiswa,Belum Lunas,Tidak Menunggak,Laki-laki,0,0,15-20,1
Dropout,Informatics Engineering,Beasiswa,Lunas,Tidak Menunggak,Laki-laki,3-4,13-14,15-20,1
Dropout,Agronomy,Tidak Beasiswa,Lunas,Tidak Menunggak,Laki-laki,3-4,13-14,15-20,1
Graduate,Communication Design,Tidak Beasiswa,Lunas,Tidak Menunggak,Laki-laki,7+,13-14,24-30,0
Dropout,Equinculture,Tidak Beasiswa,Lunas,Tidak Menunggak,Laki-laki,5-6,13-14,15-20,1
Graduate,Agronomy,Tidak Beasiswa,Lunas,Tidak Menunggak,Laki-laki,7+,13-14,15-20,0
Dropout,Animation & Multimedia Design,Tidak Beasiswa,Lunas,Tidak Menunggak,Laki-laki,0,0,15-20,1
Graduate,Social Service,Beasiswa,Lunas,Tidak Menunggak,Laki-laki,5-6,11-12,15-20,0
Enrolled,Informatics Engineering,Tidak Beasiswa,Lunas,Tidak Menunggak,Laki-laki,3-4,13-14,15-20,0
Dropout,Management,Beasiswa,Lunas,Tidak Menunggak,Laki-laki,0,0,15-20,1
Enrolled,Management,Tidak Beasiswa,Lunas,Tidak Menunggak,Laki-laki,3-4,13-14,15-20,0
Enrolled,Nursing,Tidak Beasiswa,Lunas,Tidak Menunggak,Laki-laki,5-6,13-14,15-20,0
Enrolled,Advertising & Marketing Mgmt,Tidak Beasiswa,Lunas,Tidak Menunggak,Laki-laki,1-2,1-10,15-20,0
Dropout,Management,Tidak Beasiswa,Belum Lunas,Tidak Menunggak,Laki-laki,0,0,15-20,1
Dropout,Advertising & Marketing Mgmt,Tidak Beasiswa,Lunas,Tidak Menunggak,Laki-laki,3-4,13-14,24-30,1
Graduate,Agronomy,Tidak Beasiswa,Lunas,Tidak Menunggak,Laki-laki,5-6,13-14,15-20,0
Enrolled,Advertising & Marketing Mgmt,Tidak Beasiswa,Lunas,Tidak Menunggak,Laki-laki,3-4,11-12,15-20,0
Dropout,Informatics Engineering,Tidak Beasiswa,Lunas,Tidak Menunggak,Laki-laki,1-2,1-10,21-23,1
Enrolled,Tourism,Tidak Beasiswa,Lunas,Tidak Menunggak,Laki-laki,5-6,11-12,15-20,0
Graduate,Social Service (Evening),Tidak Beasiswa,Lunas,Tidak Menunggak,Laki-laki,7+,13-14,21-23,0
Dropout,Informatics Engineering,Tidak Beasiswa,Lunas,Tidak Menunggak,Laki-laki,0,0,15-20,1
Enrolled,Informatics Engineering,Tidak Beasiswa,Lunas,Tidak Menunggak,Laki-laki,3-4,15+,21-23,0
Graduate,Journalism & Communication,Beasiswa,Lunas,Tidak Menunggak,Laki-laki,5-6,15+,15-20,0
Graduate,Tourism,Tidak Beasiswa,Lunas,Tidak Menunggak,Laki-laki,5-6,13-14,15-20,0
Enrolled,Management,Tidak Beasiswa,Lunas,Tidak Menunggak,Laki-laki,3-4,11-12,15-20,0
Enrolled,Agronomy,Tidak Beasiswa,Lunas,Tidak Menunggak,Laki-laki,5-6,11-12,15-20,0
Graduate,Journalism & Communication,Beasiswa,Lunas,Tidak Menunggak,Laki-laki,5-6,13-14,15-20,0
Dropout,Journalism & Communication,Tidak Beasiswa,Lunas,Tidak Menunggak,Laki-laki,0,0,15-20,1
Enrolled,Informatics Engineering,Tidak Beasiswa,Lunas,Tidak Menunggak,Laki-laki,1-2,13-14,15-20,0
Graduate,Equinculture,Tidak Beasiswa,Lunas,Tidak Menunggak,Laki-laki,5-6,13-14,15-20,0
Dropout,Management (Evening),Tidak Beasiswa,Lunas,Menunggak,Laki-laki,1-2,11-12,31+,1
Graduate,Animation & Multimedia Design,Tidak Beasiswa,Lunas,Tidak Menunggak,Laki-laki,7+,13-14,21-23,0
Dropout,Agronomy,Tidak Beasiswa,Belum Lunas,Menunggak,Laki-laki,0,0,24-30,1
Dropout,Veterinary Nursing,Beasiswa,Lunas,Tidak Menunggak,Laki-laki,0,0,15-20,1
Dropout,Veterinary Nursing,Beasiswa,Lunas,Tidak Menunggak,Laki-laki,5-6,15+,21-23,1
Graduate,Journalism & Communication,Tidak Beasiswa,Lunas,Tidak Menunggak,Perempuan,5-6,11-12,31+,0
Graduate,Advertising & Marketing Mgmt,Beasiswa,Lunas,Tidak Menunggak,Laki-laki,5-6,15+,21-23,0
Graduate,Tourism,Beasiswa,Lunas,Tidak Menunggak,Perempuan,3-4,13-14,15-20,0
Graduate,Nursing,Beasiswa,Lunas,Tidak Menunggak,Perempuan,5-6,11-12,24-30,0
Graduate,Social Service,Beasiswa,Lunas,Tidak Menunggak,Perempuan,5-6,11-12,15-20,0
Graduate,Veterinary Nursing,Beasiswa,Belum Lunas,Tidak Menunggak,Perempuan,7+,15+,15-20,0
Enrolled,Advertising & Marketing Mgmt,Beasiswa,Lunas,Tidak Menunggak,Perempuan,5-6,13-14,24-30,0
Dropout,Social Service (Evening),Tidak Beasiswa,Lunas,Tidak Menunggak,Laki-laki,0,0,24-30,1
Graduate,Informatics Engineering,Tidak Beasiswa,Lunas,Tidak Menunggak,Laki-laki,5-6,15+,15-20,0
Graduate,Agronomy,Tidak Beasiswa,Lunas,Tidak Menunggak,Laki-laki,5-6,13-14,24-30,0
Graduate,Journalism & Communication,Tidak Beasiswa,Lunas,Tidak Menunggak,Laki-laki,5-6,11-12,15-20,0
Dropout,Equinculture,Tidak Beasiswa,Lunas,Tidak Menunggak,Laki-laki,1-2,11-12,15-20,1
Graduate,Advertising & Marketing Mgmt,Beasiswa,Lunas,Tidak Menunggak,Laki-laki,5-6,13-14,24-30,0
Dropout,Nursing,Tidak Beasiswa,Lunas,Menunggak,Laki-laki,0,0,24-30,1
Graduate,Informatics Engineering,Tidak Beasiswa,Lunas,Tidak Menunggak,Laki-laki,5-6,15+,21-23,0
Graduate,Oral Hygiene,Tidak Beasiswa,Lunas,Tidak Menunggak,Laki-laki,7+,15+,15-20,0
Graduate,Advertising & Marketing Mgmt,Tidak Beasiswa,Lunas,Tidak Menunggak,Laki-laki,5-6,13-14,15-20,0
Enrolled,Agronomy,Tidak Beasiswa,Lunas,Tidak Menunggak,Laki-laki,5-6,13-14,24-30,0
Graduate,Agronomy,Beasiswa,Lunas,Tidak Menunggak,Laki-laki,5-6,13-14,15-20,0
Graduate,Communication Design,Tidak Beasiswa,Lunas,Tidak Menunggak,Laki-laki,5-6,13-14,15-20,0
Dropout,Advertising & Marketing Mgmt,Tidak Beasiswa,Lunas,Menunggak,Laki-laki,0,0,15-20,1
Graduate,Management (Evening),Tidak Beasiswa,Lunas,Tidak Menunggak,Laki-laki,5-6,13-14,31+,0
Enrolled,Nursing,Tidak Beasiswa,Lunas,Tidak Menunggak,Perempuan,5-6,11-12,31+,0
Enrolled,Nursing,Tidak Beasiswa,Lunas,Tidak Menunggak,Perempuan,7+,13-14,24-30,0
Dropout,Journalism & Communication,Tidak Beasiswa,Belum Lunas,Tidak Menunggak,Perempuan,3-4,11-12,15-20,1
Enrolled,Management (Evening),Beasiswa,Lunas,Tidak Menunggak,Perempuan,3-4,11-12,31+,0
Graduate,Animation & Multimedia Design,Tidak Beasiswa,Lunas,Tidak Menunggak,Laki-laki,0,0,15-20,0
Graduate,Communication Design,Tidak Beasiswa,Lunas,Tidak Menunggak,Laki-laki,7+,13-14,21-23,0
Dropout,Nursing,Tidak Beasiswa,Lunas,Tidak Menunggak,Perempuan,0,0,31+,1
Dropout,Tourism,Tidak Beasiswa,Belum Lunas,Tidak Menunggak,Laki-laki,0,0,21-23,1
Enrolled,Management (Evening),Tidak Beasiswa,Lunas,Tidak Menunggak,Laki-laki,3-4,13-14,31+,0
Graduate,Animation & Multimedia Design,Beasiswa,Lunas,Tidak Menunggak,Laki-laki,0,0,15-20,0
Graduate,Tourism,Tidak Beasiswa,Lunas,Tidak Menunggak,Perempuan,5-6,15+,15-20,0
Dropout,Nursing,Tidak Beasiswa,Lunas,Tidak Menunggak,Perempuan,0,0,15-20,1
Graduate,Animation & Multimedia Design,Beasiswa,Lunas,Tidak Menunggak,Perempuan,7+,15+,21-23,0
Dropout,Nursing,Tidak Beasiswa,Belum Lunas,Tidak Menunggak,Perempuan,0,0,31+,1
Graduate,Animation & Multimedia Design,Tidak Beasiswa,Lunas,Tidak Menunggak,Laki-laki,7+,13-14,15-20,0
Enrolled,Animation & Multimedia Design,Beasiswa,Lunas,Tidak Menunggak,Laki-laki,0,0,15-20,0
Dropout,Management,Tidak Beasiswa,Belum Lunas,Menunggak,Laki-laki,0,0,24-30,1
Dropout,Management (Evening),Tidak Beasiswa,Lunas,Tidak Menunggak,Laki-laki,0,0,24-30,1
Graduate,Management (Evening),Tidak Beasiswa,Lunas,Tidak Menunggak,Laki-laki,5-6,15+,24-30,0
Dropout,Veterinary Nursing,Tidak Beasiswa,Lunas,Tidak Menunggak,Laki-laki,0,0,15-20,1
Dropout,Advertising & Marketing Mgmt,Tidak Beasiswa,Lunas,Tidak Menunggak,Laki-laki,3-4,11-12,21-23,1
Enrolled,Animation & Multimedia Design,Tidak Beasiswa,Lunas,Tidak Menunggak,Laki-laki,0,0,15-20,0
Graduate,Nursing,Tidak Beasiswa,Lunas,Tidak Menunggak,Laki-laki,7+,13-14,15-20,0
Dropout,Journalism & Communication,Tidak Beasiswa,Belum Lunas,Menunggak,Laki-laki,3-4,13-14,15-20,1
Graduate,Informatics Engineering,Beasiswa,Lunas,Tidak Menunggak,Laki-laki,3-4,13-14,24-30,0
Graduate,Tourism,Tidak Beasiswa,Belum Lunas,Tidak Menunggak,Perempuan,3-4,13-14,21-23,0
Dropout,Nursing,Tidak Beasiswa,Belum Lunas,Menunggak,Perempuan,7+,11-12,21-23,1
Enrolled,Agronomy,Tidak Beasiswa,Lunas,Tidak Menunggak,Perempuan,3-4,13-14,31+,0
Graduate,Nursing,Tidak Beasiswa,Lunas,Tidak Menunggak,Perempuan,5-6,13-14,15-20,0
Graduate,Journalism & Communication,Tidak Beasiswa,Lunas,Tidak Menunggak,Perempuan,3-4,11-12,31+,0
Enrolled,Informatics Engineering,Tidak Beasiswa,Lunas,Menunggak,Laki-laki,3-4,15+,24-30,0
Graduate,Veterinary Nursing,Tidak Beasiswa,Lunas,Tidak Menunggak,Perempuan,5-6,13-14,15-20,0
Enrolled,Management (Evening),Tidak Beasiswa,Lunas,Tidak Menunggak,Perempuan,5-6,13-14,31+,0
Dropout,Nursing,Tidak Beasiswa,Lunas,Tidak Menunggak,Perempuan,0,0,24-30,1
Graduate,Social Service,Beasiswa,Lunas,Tidak Menunggak,Perempuan,5-6,11-12,15-20,0
Dropout,Basic Education,Tidak Beasiswa,Belum Lunas,Menunggak,Perempuan,3-4,11-12,15-20,1
Dropout,Informatics Engineering,Tidak Beasiswa,Belum Lunas,Tidak Menunggak,Perempuan,0,0,31+,1
Dropout,Management,Tidak Beasiswa,Lunas,Tidak Menunggak,Perempuan,3-4,11-12,15-20,1
Dropout,Basic Education,Tidak Beasiswa,Lunas,Tidak Menunggak,Perempuan,0,0,31+,1
Dropout,Social Service (Evening),Tidak Beasiswa,Lunas,Tidak Menunggak,Perempuan,0,0,31+,1
Dropout,Equinculture,Tidak Beasiswa,Lunas,Tidak Menunggak,Laki-laki,0,0,31+,1
Dropout,Social Service (Evening),Tidak Beasiswa,Lunas,Tidak Menunggak,Perempuan,3-4,11-12,24-30,1
Graduate,Communication Design,Tidak Beasiswa,Lunas,Tidak Menunggak,Perempuan,5-6,13-14,15-20,0
Enrolled,Journalism & Communication,Tidak Beasiswa,Belum Lunas,Tidak Menunggak,Perempuan,5-6,11-12,15-20,0
Dropout,Management (Evening),Tidak Beasiswa,Belum Lunas,Tidak Menunggak,Perempuan,0,0,31+,1
Dropout,Tourism,Tidak Beasiswa,Belum Lunas,Tidak Menunggak,Perempuan,0,0,31+,1
Dropout,Nursing,Tidak Beasiswa,Belum Lunas,Tidak Menunggak,Perempuan,0,0,31+,1
Graduate,Social Service (Evening),Beasiswa,Lunas,Tidak Menunggak,Perempuan,7+,11-12,31+,0
Graduate,Management,Tidak Beasiswa,Lunas,Tidak Menunggak,Perempuan,5-6,11-12,31+,0
Graduate,Management,Tidak Beasiswa,Lunas,Tidak Menunggak,Perempuan,7+,11-12,31+,0
Graduate,Veterinary Nursing,Tidak Beasiswa,Lunas,Tidak Menunggak,Perempuan,5-6,13-14,15-20,0
Graduate,Social Service (Evening),Beasiswa,Lunas,Tidak Menunggak,Perempuan,5-6,15+,24-30,0
Graduate,Nursing,Tidak Beasiswa,Lunas,Tidak Menunggak,Perempuan,7+,15+,21-23,0
Dropout,Informatics Engineering,Tidak Beasiswa,Lunas,Tidak Menunggak,Laki-laki,0,0,15-20,1
Enrolled,Management,Tidak Beasiswa,Lunas,Menunggak,Laki-laki,0,0,15-20,0
Dropout,Animation & Multimedia Design,Tidak Beasiswa,Lunas,Tidak Menunggak,Laki-laki,0,0,15-20,1
Graduate,Nursing,Tidak Beasiswa,Lunas,Tidak Menunggak,Laki-laki,7+,13-14,15-20,0
Enrolled,Biofuel Production,Tidak Beasiswa,Lunas,Tidak Menunggak,Laki-laki,3-4,13-14,15-20,0
Enrolled,Equinculture,Tidak Beasiswa,Lunas,Tidak Menunggak,Perempuan,3-4,15+,21-23,0
Graduate,Management,Beasiswa,Lunas,Tidak Menunggak,Perempuan,5-6,13-14,21-23,0
Enrolled,Equinculture,Tidak Beasiswa,Belum Lunas,Menunggak,Perempuan,1-2,11-12,15-20,0
Enrolled,Veterinary Nursing,Tidak Beasiswa,Lunas,Tidak Menunggak,Perempuan,3-4,13-14,15-20,0
Graduate,Social Service,Beasiswa,Lunas,Tidak Menunggak,Perempuan,5-6,13-14,15-20,0
Graduate,Nursing,Beasiswa,Lunas,Tidak Menunggak,Perempuan,7+,15+,15-20,0
Graduate,Management,Tidak Beasiswa,Lunas,Tidak Menunggak,Laki-laki,5-6,11-12,21-23,0
Enrolled,Oral Hygiene,Tidak Beasiswa,Lunas,Menunggak,Perempuan,1-2,11-12,15-20,0
Dropout,Equinculture,Tidak Beasiswa,Lunas,Tidak Menunggak,Perempuan,0,0,31+,1
Enrolled,Social Service (Evening),Tidak Beasiswa,Lunas,Tidak Menunggak,Perempuan,7+,13-14,31+,0
Dropout,Agronomy,Tidak Beasiswa,Belum Lunas,Menunggak,Laki-laki,0,0,31+,1
Dropout,Management (Evening),Tidak Beasiswa,Belum Lunas,Tidak Menunggak,Laki-laki,0,0,31+,1
Dropout,Agronomy,Tidak Beasiswa,Belum Lunas,Menunggak,Perempuan,3-4,11-12,24-30,1
Graduate,Management (Evening),Tidak Beasiswa,Lunas,Tidak Menunggak,Perempuan,5-6,13-14,31+,0
Graduate,Animation & Multimedia Design,Tidak Beasiswa,Lunas,Tidak Menunggak,Perempuan,0,0,21-23,0
Dropout,Advertising & Marketing Mgmt,Tidak Beasiswa,Lunas,Tidak Menunggak,Perempuan,3-4,13-14,31+,1
Enrolled,Management (Evening),Tidak Beasiswa,Lunas,Tidak Menunggak,Perempuan,3-4,13-14,24-30,0
Dropout,Veterinary Nursing,Tidak Beasiswa,Belum Lunas,Menunggak,Perempuan,3-4,11-12,15-20,1
Enrolled,Animation & Multimedia Design,Beasiswa,Lunas,Tidak Menunggak,Laki-laki,0,0,15-20,0
Graduate,Journalism & Communication,Beasiswa,Lunas,Tidak Menunggak,Laki-laki,5-6,15+,21-23,0
Enrolled,Communication Design,Tidak Beasiswa,Lunas,Tidak Menunggak,Perempuan,3-4,11-12,15-20,0
Dropout,Management (Evening),Tidak Beasiswa,Lunas,Tidak Menunggak,Perempuan,1-2,11-12,31+,1
Dropout,Basic Education,Beasiswa,Lunas,Tidak Menunggak,Perempuan,5-6,11-12,21-23,1
Graduate,Journalism & Communication,Beasiswa,Lunas,Tidak Menunggak,Perempuan,5-6,13-14,15-20,0
Graduate,Animation & Multimedia Design,Tidak Beasiswa,Lunas,Tidak Menunggak,Laki-laki,0,0,15-20,0
Enrolled,Management,Tidak Beasiswa,Lunas,Tidak Menunggak,Perempuan,3-4,13-14,15-20,0
Enrolled,Informatics Engineering,Tidak Beasiswa,Lunas,Tidak Menunggak,Laki-laki,3-4,11-12,21-23,0
Dropout,Tourism,Tidak Beasiswa,Lunas,Tidak Menunggak,Laki-laki,1-2,11-12,15-20,1
Graduate,Social Service (Evening),Tidak Beasiswa,Lunas,Tidak Menunggak,Laki-laki,5-6,13-14,21-23,0
Dropout,Agronomy,Tidak Beasiswa,Lunas,Tidak Menunggak,Laki-laki,0,0,21-23,1
Dropout,Animation & Multimedia Design,Tidak Beasiswa,Lunas,Tidak Menunggak,Laki-laki,0,0,15-20,1
Enrolled,Management,Tidak Beasiswa,Lunas,Tidak Menunggak,Laki-laki,1-2,11-12,15-20,0
Dropout,Animation & Multimedia Design,Beasiswa,Belum Lunas,Menunggak,Laki-laki,0,0,15-20,1
Enrolled,Management,Tidak Beasiswa,Lunas,Tidak Menunggak,Laki-laki,3-4,11-12,15-20,0
Enrolled,Advertising & Marketing Mgmt,Tidak Beasiswa,Lunas,Tidak Menunggak,Laki-laki,3-4,11-12,15-20,0
Enrolled,Nursing,Tidak Beasiswa,Lunas,Tidak Menunggak,Laki-laki,5-6,13-14,21-23,0
Graduate,Journalism & Communication,Beasiswa,Lunas,Tidak Menunggak,Laki-laki,5-6,15+,15-20,0
Dropout,Social Service,Tidak Beasiswa,Lunas,Tidak Menunggak,Laki-laki,5-6,11-12,15-20,1
Dropout,Journalism & Communication,Tidak Beasiswa,Lunas,Menunggak,Laki-laki,3-4,11-12,15-20,1
Graduate,Animation & Multimedia Design,Tidak Beasiswa,Lunas,Tidak Menunggak,Laki-laki,0,0,15-20,0
Enrolled,Advertising & Marketing Mgmt,Tidak Beasiswa,Lunas,Tidak Menunggak,Laki-laki,3-4,15+,21-23,0
Enrolled,Tourism,Tidak Beasiswa,Lunas,Tidak Menunggak,Laki-laki,3-4,11-12,15-20,0
Graduate,Agronomy,Tidak Beasiswa,Lunas,Tidak Menunggak,Laki-laki,5-6,13-14,15-20,0
Dropout,Agronomy,Tidak Beasiswa,Belum Lunas,Menunggak,Laki-laki,0,0,24-30,1
Enrolled,Agronomy,Tidak Beasiswa,Lunas,Menunggak,Laki-laki,7+,11-12,15-20,0
Graduate,Tourism,Tidak Beasiswa,Lunas,Tidak Menunggak,Laki-laki,5-6,13-14,15-20,0
Graduate,Nursing,Tidak Beasiswa,Lunas,Tidak Menunggak,Laki-laki,7+,13-14,15-20,0
Enrolled,Journalism & Communication,Tidak Beasiswa,Lunas,Tidak Menunggak,Laki-laki,5-6,13-14,15-20,0
Graduate,Communication Design,Tidak Beasiswa,Lunas,Tidak Menunggak,Laki-laki,5-6,13-14,15-20,0
Dropout,Management,Tidak Beasiswa,Lunas,Tidak Menunggak,Laki-laki,1-2,13-14,15-20,1
Enrolled,Veterinary Nursing,Tidak Beasiswa,Lunas,Tidak Menunggak,Laki-laki,5-6,13-14,15-20,0
Graduate,Nursing,Tidak Beasiswa,Lunas,Tidak Menunggak,Perempuan,7+,13-14,15-20,0
Dropout,Social Service (Evening),Tidak Beasiswa,Belum Lunas,Tidak Menunggak,Perempuan,0,0,31+,1
Graduate,Social Service (Evening),Beasiswa,Lunas,Tidak Menunggak,Perempuan,5-6,11-12,31+,0
Dropout,Veterinary Nursing,Tidak Beasiswa,Lunas,Tidak Menunggak,Perempuan,1-2,11-12,24-30,1
Graduate,Veterinary Nursing,Tidak Beasiswa,Lunas,Tidak Menunggak,Perempuan,3-4,15+,15-20,0
Dropout,Social Service (Evening),Tidak Beasiswa,Lunas,Tidak Menunggak,Perempuan,5-6,11-12,24-30,1
Dropout,Journalism & Communication,Beasiswa,Lunas,Tidak Menunggak,Perempuan,5-6,13-14,15-20,1
Graduate,Advertising & Marketing Mgmt,Beasiswa,Lunas,Tidak Menunggak,Perempuan,5-6,11-12,15-20,0
Graduate,Advertising & Marketing Mgmt,Tidak Beasiswa,Lunas,Tidak Menunggak,Perempuan,5-6,15+,15-20,0
Graduate,Veterinary Nursing,Tidak Beasiswa,Lunas,Tidak Menunggak,Perempuan,5-6,13-14,21-23,0
Dropout,Oral Hygiene,Tidak Beasiswa,Belum Lunas,Tidak Menunggak,Perempuan,3-4,11-12,31+,1
Dropout,Oral Hygiene,Tidak Beasiswa,Lunas,Tidak Menunggak,Perempuan,3-4,11-12,31+,1
Dropout,Basic Education,Tidak Beasiswa,Lunas,Tidak Menunggak,Perempuan,7+,11-12,24-30,1
Dropout,Management (Evening),Tidak Beasiswa,Belum Lunas,Tidak Menunggak,Perempuan,0,0,31+,1
Graduate,Veterinary Nursing,Beasiswa,Lunas,Tidak Menunggak,Perempuan,5-6,13-14,15-20,0
Dropout,Management (Evening),Tidak Beasiswa,Lunas,Tidak Menunggak,Laki-laki,3-4,11-12,31+,1
Dropout,Advertising & Marketing Mgmt,Tidak Beasiswa,Belum Lunas,Tidak Menunggak,Laki-laki,3-4,13-14,15-20,1
Dropout,Informatics Engineering,Tidak Beasiswa,Lunas,Menunggak,Laki-laki,0,0,24-30,1
Graduate,Equinculture,Tidak Beasiswa,Lunas,Tidak Menunggak,Laki-laki,3-4,11-12,31+,0
Dropout,Journalism & Communication,Tidak Beasiswa,Belum Lunas,Menunggak,Laki-laki,0,0,31+,1
Graduate,Management (Evening),Tidak Beasiswa,Lunas,Tidak Menunggak,Laki-laki,5-6,15+,31+,0
Enrolled,Social Service (Evening),Tidak Beasiswa,Lunas,Tidak Menunggak,Laki-laki,7+,13-14,31+,0
Graduate,Management (Evening),Tidak Beasiswa,Lunas,Tidak Menunggak,Laki-laki,5-6,11-12,31+,0
Graduate,Advertising & Marketing Mgmt,Beasiswa,Lunas,Tidak Menunggak,Laki-laki,5-6,13-14,15-20,0
Graduate,Equinculture,Tidak Beasiswa,Lunas,Tidak Menunggak,Laki-laki,3-4,13-14,31+,0
Graduate,Nursing,Beasiswa,Lunas,Tidak Menunggak,Laki-laki,7+,11-12,21-23,0
Dropout,Advertising & Marketing Mgmt,Tidak Beasiswa,Lunas,Menunggak,Laki-laki,0,0,24-30,1
Graduate,Communication Design,Tidak Beasiswa,Lunas,Tidak Menunggak,Laki-laki,7+,15+,15-20,0
Graduate,Nursing,Beasiswa,Lunas,Tidak Menunggak,Perempuan,7+,13-14,15-20,0
Graduate,Communication Design,Tidak Beasiswa,Lunas,Tidak Menunggak,Perempuan,5-6,15+,15-20,0
Graduate,Nursing,Tidak Beasiswa,Lunas,Tidak Menunggak,Perempuan,7+,15+,15-20,0
Graduate,Social Service (Evening),Tidak Beasiswa,Lunas,Tidak Menunggak,Perempuan,5-6,11-12,15-20,0
Dropout,Tourism,Tidak Beasiswa,Lunas,Tidak Menunggak,Perempuan,1-2,11-12,15-20,1
Dropout,Animation & Multimedia Design,Tidak Beasiswa,Lunas,Tidak Menunggak,Perempuan,0,0,21-23,1
Graduate,Animation & Multimedia Design,Tidak Beasiswa,Lunas,Tidak Menunggak,Perempuan,7+,15+,21-23,0
Graduate,Nursing,Beasiswa,Lunas,Tidak Menunggak,Perempuan,7+,15+,15-20,0
Dropout,Nursing,Tidak Beasiswa,Lunas,Tidak Menunggak,Perempuan,7+,13-14,15-20,1
Graduate,Nursing,Beasiswa,Lunas,Tidak Menunggak,Perempuan,7+,15+,15-20,0
Enrolled,Nursing,Tidak Beasiswa,Lunas,Tidak Menunggak,Perempuan,7+,15+,15-20,0
Graduate,Nursing,Tidak Beasiswa,Lunas,Tidak Menunggak,Perempuan,7+,15+,15-20,0
Enrolled,Management (Evening),Tidak Beasiswa,Lunas,Tidak Menunggak,Perempuan,5-6,13-14,24-30,0
Graduate,Oral Hygiene,Beasiswa,Lunas,Tidak Menunggak,Perempuan,7+,15+,15-20,0
Dropout,Basic Education,Tidak Beasiswa,Lunas,Tidak Menunggak,Perempuan,0,0,15-20,1
Graduate,Veterinary Nursing,Tidak Beasiswa,Lunas,Tidak Menunggak,Perempuan,5-6,13-14,15-20,0
Graduate,Management,Tidak Beasiswa,Lunas,Tidak Menunggak,Perempuan,5-6,13-14,15-20,0
Enrolled,Veterinary Nursing,Tidak Beasiswa,Lunas,Tidak Menunggak,Perempuan,1-2,11-12,15-20,0
Graduate,Animation & Multimedia Design,Beasiswa,Lunas,Tidak Menunggak,Perempuan,0,0,15-20,0
Enrolled,Animation & Multimedia Design,Tidak Beasiswa,Lunas,Tidak Menunggak,Perempuan,0,0,15-20,0
Graduate,Veterinary Nursing,Tidak Beasiswa,Lunas,Tidak Menunggak,Perempuan,7+,15+,24-30,0
Graduate,Veterinary Nursing,Tidak Beasiswa,Lunas,Tidak Menunggak,Perempuan,5-6,15+,15-20,0
Graduate,Nursing,Tidak Beasiswa,Lunas,Tidak Menunggak,Perempuan,7+,15+,15-20,0
Graduate,Nursing,Beasiswa,Lunas,Tidak Menunggak,Perempuan,7+,15+,15-20,0
Graduate,Veterinary Nursing,Tidak Beasiswa,Lunas,Tidak Menunggak,Perempuan,3-4,11-12,15-20,0
Enrolled,Journalism & Communication,Tidak Beasiswa,Lunas,Tidak Menunggak,Perempuan,5-6,15+,15-20,0
Graduate,Social Service,Beasiswa,Lunas,Tidak Menunggak,Perempuan,5-6,13-14,15-20,0
Graduate,Nursing,Tidak Beasiswa,Lunas,Tidak Menunggak,Perempuan,7+,13-14,15-20,0
Dropout,Communication Design,Tidak Beasiswa,Belum Lunas,Menunggak,Perempuan,5-6,1-10,21-23,1
Graduate,Social Service (Evening),Beasiswa,Lunas,Menunggak,Perempuan,5-6,13-14,21-23,0
Enrolled,Management (Evening),Tidak Beasiswa,Lunas,Tidak Menunggak,Perempuan,3-4,11-12,24-30,0
Graduate,Veterinary Nursing,Tidak Beasiswa,Lunas,Tidak Menunggak,Perempuan,5-6,13-14,15-20,0
Dropout,Equinculture,Tidak Beasiswa,Belum Lunas,Tidak Menunggak,Perempuan,3-4,11-12,21-23,1
Graduate,Nursing,Tidak Beasiswa,Lunas,Tidak Menunggak,Perempuan,7+,15+,24-30,0
Graduate,Nursing,Tidak Beasiswa,Lunas,Tidak Menunggak,Perempuan,5-6,13-14,15-20,0
Dropout,Tourism,Tidak Beasiswa,Belum Lunas,Tidak Menunggak,Perempuan,0,0,15-20,1
Dropout,Oral Hygiene,Tidak Beasiswa,Lunas,Tidak Menunggak,Laki-laki,0,0,15-20,1
Graduate,Management (Evening),Beasiswa,Lunas,Tidak Menunggak,Laki-laki,5-6,13-14,31+,0
Graduate,Veterinary Nursing,Tidak Beasiswa,Lunas,Tidak Menunggak,Laki-laki,5-6,13-14,21-23,0
Dropout,Nursing,Tidak Beasiswa,Lunas,Tidak Menunggak,Laki-laki,0,0,24-30,1
Enrolled,Informatics Engineering,Tidak Beasiswa,Lunas,Tidak Menunggak,Laki-laki,1-2,13-14,15-20,0
Enrolled,Journalism & Communication,Tidak Beasiswa,Lunas,Tidak Menunggak,Laki-laki,3-4,13-14,15-20,0
Dropout,Advertising & Marketing Mgmt,Tidak Beasiswa,Lunas,Menunggak,Laki-laki,5-6,11-12,15-20,1
Dropout,Advertising & Marketing Mgmt,Tidak Beasiswa,Lunas,Tidak Menunggak,Laki-laki,3-4,13-14,21-23,1
Graduate,Communication Design,Tidak Beasiswa,Lunas,Tidak Menunggak,Laki-laki,5-6,13-14,15-20,0
Graduate,Communication Design,Tidak Beasiswa,Lunas,Tidak Menunggak,Laki-laki,5-6,15+,21-23,0
Graduate,Veterinary Nursing,Tidak Beasiswa,Lunas,Tidak Menunggak,Laki-laki,5-6,13-14,21-23,0
Dropout,Oral Hygiene,Tidak Beasiswa,Belum Lunas,Menunggak,Laki-laki,0,0,31+,1
Enrolled,Animation & Multimedia Design,Tidak Beasiswa,Lunas,Tidak Menunggak,Laki-laki,0,0,15-20,0
Dropout,Animation & Multimedia Design,Tidak Beasiswa,Lunas,Tidak Menunggak,Laki-laki,0,0,15-20,1
Dropout,Informatics Engineering,Tidak Beasiswa,Lunas,Tidak Menunggak,Laki-laki,0,0,24-30,1
Dropout,Communication Design,Tidak Beasiswa,Belum Lunas,Tidak Menunggak,Laki-laki,0,0,15-20,1
Graduate,Nursing,Beasiswa,Lunas,Tidak Menunggak,Laki-laki,7+,15+,15-20,0
Enrolled,Management,Tidak Beasiswa,Lunas,Tidak Menunggak,Laki-laki,3-4,13-14,15-20,0
Dropout,Informatics Engineering,Tidak Beasiswa,Lunas,Tidak Menunggak,Laki-laki,0,0,31+,1
Graduate,Advertising & Marketing Mgmt,Beasiswa,Lunas,Tidak Menunggak,Laki-laki,5-6,13-14,15-20,0
Graduate,Communication Design,Tidak Beasiswa,Lunas,Tidak Menunggak,Laki-laki,5-6,13-14,21-23,0
Dropout,Veterinary Nursing,Tidak Beasiswa,Lunas,Tidak Menunggak,Laki-laki,0,0,24-30,1
Dropout,Nursing,Tidak Beasiswa,Lunas,Tidak Menunggak,Laki-laki,0,0,15-20,1
Dropout,Nursing,Tidak Beasiswa,Lunas,Tidak Menunggak,Laki-laki,0,0,24-30,1
Graduate,Nursing,Beasiswa,Lunas,Tidak Menunggak,Laki-laki,7+,15+,15-20,0
Graduate,Journalism & Communication,Tidak Beasiswa,Lunas,Tidak Menunggak,Laki-laki,5-6,15+,15-20,0
Dropout,Journalism & Communication,Tidak Beasiswa,Lunas,Tidak Menunggak,Laki-laki,0,0,15-20,1
Graduate,Social Service,Tidak Beasiswa,Lunas,Tidak Menunggak,Laki-laki,5-6,11-12,15-20,0
Graduate,Advertising & Marketing Mgmt,Beasiswa,Lunas,Tidak Menunggak,Laki-laki,5-6,13-14,24-30,0
Enrolled,Informatics Engineering,Tidak Beasiswa,Lunas,Tidak Menunggak,Laki-laki,3-4,11-12,15-20,0
Dropout,Animation & Multimedia Design,Tidak Beasiswa,Lunas,Tidak Menunggak,Laki-laki,0,0,15-20,1
Enrolled,Management,Tidak Beasiswa,Lunas,Tidak Menunggak,Laki-laki,3-4,13-14,15-20,0
Dropout,Oral Hygiene,Tidak Beasiswa,Lunas,Tidak Menunggak,Laki-laki,3-4,13-14,24-30,1
Graduate,Nursing,Tidak Beasiswa,Lunas,Tidak Menunggak,Perempuan,5-6,13-14,15-20,0
Enrolled,Management (Evening),Tidak Beasiswa,Lunas,Tidak Menunggak,Perempuan,7+,11-12,31+,0
Graduate,Nursing,Beasiswa,Lunas,Tidak Menunggak,Perempuan,7+,13-14,15-20,0
Dropout,Nursing,Tidak Beasiswa,Belum Lunas,Tidak Menunggak,Perempuan,5-6,11-12,31+,1
Enrolled,Veterinary Nursing,Tidak Beasiswa,Belum Lunas,Menunggak,Perempuan,1-2,11-12,24-30,0
Graduate,Social Service,Beasiswa,Lunas,Tidak Menunggak,Perempuan,5-6,13-14,15-20,0
Graduate,Nursing,Tidak Beasiswa,Lunas,Tidak Menunggak,Perempuan,7+,13-14,15-20,0
Graduate,Nursing,Beasiswa,Lunas,Tidak Menunggak,Perempuan,5-6,13-14,15-20,0
Enrolled,Nursing,Beasiswa,Lunas,Tidak Menunggak,Laki-laki,1-2,1-10,31+,0
Dropout,Informatics Engineering,Tidak Beasiswa,Lunas,Tidak Menunggak,Laki-laki,1-2,15+,24-30,1
Dropout,Management (Evening),Tidak Beasiswa,Lunas,Tidak Menunggak,Laki-laki,0,0,24-30,1
Graduate,Veterinary Nursing,Tidak Beasiswa,Lunas,Tidak Menunggak,Laki-laki,5-6,13-14,15-20,0
Graduate,Tourism,Beasiswa,Lunas,Tidak Menunggak,Perempuan,5-6,11-12,15-20,0
Graduate,Veterinary Nursing,Tidak Beasiswa,Lunas,Tidak Menunggak,Perempuan,7+,15+,21-23,0
Graduate,Journalism & Communication,Beasiswa,Lunas,Tidak Menunggak,Perempuan,5-6,13-14,15-20,0
Graduate,Animation & Multimedia Design,Tidak Beasiswa,Lunas,Tidak Menunggak,Perempuan,7+,13-14,21-23,0
Dropout,Management (Evening),Tidak Beasiswa,Lunas,Tidak Menunggak,Perempuan,3-4,11-12,31+,1
Graduate,Social Service,Beasiswa,Lunas,Tidak Menunggak,Perempuan,7+,13-14,24-30,0
Enrolled,Equinculture,Beasiswa,Lunas,Tidak Menunggak,Perempuan,3-4,11-12,15-20,0
Dropout,Tourism,Tidak Beasiswa,Belum Lunas,Tidak Menunggak,Perempuan,0,0,15-20,1
Graduate,Management (Evening),Tidak Beasiswa,Lunas,Tidak Menunggak,Laki-laki,7+,13-14,31+,0
Graduate,Management,Tidak Beasiswa,Lunas,Tidak Menunggak,Laki-laki,5-6,13-14,15-20,0
Dropout,Equinculture,Tidak Beasiswa,Belum Lunas,Tidak Menunggak,Laki-laki,3-4,11-12,15-20,1
Dropout,Informatics Engineering,Tidak Beasiswa,Lunas,Menunggak,Laki-laki,1-2,13-14,31+,1
Enrolled,Social Service (Evening),Tidak Beasiswa,Lunas,Tidak Menunggak,Laki-laki,7+,11-12,31+,0
Dropout,Management,Tidak Beasiswa,Belum Lunas,Tidak Menunggak,Laki-laki,3-4,11-12,21-23,1
Graduate,Communication Design,Tidak Beasiswa,Lunas,Tidak Menunggak,Laki-laki,7+,13-14,21-23,0
Graduate,Nursing,Tidak Beasiswa,Lunas,Tidak Menunggak,Laki-laki,7+,13-14,15-20,0
Enrolled,Nursing,Tidak Beasiswa,Lunas,Tidak Menunggak,Laki-laki,7+,13-14,15-20,0
Graduate,Agronomy,Tidak Beasiswa,Lunas,Tidak Menunggak,Laki-laki,5-6,13-14,24-30,0
Dropout,Communication Design,Tidak Beasiswa,Belum Lunas,Tidak Menunggak,Laki-laki,0,0,31+,1
Dropout,Equinculture,Tidak Beasiswa,Lunas,Tidak Menunggak,Laki-laki,3-4,13-14,15-20,1
Enrolled,Tourism,Tidak Beasiswa,Lunas,Tidak Menunggak,Laki-laki,1-2,11-12,15-20,0
Dropout,Equinculture,Tidak Beasiswa,Lunas,Tidak Menunggak,Laki-laki,5-6,13-14,15-20,1
Dropout,Journalism & Communication,Tidak Beasiswa,Belum Lunas,Menunggak,Laki-laki,1-2,1-10,15-20,1
Dropout,Advertising & Marketing Mgmt,Tidak Beasiswa,Belum Lunas,Menunggak,Laki-laki,0,0,31+,1
Dropout,Veterinary Nursing,Tidak Beasiswa,Lunas,Tidak Menunggak,Laki-laki,3-4,1-10,24-30,1
Dropout,Equinculture,Tidak Beasiswa,Belum Lunas,Menunggak,Laki-laki,3-4,11-12,24-30,1
Dropout,Agronomy,Tidak Beasiswa,Belum Lunas,Tidak Menunggak,Laki-laki,0,0,24-30,1
Dropout,Agronomy,Tidak Beasiswa,Belum Lunas,Menunggak,Laki-laki,0,0,24-30,1
Dropout,Communication Design,Tidak Beasiswa,Lunas,Tidak Menunggak,Laki-laki,7+,13-14,24-30,1
Enrolled,Agronomy,Tidak Beasiswa,Lunas,Tidak Menunggak,Laki-laki,3-4,13-14,21-23,0
Graduate,Animation & Multimedia Design,Beasiswa,Lunas,Tidak Menunggak,Laki-laki,0,0,15-20,0
Enrolled,Communication Design,Tidak Beasiswa,Lunas,Tidak Menunggak,Laki-laki,3-4,11-12,15-20,0
Enrolled,Informatics Engineering,Tidak Beasiswa,Lunas,Tidak Menunggak,Laki-laki,1-2,11-12,15-20,0
Dropout,Informatics Engineering,Tidak Beasiswa,Belum Lunas,Menunggak,Laki-laki,0,0,15-20,1
Enrolled,Informatics Engineering,Beasiswa,Belum Lunas,Tidak Menunggak,Laki-laki,5-6,15+,15-20,0
Enrolled,Animation & Multimedia Design,Tidak Beasiswa,Lunas,Menunggak,Laki-laki,7+,13-14,15-20,0
Dropout,Equinculture,Tidak Beasiswa,Belum Lunas,Tidak Menunggak,Perempuan,0,0,21-23,1
Graduate,Advertising & Marketing Mgmt,Tidak Beasiswa,Lunas,Tidak Menunggak,Perempuan,5-6,15+,15-20,0
Graduate,Nursing,Beasiswa,Lunas,Tidak Menunggak,Perempuan,7+,13-14,15-20,0
Graduate,Social Service,Tidak Beasiswa,Lunas,Menunggak,Perempuan,5-6,11-12,15-20,0
Dropout,Animation & Multimedia Design,Beasiswa,Lunas,Tidak Menunggak,Perempuan,0,0,15-20,1
Graduate,Journalism & Communication,Tidak Beasiswa,Lunas,Tidak Menunggak,Laki-laki,5-6,15+,31+,0
Graduate,Management,Tidak Beasiswa,Lunas,Menunggak,Laki-laki,3-4,11-12,15-20,0
Graduate,Management,Beasiswa,Lunas,Tidak Menunggak,Laki-laki,7+,13-14,21-23,0
Dropout,Management,Tidak Beasiswa,Lunas,Tidak Menunggak,Perempuan,0,0,24-30,1
Dropout,Agronomy,Tidak Beasiswa,Belum Lunas,Menunggak,Perempuan,1-2,13-14,24-30,1
Enrolled,Tourism,Tidak Beasiswa,Belum Lunas,Tidak Menunggak,Laki-laki,5-6,13-14,24-30,0
Dropout,Nursing,Tidak Beasiswa,Lunas,Tidak Menunggak,Laki-laki,0,0,24-30,1
Enrolled,Management,Tidak Beasiswa,Lunas,Menunggak,Laki-laki,3-4,11-12,31+,0
Enrolled,Basic Education,Beasiswa,Lunas,Tidak Menunggak,Perempuan,5-6,11-12,21-23,0
Enrolled,Management,Tidak Beasiswa,Lunas,Tidak Menunggak,Perempuan,3-4,1-10,24-30,0
Graduate,Journalism & Communication,Beasiswa,Lunas,Tidak Menunggak,Perempuan,5-6,15+,15-20,0
Enrolled,Agronomy,Tidak Beasiswa,Lunas,Tidak Menunggak,Laki-laki,3-4,11-12,24-30,0
Enrolled,Tourism,Tidak Beasiswa,Lunas,Tidak Menunggak,Laki-laki,3-4,1-10,15-20,0
Dropout,Journalism & Communication,Tidak Beasiswa,Belum Lunas,Tidak Menunggak,Laki-laki,0,0,15-20,1
Graduate,Tourism,Tidak Beasiswa,Lunas,Tidak Menunggak,Laki-laki,7+,11-12,31+,0
Dropout,Management (Evening),Tidak Beasiswa,Lunas,Menunggak,Laki-laki,5-6,11-12,31+,1
Graduate,Management,Tidak Beasiswa,Lunas,Tidak Menunggak,Laki-laki,3-4,11-12,21-23,0
Graduate,Nursing,Tidak Beasiswa,Lunas,Tidak Menunggak,Laki-laki,7+,15+,15-20,0
Enrolled,Advertising & Marketing Mgmt,Tidak Beasiswa,Lunas,Tidak Menunggak,Laki-laki,5-6,13-14,21-23,0
Graduate,Communication Design,Beasiswa,Lunas,Tidak Menunggak,Laki-laki,5-6,11-12,21-23,0
Dropout,Nursing,Tidak Beasiswa,Lunas,Tidak Menunggak,Laki-laki,7+,15+,24-30,1
Enrolled,Management,Tidak Beasiswa,Lunas,Menunggak,Laki-laki,1-2,11-12,15-20,0
Dropout,Nursing,Tidak Beasiswa,Lunas,Tidak Menunggak,Laki-laki,7+,15+,24-30,1
Enrolled,Management,Tidak Beasiswa,Lunas,Tidak Menunggak,Laki-laki,3-4,11-12,24-30,0
Dropout,Social Service,Tidak Beasiswa,Lunas,Tidak Menunggak,Laki-laki,0,0,31+,1
Graduate,Management (Evening),Tidak Beasiswa,Lunas,Tidak Menunggak,Laki-laki,3-4,13-14,24-30,0
Dropout,Communication Design,Tidak Beasiswa,Lunas,Tidak Menunggak,Laki-laki,0,0,21-23,1
Graduate,Tourism,Beasiswa,Lunas,Tidak Menunggak,Laki-laki,5-6,11-12,15-20,0
Graduate,Nursing,Tidak Beasiswa,Lunas,Tidak Menunggak,Laki-laki,7+,13-14,24-30,0
Dropout,Management,Tidak Beasiswa,Lunas,Tidak Menunggak,Laki-laki,0,0,15-20,1
Dropout,Management (Evening),Tidak Beasiswa,Lunas,Menunggak,Laki-laki,1-2,13-14,24-30,1
Dropout,Veterinary Nursing,Tidak Beasiswa,Lunas,Tidak Menunggak,Laki-laki,0,0,21-23,1
Enrolled,Nursing,Tidak Beasiswa,Lunas,Tidak Menunggak,Perempuan,5-6,13-14,21-23,0
Graduate,Nursing,Beasiswa,Lunas,Tidak Menunggak,Perempuan,7+,13-14,15-20,0
Graduate,Social Service,Beasiswa,Lunas,Tidak Menunggak,Perempuan,5-6,13-14,15-20,0
Dropout,Veterinary Nursing,Beasiswa,Lunas,Tidak Menunggak,Perempuan,3-4,11-12,15-20,1
Dropout,Agronomy,Tidak Beasiswa,Belum Lunas,Menunggak,Perempuan,3-4,13-14,31+,1
Dropout,Tourism,Tidak Beasiswa,Belum Lunas,Menunggak,Perempuan,0,0,15-20,1
Dropout,Nursing,Tidak Beasiswa,Lunas,Tidak Menunggak,Laki-laki,5-6,13-14,15-20,1
Graduate,Social Service (Evening),Tidak Beasiswa,Lunas,Tidak Menunggak,Laki-laki,7+,13-14,31+,0
Graduate,Management,Beasiswa,Lunas,Tidak Menunggak,Laki-laki,5-6,13-14,15-20,0
Dropout,Advertising & Marketing Mgmt,Tidak Beasiswa,Lunas,Tidak Menunggak,Laki-laki,3-4,11-12,21-23,1
Dropout,Management,Tidak Beasiswa,Belum Lunas,Menunggak,Laki-laki,0,0,31+,1
Dropout,Management (Evening),Tidak Beasiswa,Lunas,Tidak Menunggak,Laki-laki,0,0,31+,1
Enrolled,Informatics Engineering,Beasiswa,Lunas,Tidak Menunggak,Laki-laki,3-4,11-12,15-20,0
Dropout,Advertising & Marketing Mgmt,Tidak Beasiswa,Lunas,Tidak Menunggak,Laki-laki,0,0,15-20,1
Enrolled,Informatics Engineering,Beasiswa,Belum Lunas,Tidak Menunggak,Laki-laki,3-4,11-12,15-20,0
Graduate,Management (Evening),Tidak Beasiswa,Lunas,Tidak Menunggak,Laki-laki,5-6,13-14,24-30,0
Graduate,Tourism,Tidak Beasiswa,Lunas,Tidak Menunggak,Laki-laki,5-6,13-14,24-30,0
Graduate,Nursing,Beasiswa,Lunas,Tidak Menunggak,Perempuan,7+,13-14,15-20,0
Dropout,Nursing,Tidak Beasiswa,Lunas,Tidak Menunggak,Laki-laki,5-6,13-14,31+,1
Graduate,Management,Tidak Beasiswa,Lunas,Tidak Menunggak,Laki-laki,5-6,11-12,15-20,0
Dropout,Communication Design,Tidak Beasiswa,Lunas,Tidak Menunggak,Laki-laki,0,0,15-20,1
Enrolled,Agronomy,Tidak Beasiswa,Lunas,Menunggak,Laki-laki,5-6,13-14,24-30,0
Graduate,Management (Evening),Tidak Beasiswa,Lunas,Tidak Menunggak,Perempuan,7+,11-12,31+,0
Graduate,Communication Design,Tidak Beasiswa,Lunas,Tidak Menunggak,Perempuan,5-6,13-14,24-30,0
Dropout,Journalism & Communication,Tidak Beasiswa,Belum Lunas,Menunggak,Perempuan,0,0,15-20,1
Dropout,Nursing,Tidak Beasiswa,Lunas,Tidak Menunggak,Perempuan,7+,15+,15-20,1
Enrolled,Veterinary Nursing,Tidak Beasiswa,Belum Lunas,Tidak Menunggak,Perempuan,3-4,11-12,15-20,0
Enrolled,Nursing,Beasiswa,Lunas,Tidak Menunggak,Perempuan,5-6,11-12,15-20,0
Enrolled,Management,Tidak Beasiswa,Lunas,Tidak Menunggak,Perempuan,0,0,15-20,0
Dropout,Advertising & Marketing Mgmt,Tidak Beasiswa,Lunas,Tidak Menunggak,Perempuan,1-2,11-12,24-30,1
Graduate,Social Service,Tidak Beasiswa,Lunas,Tidak Menunggak,Perempuan,5-6,13-14,15-20,0
Graduate,Tourism,Tidak Beasiswa,Lunas,Tidak Menunggak,Perempuan,5-6,15+,15-20,0
Graduate,Social Service,Beasiswa,Lunas,Tidak Menunggak,Perempuan,5-6,15+,15-20,0
Enrolled,Veterinary Nursing,Tidak Beasiswa,Lunas,Tidak Menunggak,Perempuan,1-2,11-12,21-23,0
Dropout,Nursing,Tidak Beasiswa,Belum Lunas,Menunggak,Perempuan,0,0,24-30,1
Enrolled,Management,Beasiswa,Lunas,Tidak Menunggak,Perempuan,5-6,11-12,15-20,0
Dropout,Basic Education,Tidak Beasiswa,Lunas,Menunggak,Perempuan,3-4,11-12,15-20,1
Graduate,Social Service,Beasiswa,Lunas,Tidak Menunggak,Perempuan,5-6,13-14,15-20,0
Graduate,Management,Beasiswa,Lunas,Tidak Menunggak,Perempuan,5-6,11-12,15-20,0
Dropout,Management,Beasiswa,Belum Lunas,Tidak Menunggak,Perempuan,3-4,13-14,15-20,1
Graduate,Nursing,Beasiswa,Lunas,Tidak Menunggak,Perempuan,7+,15+,15-20,0
Graduate,Social Service,Beasiswa,Lunas,Menunggak,Perempuan,5-6,11-12,15-20,0
Graduate,Social Service (Evening),Tidak Beasiswa,Lunas,Tidak Menunggak,Perempuan,7+,13-14,31+,0
Enrolled,Nursing,Tidak Beasiswa,Lunas,Tidak Menunggak,Perempuan,5-6,13-14,31+,0
Graduate,Nursing,Tidak Beasiswa,Lunas,Tidak Menunggak,Perempuan,7+,13-14,15-20,0
Graduate,Communication Design,Tidak Beasiswa,Lunas,Tidak Menunggak,Perempuan,1-2,15+,24-30,0
Dropout,Journalism & Communication,Tidak Beasiswa,Lunas,Tidak Menunggak,Perempuan,0,0,15-20,1
Dropout,Equinculture,Tidak Beasiswa,Lunas,Tidak Menunggak,Laki-laki,0,0,15-20,1
Graduate,Management,Beasiswa,Lunas,Tidak Menunggak,Laki-laki,3-4,11-12,15-20,0
Enrolled,Management,Tidak Beasiswa,Lunas,Menunggak,Laki-laki,5-6,11-12,15-20,0
Graduate,Nursing,Tidak Beasiswa,Lunas,Menunggak,Laki-laki,7+,13-14,15-20,0
Dropout,Equinculture,Tidak Beasiswa,Lunas,Tidak Menunggak,Laki-laki,1-2,13-14,15-20,1
Dropout,Agronomy,Tidak Beasiswa,Lunas,Tidak Menunggak,Laki-laki,3-4,13-14,15-20,1
Dropout,Management (Evening),Tidak Beasiswa,Lunas,Tidak Menunggak,Laki-laki,1-2,1-10,31+,1
Graduate,Nursing,Tidak Beasiswa,Lunas,Tidak Menunggak,Laki-laki,7+,13-14,15-20,0
Enrolled,Tourism,Tidak Beasiswa,Lunas,Tidak Menunggak,Laki-laki,3-4,11-12,15-20,0
Dropout,Nursing,Tidak Beasiswa,Belum Lunas,Tidak Menunggak,Laki-laki,0,0,21-23,1
Dropout,Informatics Engineering,Tidak Beasiswa,Lunas,Tidak Menunggak,Laki-laki,5-6,15+,15-20,1
Graduate,Management,Tidak Beasiswa,Lunas,Tidak Menunggak,Laki-laki,5-6,11-12,15-20,0
Graduate,Agronomy,Tidak Beasiswa,Lunas,Tidak Menunggak,Laki-laki,5-6,15+,15-20,0
Dropout,Veterinary Nursing,Tidak Beasiswa,Belum Lunas,Menunggak,Laki-laki,1-2,11-12,31+,1
Dropout,Advertising & Marketing Mgmt,Tidak Beasiswa,Belum Lunas,Tidak Menunggak,Laki-laki,0,0,31+,1
Graduate,Communication Design,Beasiswa,Belum Lunas,Menunggak,Perempuan,5-6,13-14,15-20,0
Graduate,Social Service,Tidak Beasiswa,Belum Lunas,Menunggak,Laki-laki,5-6,13-14,21-23,0
Graduate,Communication Design,Tidak Beasiswa,Lunas,Tidak Menunggak,Laki-laki,5-6,13-14,15-20,0
Enrolled,Management (Evening),Tidak Beasiswa,Lunas,Tidak Menunggak,Laki-laki,1-2,13-14,24-30,0
Dropout,Informatics Engineering,Tidak Beasiswa,Lunas,Menunggak,Laki-laki,0,0,24-30,1
Enrolled,Informatics Engineering,Tidak Beasiswa,Lunas,Tidak Menunggak,Laki-laki,1-2,11-12,31+,0
Dropout,Tourism,Tidak Beasiswa,Belum Lunas,Tidak Menunggak,Laki-laki,0,0,15-20,1
Graduate,Communication Design,Tidak Beasiswa,Lunas,Tidak Menunggak,Laki-laki,5-6,13-14,15-20,0
Dropout,Equinculture,Beasiswa,Lunas,Tidak Menunggak,Laki-laki,0,0,24-30,1
Graduate,Management (Evening),Tidak Beasiswa,Lunas,Tidak Menunggak,Laki-laki,5-6,13-14,24-30,0
Dropout,Management,Tidak Beasiswa,Belum Lunas,Tidak Menunggak,Laki-laki,0,0,24-30,1
Dropout,Management (Evening),Tidak Beasiswa,Belum Lunas,Menunggak,Laki-laki,0,0,31+,1
Graduate,Animation & Multimedia Design,Beasiswa,Lunas,Tidak Menunggak,Laki-laki,7+,15+,15-20,0
Graduate,Journalism & Communication,Tidak Beasiswa,Lunas,Tidak Menunggak,Laki-laki,3-4,13-14,15-20,0
Dropout,Advertising & Marketing Mgmt,Tidak Beasiswa,Belum Lunas,Menunggak,Laki-laki,0,0,21-23,1
Dropout,Nursing,Beasiswa,Lunas,Tidak Menunggak,Laki-laki,0,0,15-20,1
Graduate,Nursing,Tidak Beasiswa,Lunas,Tidak Menunggak,Laki-laki,7+,15+,15-20,0
Dropout,Social Service (Evening),Tidak Beasiswa,Lunas,Tidak Menunggak,Laki-laki,0,0,24-30,1
Graduate,Journalism & Communication,Beasiswa,Lunas,Tidak Menunggak,Laki-laki,3-4,13-14,15-20,0
Graduate,Nursing,Tidak Beasiswa,Lunas,Tidak Menunggak,Laki-laki,5-6,13-14,24-30,0
Dropout,Oral Hygiene,Tidak Beasiswa,Lunas,Tidak Menunggak,Laki-laki,0,0,31+,1
Dropout,Nursing,Tidak Beasiswa,Lunas,Tidak Menunggak,Laki-laki,0,0,15-20,1
Dropout,Animation & Multimedia Design,Beasiswa,Belum Lunas,Menunggak,Laki-laki,0,0,15-20,1
Graduate,Nursing,Tidak Beasiswa,Lunas,Tidak Menunggak,Laki-laki,7+,13-14,15-20,0
Enrolled,Informatics Engineering,Tidak Beasiswa,Lunas,Menunggak,Laki-laki,5-6,15+,31+,0
Dropout,Agronomy,Tidak Beasiswa,Lunas,Tidak Menunggak,Laki-laki,3-4,11-12,31+,1
Dropout,Tourism,Tidak Beasiswa,Lunas,Tidak Menunggak,Perempuan,0,0,15-20,1
Graduate,Animation & Multimedia Design,Tidak Beasiswa,Lunas,Tidak Menunggak,Laki-laki,0,0,15-20,0
Enrolled,Nursing,Tidak Beasiswa,Lunas,Tidak Menunggak,Perempuan,3-4,11-12,31+,0
Graduate,Nursing,Tidak Beasiswa,Lunas,Tidak Menunggak,Perempuan,5-6,13-14,15-20,0
Dropout,Agronomy,Tidak Beasiswa,Belum Lunas,Tidak Menunggak,Laki-laki,3-4,11-12,24-30,1
Dropout,Journalism & Communication,Tidak Beasiswa,Belum Lunas,Menunggak,Laki-laki,0,0,31+,1
Graduate,Veterinary Nursing,Tidak Beasiswa,Lunas,Tidak Menunggak,Perempuan,5-6,15+,15-20,0
Graduate,Animation & Multimedia Design,Tidak Beasiswa,Lunas,Tidak Menunggak,Perempuan,0,0,15-20,0
Graduate,Animation & Multimedia Design,Tidak Beasiswa,Lunas,Tidak Menunggak,Perempuan,0,0,15-20,0
Graduate,Nursing,Beasiswa,Lunas,Tidak Menunggak,Perempuan,7+,13-14,15-20,0
Dropout,Equinculture,Tidak Beasiswa,Lunas,Tidak Menunggak,Perempuan,0,0,15-20,1
Enrolled,Animation & Multimedia Design,Tidak Beasiswa,Lunas,Tidak Menunggak,Perempuan,0,0,15-20,0
Graduate,Animation & Multimedia Design,Tidak Beasiswa,Lunas,Tidak Menunggak,Perempuan,7+,13-14,21-23,0
Enrolled,Communication Design,Tidak Beasiswa,Lunas,Tidak Menunggak,Perempuan,3-4,11-12,15-20,0
Enrolled,Veterinary Nursing,Tidak Beasiswa,Lunas,Tidak Menunggak,Perempuan,1-2,11-12,21-23,0
Dropout,Journalism & Communication,Tidak Beasiswa,Belum Lunas,Menunggak,Perempuan,3-4,11-12,15-20,1
Graduate,Animation & Multimedia Design,Tidak Beasiswa,Lunas,Tidak Menunggak,Perempuan,0,0,15-20,0
Graduate,Veterinary Nursing,Tidak Beasiswa,Lunas,Tidak Menunggak,Perempuan,7+,13-14,21-23,0
Graduate,Journalism & Communication,Tidak Beasiswa,Lunas,Menunggak,Perempuan,5-6,13-14,15-20,0
Graduate,Veterinary Nursing,Tidak Beasiswa,Lunas,Tidak Menunggak,Perempuan,7+,13-14,24-30,0
Graduate,Equinculture,Tidak Beasiswa,Lunas,Tidak Menunggak,Perempuan,5-6,13-14,15-20,0
Graduate,Nursing,Tidak Beasiswa,Lunas,Tidak Menunggak,Perempuan,5-6,13-14,15-20,0
Graduate,Journalism & Communication,Tidak Beasiswa,Lunas,Tidak Menunggak,Perempuan,5-6,11-12,15-20,0
Graduate,Social Service,Beasiswa,Lunas,Tidak Menunggak,Perempuan,5-6,15+,15-20,0
Graduate,Nursing,Tidak Beasiswa,Lunas,Tidak Menunggak,Perempuan,7+,15+,15-20,0
Graduate,Nursing,Tidak Beasiswa,Lunas,Tidak Menunggak,Perempuan,7+,13-14,15-20,0
Enrolled,Basic Education,Tidak Beasiswa,Lunas,Tidak Menunggak,Perempuan,5-6,11-12,15-20,0
Graduate,Nursing,Tidak Beasiswa,Lunas,Tidak Menunggak,Perempuan,5-6,15+,15-20,0
Graduate,Advertising & Marketing Mgmt,Tidak Beasiswa,Lunas,Tidak Menunggak,Perempuan,5-6,13-14,15-20,0
Graduate,Nursing,Tidak Beasiswa,Lunas,Tidak Menunggak,Perempuan,7+,13-14,15-20,0
Graduate,Oral Hygiene,Tidak Beasiswa,Lunas,Tidak Menunggak,Perempuan,7+,15+,15-20,0
Dropout,Social Service (Evening),Tidak Beasiswa,Belum Lunas,Menunggak,Perempuan,0,0,15-20,1
Graduate,Basic Education,Tidak Beasiswa,Lunas,Tidak Menunggak,Perempuan,5-6,13-14,15-20,0
Graduate,Nursing,Tidak Beasiswa,Lunas,Tidak Menunggak,Perempuan,5-6,13-14,15-20,0
Graduate,Nursing,Beasiswa,Lunas,Tidak Menunggak,Perempuan,5-6,13-14,15-20,0
Graduate,Nursing,Tidak Beasiswa,Lunas,Tidak Menunggak,Perempuan,7+,13-14,15-20,0
Graduate,Communication Design,Beasiswa,Lunas,Tidak Menunggak,Perempuan,5-6,13-14,21-23,0
Enrolled,Advertising & Marketing Mgmt,Tidak Beasiswa,Lunas,Menunggak,Perempuan,5-6,15+,15-20,0
Enrolled,Veterinary Nursing,Tidak Beasiswa,Lunas,Tidak Menunggak,Perempuan,1-2,13-14,15-20,0
Graduate,Social Service,Tidak Beasiswa,Lunas,Tidak Menunggak,Perempuan,5-6,13-14,15-20,0
Enrolled,Basic Education,Tidak Beasiswa,Lunas,Tidak Menunggak,Perempuan,3-4,1-10,15-20,0
Graduate,Management,Tidak Beasiswa,Lunas,Tidak Menunggak,Perempuan,3-4,13-14,15-20,0
Dropout,Advertising & Marketing Mgmt,Beasiswa,Lunas,Menunggak,Perempuan,0,0,15-20,1
Graduate,Social Service,Tidak Beasiswa,Lunas,Tidak Menunggak,Perempuan,5-6,13-14,15-20,0
Graduate,Veterinary Nursing,Beasiswa,Lunas,Tidak Menunggak,Perempuan,5-6,13-14,15-20,0
Graduate,Journalism & Communication,Beasiswa,Lunas,Tidak Menunggak,Perempuan,5-6,13-14,15-20,0
Enrolled,Communication Design,Beasiswa,Belum Lunas,Tidak Menunggak,Perempuan,5-6,13-14,15-20,0
Graduate,Nursing,Beasiswa,Lunas,Tidak Menunggak,Perempuan,7+,15+,15-20,0
Graduate,Nursing,Tidak Beasiswa,Lunas,Tidak Menunggak,Perempuan,7+,13-14,15-20,0
Graduate,Advertising & Marketing Mgmt,Tidak Beasiswa,Lunas,Tidak Menunggak,Perempuan,5-6,13-14,15-20,0
Graduate,Social Service,Tidak Beasiswa,Lunas,Tidak Menunggak,Perempuan,3-4,11-12,15-20,0
Graduate,Nursing,Beasiswa,Lunas,Tidak Menunggak,Perempuan,7+,13-14,24-30,0
Graduate,Nursing,Beasiswa,Lunas,Tidak Menunggak,Perempuan,7+,13-14,15-20,0
Graduate,Nursing,Tidak Beasiswa,Lunas,Tidak Menunggak,Perempuan,7+,13-14,15-20,0
Graduate,Equinculture,Tidak Beasiswa,Lunas,Tidak Menunggak,Perempuan,3-4,13-14,15-20,0
Graduate,Nursing,Tidak Beasiswa,Lunas,Tidak Menunggak,Perempuan,5-6,13-14,15-20,0
Dropout,Veterinary Nursing,Tidak Beasiswa,Lunas,Tidak Menunggak,Perempuan,1-2,11-12,24-30,1
Graduate,Journalism & Communication,Tidak Beasiswa,Lunas,Tidak Menunggak,Perempuan,5-6,11-12,21-23,0
Graduate,Tourism,Beasiswa,Lunas,Tidak Menunggak,Perempuan,5-6,13-14,15-20,0
Graduate,Social Service,Tidak Beasiswa,Lunas,Tidak Menunggak,Perempuan,5-6,13-14,15-20,0
Graduate,Communication Design,Beasiswa,Lunas,Tidak Menunggak,Perempuan,5-6,15+,15-20,0
Graduate,Communication Design,Tidak Beasiswa,Lunas,Tidak Menunggak,Perempuan,5-6,11-12,15-20,0
Dropout,Journalism & Communication,Beasiswa,Lunas,Tidak Menunggak,Perempuan,5-6,13-14,15-20,1
Graduate,Nursing,Tidak Beasiswa,Lunas,Tidak Menunggak,Perempuan,7+,15+,24-30,0
Graduate,Nursing,Tidak Beasiswa,Lunas,Tidak Menunggak,Perempuan,7+,15+,15-20,0
Graduate,Veterinary Nursing,Tidak Beasiswa,Lunas,Tidak Menunggak,Perempuan,3-4,13-14,15-20,0
Graduate,Journalism & Communication,Beasiswa,Lunas,Tidak Menunggak,Perempuan,5-6,13-14,15-20,0
Graduate,Nursing,Tidak Beasiswa,Lunas,Tidak Menunggak,Perempuan,7+,13-14,15-20,0
Dropout,Tourism,Tidak Beasiswa,Lunas,Tidak Menunggak,Perempuan,0,0,15-20,1
Dropout,Tourism,Tidak Beasiswa,Lunas,Tidak Menunggak,Perempuan,0,0,15-20,1
Dropout,Animation & Multimedia Design,Tidak Beasiswa,Belum Lunas,Tidak Menunggak,Perempuan,0,0,15-20,1
Graduate,Tourism,Beasiswa,Lunas,Tidak Menunggak,Perempuan,5-6,11-12,15-20,0
Enrolled,Nursing,Tidak Beasiswa,Lunas,Tidak Menunggak,Perempuan,5-6,13-14,15-20,0
Graduate,Basic Education,Tidak Beasiswa,Lunas,Tidak Menunggak,Perempuan,5-6,13-14,15-20,0
Enrolled,Social Service,Tidak Beasiswa,Lunas,Tidak Menunggak,Perempuan,1-2,11-12,15-20,0
Graduate,Nursing,Tidak Beasiswa,Lunas,Tidak Menunggak,Perempuan,7+,15+,24-30,0
Dropout,Social Service,Tidak Beasiswa,Lunas,Tidak Menunggak,Perempuan,5-6,11-12,15-20,1
Enrolled,Veterinary Nursing,Tidak Beasiswa,Belum Lunas,Menunggak,Perempuan,5-6,13-14,24-30,0
Graduate,Social Service,Beasiswa,Lunas,Menunggak,Perempuan,5-6,13-14,15-20,0
Enrolled,Nursing,Beasiswa,Lunas,Tidak Menunggak,Perempuan,0,0,15-20,0
Graduate,Advertising & Marketing Mgmt,Beasiswa,Lunas,Tidak Menunggak,Perempuan,5-6,13-14,15-20,0
Graduate,Nursing,Beasiswa,Lunas,Tidak Menunggak,Perempuan,7+,13-14,15-20,0
Graduate,Veterinary Nursing,Tidak Beasiswa,Lunas,Tidak Menunggak,Perempuan,3-4,11-12,15-20,0
Graduate,Agronomy,Tidak Beasiswa,Lunas,Tidak Menunggak,Perempuan,7+,13-14,31+,0
Graduate,Veterinary Nursing,Tidak Beasiswa,Lunas,Tidak Menunggak,Perempuan,3-4,13-14,15-20,0
Enrolled,Veterinary Nursing,Tidak Beasiswa,Lunas,Tidak Menunggak,Perempuan,5-6,11-12,15-20,0
Enrolled,Basic Education,Tidak Beasiswa,Lunas,Menunggak,Perempuan,3-4,11-12,15-20,0
Graduate,Advertising & Marketing Mgmt,Tidak Beasiswa,Lunas,Tidak Menunggak,Perempuan,5-6,15+,15-20,0
Enrolled,Social Service,Tidak Beasiswa,Lunas,Menunggak,Perempuan,3-4,11-12,15-20,0
Graduate,Veterinary Nursing,Beasiswa,Lunas,Tidak Menunggak,Perempuan,5-6,13-14,15-20,0
Dropout,Advertising & Marketing Mgmt,Beasiswa,Lunas,Tidak Menunggak,Perempuan,5-6,13-14,15-20,1
Graduate,Management,Beasiswa,Lunas,Tidak Menunggak,Perempuan,5-6,13-14,21-23,0
Graduate,Nursing,Tidak Beasiswa,Lunas,Tidak Menunggak,Perempuan,7+,13-14,15-20,0
Dropout,Communication Design,Tidak Beasiswa,Lunas,Tidak Menunggak,Perempuan,7+,11-12,21-23,1
Enrolled,Nursing,Tidak Beasiswa,Lunas,Tidak Menunggak,Perempuan,7+,13-14,15-20,0
Graduate,Social Service,Tidak Beasiswa,Lunas,Tidak Menunggak,Perempuan,5-6,13-14,15-20,0
Enrolled,Veterinary Nursing,Tidak Beasiswa,Lunas,Tidak Menunggak,Perempuan,3-4,13-14,15-20,0
Graduate,Advertising & Marketing Mgmt,Beasiswa,Lunas,Tidak Menunggak,Perempuan,5-6,15+,15-20,0
Graduate,Management,Beasiswa,Lunas,Tidak Menunggak,Perempuan,5-6,13-14,15-20,0
Graduate,Social Service,Beasiswa,Lunas,Tidak Menunggak,Perempuan,5-6,11-12,15-20,0
Graduate,Veterinary Nursing,Beasiswa,Lunas,Tidak Menunggak,Perempuan,5-6,13-14,21-23,0
Graduate,Nursing,Tidak Beasiswa,Lunas,Tidak Menunggak,Perempuan,5-6,13-14,15-20,0
Graduate,Nursing,Beasiswa,Lunas,Tidak Menunggak,Perempuan,7+,15+,15-20,0
Graduate,Tourism,Beasiswa,Lunas,Tidak Menunggak,Perempuan,3-4,11-12,15-20,0
Graduate,Nursing,Beasiswa,Lunas,Tidak Menunggak,Perempuan,7+,15+,31+,0
Enrolled,Management (Evening),Tidak Beasiswa,Lunas,Tidak Menunggak,Perempuan,0,0,31+,0
Graduate,Nursing,Beasiswa,Lunas,Tidak Menunggak,Perempuan,7+,13-14,21-23,0
Enrolled,Advertising & Marketing Mgmt,Tidak Beasiswa,Lunas,Tidak Menunggak,Perempuan,5-6,13-14,15-20,0
Graduate,Social Service (Evening),Tidak Beasiswa,Lunas,Tidak Menunggak,Perempuan,5-6,13-14,15-20,0
Dropout,Animation & Multimedia Design,Tidak Beasiswa,Lunas,Tidak Menunggak,Perempuan,0,0,31+,1
Enrolled,Social Service (Evening),Tidak Beasiswa,Lunas,Menunggak,Perempuan,3-4,11-12,24-30,0
Graduate,Management,Tidak Beasiswa,Lunas,Tidak Menunggak,Perempuan,5-6,11-12,21-23,0
Dropout,Tourism,Beasiswa,Lunas,Tidak Menunggak,Perempuan,0,0,15-20,1
Graduate,Social Service,Tidak Beasiswa,Lunas,Tidak Menunggak,Perempuan,5-6,11-12,15-20,0
Graduate,Veterinary Nursing,Tidak Beasiswa,Lunas,Tidak Menunggak,Perempuan,5-6,13-14,15-20,0
Graduate,Journalism & Communication,Tidak Beasiswa,Lunas,Tidak Menunggak,Perempuan,5-6,13-14,15-20,0
Dropout,Social Service (Evening),Tidak Beasiswa,Lunas,Tidak Menunggak,Perempuan,0,0,24-30,1
Graduate,Management,Tidak Beasiswa,Belum Lunas,Menunggak,Perempuan,7+,11-12,31+,0
Dropout,Tourism,Tidak Beasiswa,Belum Lunas,Menunggak,Perempuan,3-4,11-12,24-30,1
Dropout,Social Service,Beasiswa,Lunas,Tidak Menunggak,Perempuan,0,0,15-20,1
Graduate,Tourism,Tidak Beasiswa,Lunas,Tidak Menunggak,Perempuan,5-6,13-14,24-30,0
Dropout,Basic Education,Beasiswa,Lunas,Tidak Menunggak,Perempuan,3-4,11-12,15-20,1
Dropout,Basic Education,Tidak Beasiswa,Belum Lunas,Tidak Menunggak,Perempuan,0,0,24-30,1
Graduate,Veterinary Nursing,Tidak Beasiswa,Lunas,Tidak Menunggak,Perempuan,5-6,13-14,15-20,0
Graduate,Social Service (Evening),Tidak Beasiswa,Lunas,Tidak Menunggak,Perempuan,5-6,15+,31+,0
Graduate,Veterinary Nursing,Beasiswa,Lunas,Tidak Menunggak,Perempuan,5-6,11-12,15-20,0
Graduate,Animation & Multimedia Design,Tidak Beasiswa,Lunas,Tidak Menunggak,Perempuan,0,0,15-20,0
Dropout,Journalism & Communication,Tidak Beasiswa,Lunas,Tidak Menunggak,Perempuan,0,0,21-23,1
Graduate,Basic Education,Beasiswa,Lunas,Tidak Menunggak,Perempuan,5-6,13-14,15-20,0
Graduate,Management (Evening),Tidak Beasiswa,Lunas,Tidak Menunggak,Perempuan,5-6,13-14,31+,0
Dropout,Basic Education,Tidak Beasiswa,Lunas,Menunggak,Perempuan,5-6,11-12,31+,1
Dropout,Basic Education,Tidak Beasiswa,Belum Lunas,Menunggak,Perempuan,0,0,31+,1
Dropout,Agronomy,Tidak Beasiswa,Belum Lunas,Tidak Menunggak,Perempuan,0,0,31+,1
Graduate,Social Service,Tidak Beasiswa,Lunas,Tidak Menunggak,Perempuan,5-6,13-14,15-20,0
Graduate,Tourism,Tidak Beasiswa,Lunas,Tidak Menunggak,Perempuan,5-6,13-14,24-30,0
Graduate,Nursing,Tidak Beasiswa,Lunas,Tidak Menunggak,Perempuan,7+,15+,15-20,0
Enrolled,Tourism,Tidak Beasiswa,Lunas,Tidak Menunggak,Perempuan,5-6,13-14,21-23,0
Graduate,Journalism & Communication,Beasiswa,Lunas,Tidak Menunggak,Laki-laki,5-6,13-14,15-20,0
Dropout,Agronomy,Tidak Beasiswa,Belum Lunas,Tidak Menunggak,Laki-laki,0,0,24-30,1
Dropout,Basic Education,Tidak Beasiswa,Belum Lunas,Tidak Menunggak,Perempuan,0,0,24-30,1
Dropout,Animation & Multimedia Design,Tidak Beasiswa,Lunas,Tidak Menunggak,Laki-laki,0,0,21-23,1
Graduate,Communication Design,Tidak Beasiswa,Lunas,Tidak Menunggak,Laki-laki,5-6,13-14,15-20,0
Enrolled,Management (Evening),Tidak Beasiswa,Lunas,Tidak Menunggak,Perempuan,3-4,11-12,31+,0
Graduate,Nursing,Tidak Beasiswa,Lunas,Tidak Menunggak,Laki-laki,7+,13-14,15-20,0
Graduate,Animation & Multimedia Design,Tidak Beasiswa,Lunas,Tidak Menunggak,Laki-laki,0,0,21-23,0
Enrolled,Animation & Multimedia Design,Tidak Beasiswa,Lunas,Tidak Menunggak,Laki-laki,0,0,15-20,0
Graduate,Nursing,Beasiswa,Lunas,Tidak Menunggak,Perempuan,5-6,13-14,15-20,0
Graduate,Journalism & Communication,Tidak Beasiswa,Lunas,Tidak Menunggak,Laki-laki,5-6,13-14,15-20,0
Graduate,Nursing,Tidak Beasiswa,Lunas,Tidak Menunggak,Perempuan,7+,15+,15-20,0
Dropout,Tourism,Tidak Beasiswa,Lunas,Menunggak,Perempuan,0,0,31+,1
Graduate,Veterinary Nursing,Tidak Beasiswa,Lunas,Tidak Menunggak,Perempuan,3-4,13-14,24-30,0
Dropout,Management (Evening),Tidak Beasiswa,Lunas,Tidak Menunggak,Laki-laki,0,0,31+,1
Graduate,Journalism & Communication,Beasiswa,Lunas,Menunggak,Laki-laki,5-6,15+,31+,0
Enrolled,Nursing,Tidak Beasiswa,Lunas,Tidak Menunggak,Laki-laki,3-4,15+,21-23,0
Dropout,Management,Tidak Beasiswa,Lunas,Tidak Menunggak,Laki-laki,1-2,1-10,21-23,1
Dropout,Equinculture,Tidak Beasiswa,Lunas,Tidak Menunggak,Perempuan,1-2,11-12,31+,1
Graduate,Advertising & Marketing Mgmt,Tidak Beasiswa,Lunas,Tidak Menunggak,Perempuan,3-4,11-12,15-20,0
Graduate,Social Service,Beasiswa,Lunas,Tidak Menunggak,Perempuan,5-6,11-12,15-20,0
Dropout,Basic Education,Tidak Beasiswa,Belum Lunas,Menunggak,Perempuan,1-2,11-12,15-20,1
Graduate,Management (Evening),Tidak Beasiswa,Lunas,Tidak Menunggak,Perempuan,7+,11-12,31+,0
Graduate,Tourism,Tidak Beasiswa,Lunas,Tidak Menunggak,Laki-laki,5-6,13-14,15-20,0
Graduate,Tourism,Tidak Beasiswa,Lunas,Tidak Menunggak,Perempuan,5-6,13-14,15-20,0
Graduate,Veterinary Nursing,Tidak Beasiswa,Lunas,Tidak Menunggak,Perempuan,3-4,13-14,21-23,0
Graduate,Nursing,Tidak Beasiswa,Lunas,Tidak Menunggak,Perempuan,7+,13-14,15-20,0
Dropout,Nursing,Tidak Beasiswa,Lunas,Tidak Menunggak,Perempuan,0,0,15-20,1
Dropout,Oral Hygiene,Tidak Beasiswa,Lunas,Tidak Menunggak,Perempuan,3-4,11-12,15-20,1
Graduate,Nursing,Tidak Beasiswa,Lunas,Tidak Menunggak,Perempuan,7+,15+,15-20,0
Graduate,Nursing,Tidak Beasiswa,Lunas,Tidak Menunggak,Perempuan,7+,13-14,15-20,0
Graduate,Social Service,Tidak Beasiswa,Lunas,Tidak Menunggak,Perempuan,5-6,11-12,15-20,0
Graduate,Social Service,Beasiswa,Lunas,Tidak Menunggak,Perempuan,5-6,13-14,15-20,0
Dropout,Journalism & Communication,Tidak Beasiswa,Lunas,Tidak Menunggak,Perempuan,0,0,15-20,1
Enrolled,Nursing,Tidak Beasiswa,Lunas,Tidak Menunggak,Perempuan,5-6,13-14,15-20,0
Graduate,Oral Hygiene,Beasiswa,Lunas,Tidak Menunggak,Perempuan,7+,15+,15-20,0
Graduate,Communication Design,Beasiswa,Lunas,Tidak Menunggak,Perempuan,5-6,13-14,15-20,0
Graduate,Agronomy,Beasiswa,Lunas,Menunggak,Perempuan,7+,13-14,24-30,0
Enrolled,Veterinary Nursing,Tidak Beasiswa,Lunas,Tidak Menunggak,Perempuan,1-2,11-12,15-20,0
Graduate,Management,Beasiswa,Lunas,Tidak Menunggak,Perempuan,3-4,11-12,21-23,0
Dropout,Veterinary Nursing,Tidak Beasiswa,Belum Lunas,Menunggak,Perempuan,5-6,11-12,15-20,1
Graduate,Nursing,Beasiswa,Lunas,Tidak Menunggak,Perempuan,7+,13-14,15-20,0
Graduate,Oral Hygiene,Beasiswa,Lunas,Tidak Menunggak,Perempuan,7+,13-14,15-20,0
Graduate,Nursing,Tidak Beasiswa,Lunas,Tidak Menunggak,Perempuan,7+,13-14,15-20,0
Graduate,Veterinary Nursing,Tidak Beasiswa,Lunas,Tidak Menunggak,Perempuan,5-6,11-12,15-20,0
Graduate,Management,Tidak Beasiswa,Lunas,Tidak Menunggak,Perempuan,5-6,13-14,21-23,0
Graduate,Basic Education,Beasiswa,Lunas,Tidak Menunggak,Perempuan,5-6,15+,15-20,0
Graduate,Tourism,Beasiswa,Lunas,Tidak Menunggak,Perempuan,5-6,13-14,15-20,0
Graduate,Communication Design,Beasiswa,Lunas,Tidak Menunggak,Perempuan,5-6,13-14,15-20,0
Enrolled,Basic Education,Tidak Beasiswa,Lunas,Tidak Menunggak,Perempuan,5-6,11-12,15-20,0
Dropout,Management,Tidak Beasiswa,Belum Lunas,Tidak Menunggak,Laki-laki,3-4,13-14,21-23,1
Graduate,Advertising & Marketing Mgmt,Tidak Beasiswa,Lunas,Tidak Menunggak,Perempuan,5-6,11-12,15-20,0
Graduate,Nursing,Tidak Beasiswa,Lunas,Tidak Menunggak,Perempuan,5-6,13-14,15-20,0
Graduate,Advertising & Marketing Mgmt,Tidak Beasiswa,Lunas,Tidak Menunggak,Perempuan,5-6,13-14,15-20,0
Graduate,Veterinary Nursing,Beasiswa,Lunas,Tidak Menunggak,Perempuan,5-6,13-14,15-20,0
Graduate,Social Service,Beasiswa,Lunas,Tidak Menunggak,Perempuan,5-6,13-14,15-20,0
Graduate,Social Service,Beasiswa,Lunas,Tidak Menunggak,Perempuan,5-6,15+,15-20,0
Graduate,Social Service,Tidak Beasiswa,Lunas,Tidak Menunggak,Perempuan,5-6,13-14,15-20,0
Graduate,Nursing,Tidak Beasiswa,Lunas,Tidak Menunggak,Perempuan,7+,15+,15-20,0
Graduate,Nursing,Tidak Beasiswa,Lunas,Tidak Menunggak,Perempuan,7+,13-14,15-20,0
Graduate,Nursing,Beasiswa,Lunas,Tidak Menunggak,Perempuan,5-6,15+,15-20,0
Graduate,Nursing,Beasiswa,Lunas,Tidak Menunggak,Perempuan,7+,13-14,15-20,0
Graduate,Nursing,Tidak Beasiswa,Lunas,Tidak Menunggak,Perempuan,5-6,15+,15-20,0
Graduate,Nursing,Tidak Beasiswa,Lunas,Tidak Menunggak,Perempuan,7+,15+,21-23,0
Graduate,Journalism & Communication,Tidak Beasiswa,Lunas,Tidak Menunggak,Perempuan,5-6,15+,15-20,0
Graduate,Journalism & Communication,Beasiswa,Lunas,Tidak Menunggak,Perempuan,5-6,13-14,15-20,0
Dropout,Journalism & Communication,Tidak Beasiswa,Belum Lunas,Tidak Menunggak,Perempuan,0,0,15-20,1
Dropout,Social Service (Evening),Tidak Beasiswa,Lunas,Tidak Menunggak,Perempuan,0,0,24-30,1
Dropout,Equinculture,Tidak Beasiswa,Lunas,Tidak Menunggak,Perempuan,5-6,15+,15-20,1
Graduate,Nursing,Beasiswa,Lunas,Tidak Menunggak,Perempuan,5-6,13-14,15-20,0
Dropout,Advertising & Marketing Mgmt,Tidak Beasiswa,Belum Lunas,Menunggak,Perempuan,5-6,13-14,24-30,1
Graduate,Nursing,Tidak Beasiswa,Lunas,Tidak Menunggak,Perempuan,5-6,15+,15-20,0
Enrolled,Veterinary Nursing,Tidak Beasiswa,Lunas,Tidak Menunggak,Perempuan,3-4,11-12,21-23,0
Graduate,Nursing,Tidak Beasiswa,Lunas,Tidak Menunggak,Perempuan,7+,15+,15-20,0
Graduate,Nursing,Tidak Beasiswa,Lunas,Tidak Menunggak,Perempuan,5-6,15+,15-20,0
Dropout,Basic Education,Tidak Beasiswa,Belum Lunas,Tidak Menunggak,Perempuan,5-6,15+,24-30,1
Graduate,Equinculture,Tidak Beasiswa,Lunas,Tidak Menunggak,Perempuan,7+,13-14,15-20,0
Dropout,Nursing,Tidak Beasiswa,Lunas,Tidak Menunggak,Perempuan,0,0,24-30,1
Graduate,Social Service,Tidak Beasiswa,Lunas,Tidak Menunggak,Perempuan,5-6,11-12,21-23,0
Graduate,Nursing,Beasiswa,Lunas,Tidak Menunggak,Perempuan,7+,13-14,15-20,0
Dropout,Tourism,Tidak Beasiswa,Lunas,Menunggak,Perempuan,5-6,11-12,15-20,1
Enrolled,Journalism & Communication,Tidak Beasiswa,Lunas,Tidak Menunggak,Perempuan,5-6,11-12,21-23,0
Graduate,Social Service (Evening),Tidak Beasiswa,Lunas,Menunggak,Perempuan,3-4,11-12,15-20,0
Graduate,Nursing,Beasiswa,Lunas,Tidak Menunggak,Perempuan,7+,15+,15-20,0
Dropout,Journalism & Communication,Tidak Beasiswa,Belum Lunas,Tidak Menunggak,Perempuan,3-4,11-12,15-20,1
Graduate,Social Service,Beasiswa,Lunas,Tidak Menunggak,Perempuan,5-6,15+,15-20,0
Enrolled,Nursing,Beasiswa,Lunas,Tidak Menunggak,Perempuan,1-2,13-14,15-20,0
Enrolled,Communication Design,Tidak Beasiswa,Lunas,Tidak Menunggak,Perempuan,3-4,13-14,15-20,0
Graduate,Journalism & Communication,Tidak Beasiswa,Lunas,Tidak Menunggak,Perempuan,5-6,13-14,15-20,0
Enrolled,Veterinary Nursing,Tidak Beasiswa,Lunas,Tidak Menunggak,Perempuan,3-4,11-12,15-20,0
Graduate,Veterinary Nursing,Tidak Beasiswa,Lunas,Tidak Menunggak,Perempuan,5-6,13-14,21-23,0
Enrolled,Veterinary Nursing,Tidak Beasiswa,Lunas,Tidak Menunggak,Perempuan,3-4,15+,15-20,0
Graduate,Agronomy,Beasiswa,Lunas,Tidak Menunggak,Perempuan,5-6,15+,15-20,0
Graduate,Oral Hygiene,Tidak Beasiswa,Lunas,Tidak Menunggak,Perempuan,7+,15+,15-20,0
Graduate,Social Service,Tidak Beasiswa,Lunas,Menunggak,Perempuan,5-6,11-12,15-20,0
Dropout,Basic Education,Tidak Beasiswa,Lunas,Tidak Menunggak,Perempuan,3-4,11-12,15-20,1
Dropout,Advertising & Marketing Mgmt,Tidak Beasiswa,Lunas,Tidak Menunggak,Perempuan,0,0,21-23,1
Graduate,Social Service,Tidak Beasiswa,Lunas,Tidak Menunggak,Perempuan,5-6,11-12,15-20,0
Dropout,Nursing,Tidak Beasiswa,Lunas,Tidak Menunggak,Perempuan,7+,13-14,15-20,1
Graduate,Journalism & Communication,Tidak Beasiswa,Lunas,Tidak Menunggak,Perempuan,5-6,15+,15-20,0
Enrolled,Animation & Multimedia Design,Tidak Beasiswa,Lunas,Tidak Menunggak,Perempuan,0,0,15-20,0
Dropout,Veterinary Nursing,Beasiswa,Belum Lunas,Menunggak,Perempuan,0,0,21-23,1
Graduate,Management,Tidak Beasiswa,Lunas,Menunggak,Perempuan,3-4,13-14,15-20,0
Graduate,Management,Beasiswa,Lunas,Tidak Menunggak,Perempuan,5-6,11-12,15-20,0
Dropout,Social Service,Tidak Beasiswa,Lunas,Tidak Menunggak,Perempuan,0,0,15-20,1
Graduate,Animation & Multimedia Design,Tidak Beasiswa,Lunas,Tidak Menunggak,Perempuan,0,0,15-20,0
Dropout,Tourism,Beasiswa,Lunas,Tidak Menunggak,Perempuan,1-2,1-10,15-20,1
Dropout,Nursing,Beasiswa,Lunas,Tidak Menunggak,Perempuan,7+,13-14,15-20,1
Dropout,Nursing,Tidak Beasiswa,Belum Lunas,Tidak Menunggak,Perempuan,5-6,13-14,15-20,1
Dropout,Animation & Multimedia Design,Beasiswa,Lunas,Tidak Menunggak,Perempuan,0,0,15-20,1
Graduate,Communication Design,Tidak Beasiswa,Lunas,Tidak Menunggak,Perempuan,5-6,13-14,15-20,0
Enrolled,Veterinary Nursing,Tidak Beasiswa,Lunas,Tidak Menunggak,Perempuan,3-4,13-14,15-20,0
Graduate,Social Service,Beasiswa,Lunas,Tidak Menunggak,Perempuan,5-6,11-12,15-20,0
Graduate,Management,Tidak Beasiswa,Lunas,Tidak Menunggak,Perempuan,5-6,13-14,15-20,0
Graduate,Nursing,Beasiswa,Lunas,Tidak Menunggak,Perempuan,7+,13-14,15-20,0
Graduate,Nursing,Tidak Beasiswa,Lunas,Tidak Menunggak,Perempuan,7+,13-14,15-20,0
Dropout,Tourism,Tidak Beasiswa,Lunas,Menunggak,Perempuan,0,0,24-30,1
Graduate,Communication Design,Tidak Beasiswa,Belum Lunas,Tidak Menunggak,Perempuan,5-6,13-14,15-20,0
Graduate,Journalism & Communication,Tidak Beasiswa,Lunas,Tidak Menunggak,Perempuan,5-6,13-14,15-20,0
Graduate,Oral Hygiene,Beasiswa,Lunas,Tidak Menunggak,Perempuan,7+,15+,15-20,0
Dropout,Management,Beasiswa,Belum Lunas,Menunggak,Perempuan,1-2,11-12,15-20,1
Enrolled,Nursing,Tidak Beasiswa,Lunas,Tidak Menunggak,Perempuan,7+,13-14,15-20,0
Graduate,Veterinary Nursing,Tidak Beasiswa,Lunas,Tidak Menunggak,Perempuan,5-6,11-12,15-20,0
Graduate,Social Service,Tidak Beasiswa,Lunas,Tidak Menunggak,Perempuan,5-6,13-14,21-23,0
Graduate,Animation & Multimedia Design,Tidak Beasiswa,Lunas,Tidak Menunggak,Perempuan,0,0,15-20,0
Graduate,Social Service (Evening),Tidak Beasiswa,Lunas,Tidak Menunggak,Perempuan,5-6,13-14,31+,0
Enrolled,Equinculture,Tidak Beasiswa,Belum Lunas,Menunggak,Perempuan,5-6,15+,15-20,0
Graduate,Communication Design,Beasiswa,Lunas,Tidak Menunggak,Perempuan,5-6,13-14,15-20,0
Graduate,Tourism,Tidak Beasiswa,Lunas,Tidak Menunggak,Perempuan,3-4,13-14,15-20,0
Graduate,Veterinary Nursing,Tidak Beasiswa,Lunas,Tidak Menunggak,Perempuan,5-6,15+,21-23,0
Graduate,Social Service,Beasiswa,Lunas,Tidak Menunggak,Perempuan,5-6,15+,15-20,0
Graduate,Basic Education,Tidak Beasiswa,Lunas,Tidak Menunggak,Perempuan,7+,13-14,15-20,0
Enrolled,Veterinary Nursing,Tidak Beasiswa,Lunas,Tidak Menunggak,Perempuan,5-6,13-14,21-23,0
Graduate,Nursing,Tidak Beasiswa,Lunas,Tidak Menunggak,Perempuan,7+,13-14,15-20,0
Graduate,Social Service,Tidak Beasiswa,Lunas,Tidak Menunggak,Perempuan,7+,13-14,21-23,0
Graduate,Communication Design,Tidak Beasiswa,Lunas,Tidak Menunggak,Perempuan,5-6,15+,15-20,0
Graduate,Nursing,Beasiswa,Lunas,Tidak Menunggak,Perempuan,7+,15+,15-20,0
Enrolled,Animation & Multimedia Design,Tidak Beasiswa,Lunas,Tidak Menunggak,Perempuan,0,0,15-20,0
Graduate,Veterinary Nursing,Tidak Beasiswa,Lunas,Tidak Menunggak,Perempuan,5-6,13-14,21-23,0
Graduate,Basic Education,Tidak Beasiswa,Lunas,Tidak Menunggak,Perempuan,5-6,15+,21-23,0
Dropout,Tourism,Beasiswa,Lunas,Tidak Menunggak,Perempuan,3-4,11-12,15-20,1
Graduate,Nursing,Beasiswa,Lunas,Tidak Menunggak,Perempuan,7+,15+,15-20,0
Dropout,Advertising & Marketing Mgmt,Tidak Beasiswa,Belum Lunas,Menunggak,Perempuan,3-4,11-12,15-20,1
Dropout,Social Service,Tidak Beasiswa,Lunas,Tidak Menunggak,Perempuan,0,0,15-20,1
Graduate,Nursing,Tidak Beasiswa,Lunas,Tidak Menunggak,Perempuan,7+,13-14,21-23,0
Graduate,Journalism & Communication,Tidak Beasiswa,Lunas,Tidak Menunggak,Perempuan,5-6,15+,15-20,0
Graduate,Social Service,Tidak Beasiswa,Lunas,Tidak Menunggak,Perempuan,5-6,13-14,15-20,0
Graduate,Nursing,Beasiswa,Lunas,Tidak Menunggak,Perempuan,7+,15+,15-20,0
Graduate,Management,Tidak Beasiswa,Lunas,Tidak Menunggak,Perempuan,5-6,11-12,15-20,0
Graduate,Nursing,Tidak Beasiswa,Lunas,Tidak Menunggak,Perempuan,7+,13-14,15-20,0
Graduate,Advertising & Marketing Mgmt,Tidak Beasiswa,Lunas,Tidak Menunggak,Perempuan,5-6,15+,15-20,0
Graduate,Nursing,Tidak Beasiswa,Lunas,Tidak Menunggak,Perempuan,7+,13-14,15-20,0
Graduate,Veterinary Nursing,Tidak Beasiswa,Lunas,Tidak Menunggak,Perempuan,5-6,13-14,21-23,0
Graduate,Communication Design,Tidak Beasiswa,Lunas,Tidak Menunggak,Perempuan,3-4,11-12,31+,0
Dropout,Veterinary Nursing,Tidak Beasiswa,Belum Lunas,Menunggak,Perempuan,0,0,24-30,1
Graduate,Social Service,Beasiswa,Lunas,Tidak Menunggak,Perempuan,7+,13-14,15-20,0
Graduate,Animation & Multimedia Design,Tidak Beasiswa,Lunas,Tidak Menunggak,Perempuan,0,0,15-20,0
Graduate,Communication Design,Tidak Beasiswa,Lunas,Tidak Menunggak,Perempuan,5-6,15+,15-20,0
Dropout,Social Service (Evening),Tidak Beasiswa,Lunas,Menunggak,Perempuan,1-2,11-12,24-30,1
Graduate,Nursing,Tidak Beasiswa,Lunas,Tidak Menunggak,Perempuan,7+,15+,15-20,0
Graduate,Journalism & Communication,Tidak Beasiswa,Lunas,Tidak Menunggak,Perempuan,5-6,13-14,15-20,0
Dropout,Animation & Multimedia Design,Tidak Beasiswa,Lunas,Tidak Menunggak,Perempuan,0,0,15-20,1
Graduate,Social Service,Beasiswa,Lunas,Tidak Menunggak,Perempuan,5-6,11-12,15-20,0
Graduate,Nursing,Beasiswa,Lunas,Tidak Menunggak,Perempuan,7+,13-14,15-20,0
Dropout,Basic Education,Tidak Beasiswa,Lunas,Tidak Menunggak,Perempuan,7+,13-14,15-20,1
Enrolled,Social Service,Tidak Beasiswa,Lunas,Tidak Menunggak,Perempuan,1-2,11-12,15-20,0
Graduate,Tourism,Beasiswa,Lunas,Tidak Menunggak,Perempuan,3-4,13-14,15-20,0
Enrolled,Communication Design,Beasiswa,Lunas,Tidak Menunggak,Perempuan,5-6,11-12,15-20,0
Graduate,Nursing,Beasiswa,Lunas,Tidak Menunggak,Perempuan,7+,13-14,15-20,0
Graduate,Tourism,Beasiswa,Lunas,Tidak Menunggak,Perempuan,3-4,13-14,15-20,0
Dropout,Journalism & Communication,Tidak Beasiswa,Lunas,Menunggak,Laki-laki,5-6,13-14,15-20,1
Enrolled,Animation & Multimedia Design,Beasiswa,Lunas,Tidak Menunggak,Laki-laki,0,0,15-20,0
Dropout,Nursing,Tidak Beasiswa,Lunas,Tidak Menunggak,Laki-laki,0,0,15-20,1
Dropout,Agronomy,Tidak Beasiswa,Belum Lunas,Menunggak,Laki-laki,3-4,15+,31+,1
Enrolled,Informatics Engineering,Tidak Beasiswa,Lunas,Tidak Menunggak,Laki-laki,3-4,11-12,15-20,0
Graduate,Animation & Multimedia Design,Beasiswa,Lunas,Tidak Menunggak,Laki-laki,0,0,15-20,0
Enrolled,Journalism & Communication,Beasiswa,Lunas,Tidak Menunggak,Laki-laki,5-6,13-14,15-20,0
Enrolled,Management,Tidak Beasiswa,Lunas,Tidak Menunggak,Laki-laki,3-4,13-14,15-20,0
Enrolled,Communication Design,Tidak Beasiswa,Lunas,Tidak Menunggak,Laki-laki,3-4,11-12,15-20,0
Dropout,Management,Tidak Beasiswa,Lunas,Tidak Menunggak,Laki-laki,1-2,1-10,15-20,1
Dropout,Oral Hygiene,Tidak Beasiswa,Lunas,Tidak Menunggak,Laki-laki,0,0,24-30,1
Dropout,Social Service (Evening),Tidak Beasiswa,Belum Lunas,Menunggak,Laki-laki,0,0,24-30,1
Graduate,Nursing,Tidak Beasiswa,Lunas,Tidak Menunggak,Laki-laki,1-2,13-14,24-30,0
Graduate,Tourism,Tidak Beasiswa,Lunas,Tidak Menunggak,Laki-laki,3-4,13-14,15-20,0
Dropout,Animation & Multimedia Design,Tidak Beasiswa,Lunas,Tidak Menunggak,Laki-laki,0,0,31+,1
Graduate,Communication Design,Tidak Beasiswa,Lunas,Tidak Menunggak,Laki-laki,5-6,11-12,15-20,0
Enrolled,Informatics Engineering,Beasiswa,Lunas,Tidak Menunggak,Laki-laki,5-6,15+,15-20,0
Dropout,Management,Tidak Beasiswa,Belum Lunas,Tidak Menunggak,Laki-laki,0,0,15-20,1
Enrolled,Management,Tidak Beasiswa,Lunas,Tidak Menunggak,Laki-laki,3-4,13-14,21-23,0
Enrolled,Management,Beasiswa,Lunas,Tidak Menunggak,Laki-laki,3-4,11-12,21-23,0
Dropout,Journalism & Communication,Tidak Beasiswa,Belum Lunas,Menunggak,Laki-laki,0,0,15-20,1
Graduate,Nursing,Tidak Beasiswa,Lunas,Tidak Menunggak,Laki-laki,7+,13-14,15-20,0
Graduate,Communication Design,Tidak Beasiswa,Lunas,Tidak Menunggak,Laki-laki,5-6,13-14,15-20,0
Enrolled,Informatics Engineering,Tidak Beasiswa,Lunas,Tidak Menunggak,Laki-laki,3-4,11-12,15-20,0
Dropout,Social Service,Tidak Beasiswa,Lunas,Tidak Menunggak,Laki-laki,3-4,13-14,15-20,1
Graduate,Agronomy,Tidak Beasiswa,Lunas,Menunggak,Laki-laki,5-6,15+,21-23,0
Enrolled,Journalism & Communication,Tidak Beasiswa,Lunas,Tidak Menunggak,Laki-laki,7+,11-12,15-20,0
Graduate,Oral Hygiene,Tidak Beasiswa,Lunas,Tidak Menunggak,Laki-laki,3-4,13-14,15-20,0
Dropout,Management,Tidak Beasiswa,Lunas,Tidak Menunggak,Laki-laki,3-4,11-12,15-20,1
Graduate,Journalism & Communication,Tidak Beasiswa,Lunas,Tidak Menunggak,Laki-laki,5-6,13-14,24-30,0
Graduate,Communication Design,Tidak Beasiswa,Lunas,Tidak Menunggak,Laki-laki,5-6,15+,21-23,0
Graduate,Nursing,Tidak Beasiswa,Lunas,Tidak Menunggak,Laki-laki,7+,13-14,24-30,0
Graduate,Nursing,Tidak Beasiswa,Lunas,Tidak Menunggak,Laki-laki,7+,13-14,15-20,0
Enrolled,Informatics Engineering,Tidak Beasiswa,Lunas,Tidak Menunggak,Laki-laki,3-4,11-12,15-20,0
Dropout,Animation & Multimedia Design,Tidak Beasiswa,Belum Lunas,Tidak Menunggak,Laki-laki,0,0,15-20,1
Graduate,Nursing,Beasiswa,Lunas,Tidak Menunggak,Laki-laki,7+,15+,15-20,0
Dropout,Tourism,Tidak Beasiswa,Lunas,Tidak Menunggak,Laki-laki,3-4,1-10,15-20,1
Graduate,Advertising & Marketing Mgmt,Tidak Beasiswa,Lunas,Tidak Menunggak,Laki-laki,5-6,13-14,15-20,0
Dropout,Agronomy,Tidak Beasiswa,Lunas,Menunggak,Laki-laki,0,0,21-23,1
Dropout,Journalism & Communication,Tidak Beasiswa,Lunas,Tidak Menunggak,Laki-laki,3-4,13-14,31+,1
Graduate,Communication Design,Tidak Beasiswa,Lunas,Tidak Menunggak,Laki-laki,3-4,11-12,15-20,0
Graduate,Animation & Multimedia Design,Tidak Beasiswa,Lunas,Tidak Menunggak,Laki-laki,0,0,15-20,0
Dropout,Animation & Multimedia Design,Tidak Beasiswa,Lunas,Tidak Menunggak,Laki-laki,0,0,15-20,1
Dropout,Management,Tidak Beasiswa,Lunas,Tidak Menunggak,Laki-laki,0,0,24-30,1
Dropout,Tourism,Tidak Beasiswa,Lunas,Tidak Menunggak,Laki-laki,3-4,11-12,15-20,1
Enrolled,Tourism,Beasiswa,Lunas,Tidak Menunggak,Laki-laki,3-4,11-12,15-20,0
Graduate,Animation & Multimedia Design,Beasiswa,Lunas,Tidak Menunggak,Laki-laki,0,0,21-23,0
Enrolled,Tourism,Tidak Beasiswa,Lunas,Tidak Menunggak,Laki-laki,1-2,13-14,15-20,0
Dropout,Tourism,Tidak Beasiswa,Belum Lunas,Menunggak,Laki-laki,0,0,24-30,1
Enrolled,Equinculture,Tidak Beasiswa,Lunas,Tidak Menunggak,Laki-laki,3-4,11-12,24-30,0
Enrolled,Veterinary Nursing,Tidak Beasiswa,Belum Lunas,Menunggak,Laki-laki,0,0,24-30,0
Graduate,Tourism,Tidak Beasiswa,Lunas,Tidak Menunggak,Laki-laki,5-6,13-14,24-30,0
Enrolled,Management (Evening),Tidak Beasiswa,Lunas,Tidak Menunggak,Laki-laki,3-4,11-12,31+,0
Enrolled,Informatics Engineering,Tidak Beasiswa,Lunas,Tidak Menunggak,Laki-laki,1-2,11-12,15-20,0
Graduate,Nursing,Beasiswa,Lunas,Tidak Menunggak,Laki-laki,7+,13-14,15-20,0
Dropout,Tourism,Tidak Beasiswa,Lunas,Tidak Menunggak,Laki-laki,1-2,1-10,31+,1
Graduate,Social Service,Tidak Beasiswa,Lunas,Tidak Menunggak,Laki-laki,5-6,13-14,21-23,0
Enrolled,Nursing,Beasiswa,Lunas,Tidak Menunggak,Laki-laki,5-6,13-14,15-20,0
Enrolled,Nursing,Beasiswa,Lunas,Tidak Menunggak,Laki-laki,0,0,21-23,0
Dropout,Informatics Engineering,Tidak Beasiswa,Belum Lunas,Menunggak,Laki-laki,0,0,21-23,1
Graduate,Equinculture,Tidak Beasiswa,Lunas,Tidak Menunggak,Laki-laki,3-4,13-14,15-20,0
Dropout,Social Service,Tidak Beasiswa,Lunas,Tidak Menunggak,Laki-laki,1-2,13-14,21-23,1
Dropout,Animation & Multimedia Design,Tidak Beasiswa,Lunas,Tidak Menunggak,Laki-laki,7+,13-14,24-30,1
Dropout,Veterinary Nursing,Tidak Beasiswa,Lunas,Menunggak,Laki-laki,5-6,15+,24-30,1
Dropout,Informatics Engineering,Tidak Beasiswa,Belum Lunas,Tidak Menunggak,Laki-laki,0,0,31+,1
Dropout,Management (Evening),Tidak Beasiswa,Belum Lunas,Tidak Menunggak,Laki-laki,0,0,31+,1
Dropout,Tourism,Tidak Beasiswa,Lunas,Tidak Menunggak,Laki-laki,5-6,15+,31+,1
Dropout,Biofuel Production,Tidak Beasiswa,Belum Lunas,Menunggak,Laki-laki,7+,13-14,24-30,1
Enrolled,Agronomy,Tidak Beasiswa,Lunas,Tidak Menunggak,Laki-laki,1-2,11-12,15-20,0
Dropout,Communication Design,Tidak Beasiswa,Lunas,Tidak Menunggak,Laki-laki,3-4,13-14,24-30,1
Graduate,Social Service (Evening),Tidak Beasiswa,Lunas,Tidak Menunggak,Laki-laki,5-6,13-14,31+,0
Enrolled,Advertising & Marketing Mgmt,Beasiswa,Lunas,Tidak Menunggak,Laki-laki,5-6,13-14,15-20,0
Dropout,Management,Tidak Beasiswa,Lunas,Tidak Menunggak,Laki-laki,1-2,11-12,21-23,1
Dropout,Tourism,Tidak Beasiswa,Lunas,Tidak Menunggak,Laki-laki,0,0,31+,1
Dropout,Agronomy,Tidak Beasiswa,Belum Lunas,Menunggak,Laki-laki,7+,15+,24-30,1
Enrolled,Basic Education,Tidak Beasiswa,Lunas,Tidak Menunggak,Laki-laki,5-6,11-12,31+,0
Enrolled,Veterinary Nursing,Tidak Beasiswa,Belum Lunas,Tidak Menunggak,Laki-laki,3-4,15+,21-23,0
Dropout,Agronomy,Tidak Beasiswa,Lunas,Tidak Menunggak,Laki-laki,1-2,13-14,31+,1
Dropout,Management,Tidak Beasiswa,Lunas,Tidak Menunggak,Laki-laki,0,0,15-20,1
Dropout,Nursing,Tidak Beasiswa,Lunas,Tidak Menunggak,Laki-laki,3-4,11-12,15-20,1
Dropout,Management (Evening),Tidak Beasiswa,Lunas,Tidak Menunggak,Laki-laki,0,0,31+,1
Dropout,Management (Evening),Tidak Beasiswa,Belum Lunas,Tidak Menunggak,Laki-laki,0,0,31+,1
Graduate,Communication Design,Beasiswa,Lunas,Tidak Menunggak,Laki-laki,5-6,13-14,21-23,0
Dropout,Management (Evening),Tidak Beasiswa,Lunas,Tidak Menunggak,Laki-laki,5-6,11-12,31+,1
Dropout,Social Service (Evening),Tidak Beasiswa,Lunas,Tidak Menunggak,Laki-laki,0,0,31+,1
Dropout,Animation & Multimedia Design,Tidak Beasiswa,Lunas,Tidak Menunggak,Laki-laki,0,0,31+,1
Dropout,Management (Evening),Tidak Beasiswa,Belum Lunas,Tidak Menunggak,Laki-laki,1-2,11-12,21-23,1
Graduate,Social Service (Evening),Tidak Beasiswa,Lunas,Tidak Menunggak,Laki-laki,5-6,15+,31+,0
Graduate,Journalism & Communication,Tidak Beasiswa,Lunas,Tidak Menunggak,Laki-laki,3-4,13-14,21-23,0
Enrolled,Communication Design,Tidak Beasiswa,Lunas,Tidak Menunggak,Laki-laki,3-4,11-12,15-20,0
Dropout,Social Service (Evening),Tidak Beasiswa,Lunas,Tidak Menunggak,Laki-laki,0,0,31+,1
Graduate,Agronomy,Tidak Beasiswa,Lunas,Tidak Menunggak,Laki-laki,7+,13-14,24-30,0
Enrolled,Agronomy,Tidak Beasiswa,Lunas,Tidak Menunggak,Laki-laki,3-4,11-12,21-23,0
Dropout,Tourism,Tidak Beasiswa,Belum Lunas,Menunggak,Laki-laki,5-6,1-10,21-23,1
Graduate,Social Service,Tidak Beasiswa,Lunas,Tidak Menunggak,Laki-laki,7+,11-12,21-23,0
Enrolled,Communication Design,Tidak Beasiswa,Lunas,Tidak Menunggak,Laki-laki,3-4,11-12,15-20,0
Dropout,Management,Tidak Beasiswa,Belum Lunas,Tidak Menunggak,Laki-laki,0,0,31+,1
Graduate,Management (Evening),Tidak Beasiswa,Lunas,Tidak Menunggak,Laki-laki,5-6,13-14,31+,0
Graduate,Tourism,Beasiswa,Lunas,Tidak Menunggak,Laki-laki,5-6,15+,21-23,0
Enrolled,Informatics Engineering,Tidak Beasiswa,Lunas,Tidak Menunggak,Laki-laki,1-2,11-12,15-20,0
Dropout,Management (Evening),Tidak Beasiswa,Lunas,Tidak Menunggak,Laki-laki,0,0,31+,1
Dropout,Informatics Engineering,Tidak Beasiswa,Lunas,Tidak Menunggak,Laki-laki,1-2,13-14,24-30,1
Graduate,Social Service,Tidak Beasiswa,Lunas,Tidak Menunggak,Laki-laki,5-6,11-12,15-20,0
Dropout,Management,Tidak Beasiswa,Lunas,Tidak Menunggak,Laki-laki,3-4,11-12,21-23,1
Graduate,Journalism & Communication,Tidak Beasiswa,Lunas,Tidak Menunggak,Laki-laki,5-6,13-14,15-20,0
Dropout,Animation & Multimedia Design,Tidak Beasiswa,Belum Lunas,Tidak Menunggak,Laki-laki,0,0,21-23,1
Graduate,Advertising & Marketing Mgmt,Tidak Beasiswa,Lunas,Tidak Menunggak,Laki-laki,5-6,13-14,15-20,0
Dropout,Management,Tidak Beasiswa,Lunas,Tidak Menunggak,Laki-laki,1-2,1-10,21-23,1
Graduate,Social Service,Tidak Beasiswa,Lunas,Tidak Menunggak,Laki-laki,5-6,11-12,21-23,0
Graduate,Social Service,Tidak Beasiswa,Lunas,Tidak Menunggak,Laki-laki,5-6,11-12,15-20,0
Dropout,Tourism,Tidak Beasiswa,Belum Lunas,Tidak Menunggak,Laki-laki,0,0,24-30,1
Enrolled,Informatics Engineering,Tidak Beasiswa,Lunas,Tidak Menunggak,Laki-laki,1-2,13-14,21-23,0
Enrolled,Communication Design,Tidak Beasiswa,Lunas,Tidak Menunggak,Laki-laki,5-6,11-12,15-20,0
Enrolled,Management,Beasiswa,Lunas,Menunggak,Laki-laki,1-2,11-12,21-23,0
Enrolled,Informatics Engineering,Tidak Beasiswa,Lunas,Tidak Menunggak,Laki-laki,5-6,15+,15-20,0
Dropout,Management,Tidak Beasiswa,Lunas,Tidak Menunggak,Laki-laki,0,0,15-20,1
Enrolled,Communication Design,Beasiswa,Lunas,Tidak Menunggak,Laki-laki,5-6,13-14,21-23,0
Dropout,Equinculture,Tidak Beasiswa,Belum Lunas,Tidak Menunggak,Laki-laki,0,0,15-20,1
Dropout,Management (Evening),Tidak Beasiswa,Lunas,Tidak Menunggak,Laki-laki,0,0,31+,1
Dropout,Nursing,Tidak Beasiswa,Lunas,Tidak Menunggak,Laki-laki,0,0,15-20,1
Graduate,Informatics Engineering,Beasiswa,Lunas,Tidak Menunggak,Laki-laki,5-6,15+,15-20,0
Graduate,Social Service,Beasiswa,Lunas,Tidak Menunggak,Laki-laki,5-6,13-14,15-20,0
Graduate,Nursing,Tidak Beasiswa,Lunas,Tidak Menunggak,Laki-laki,7+,13-14,15-20,0
Dropout,Management,Beasiswa,Lunas,Tidak Menunggak,Laki-laki,0,0,15-20,1
Graduate,Equinculture,Tidak Beasiswa,Lunas,Tidak Menunggak,Laki-laki,5-6,15+,21-23,0
Graduate,Social Service,Tidak Beasiswa,Lunas,Tidak Menunggak,Laki-laki,5-6,13-14,15-20,0
Dropout,Equinculture,Tidak Beasiswa,Lunas,Tidak Menunggak,Laki-laki,5-6,15+,15-20,1
Dropout,Informatics Engineering,Tidak Beasiswa,Belum Lunas,Menunggak,Laki-laki,1-2,15+,31+,1
Dropout,Management (Evening),Tidak Beasiswa,Lunas,Tidak Menunggak,Laki-laki,0,0,24-30,1
Dropout,Communication Design,Tidak Beasiswa,Lunas,Tidak Menunggak,Laki-laki,0,0,15-20,1
Graduate,Tourism,Tidak Beasiswa,Lunas,Tidak Menunggak,Laki-laki,5-6,15+,15-20,0
Dropout,Social Service,Tidak Beasiswa,Lunas,Tidak Menunggak,Laki-laki,0,0,31+,1
Enrolled,Communication Design,Tidak Beasiswa,Lunas,Tidak Menunggak,Laki-laki,3-4,15+,31+,0
Dropout,Management (Evening),Tidak Beasiswa,Lunas,Tidak Menunggak,Laki-laki,1-2,13-14,31+,1
Enrolled,Nursing,Tidak Beasiswa,Lunas,Tidak Menunggak,Laki-laki,7+,15+,24-30,0
Graduate,Social Service,Tidak Beasiswa,Lunas,Tidak Menunggak,Laki-laki,5-6,11-12,21-23,0
Dropout,Informatics Engineering,Tidak Beasiswa,Lunas,Tidak Menunggak,Laki-laki,0,0,31+,1
Enrolled,Informatics Engineering,Tidak Beasiswa,Lunas,Tidak Menunggak,Laki-laki,1-2,1-10,15-20,0
Dropout,Management (Evening),Tidak Beasiswa,Belum Lunas,Tidak Menunggak,Laki-laki,3-4,11-12,31+,1
Graduate,Animation & Multimedia Design,Beasiswa,Lunas,Tidak Menunggak,Laki-laki,0,0,15-20,0
Dropout,Communication Design,Beasiswa,Belum Lunas,Menunggak,Laki-laki,0,0,31+,1
Dropout,Social Service (Evening),Tidak Beasiswa,Lunas,Tidak Menunggak,Laki-laki,0,0,31+,1
Dropout,Agronomy,Tidak Beasiswa,Lunas,Tidak Menunggak,Laki-laki,0,0,31+,1
Graduate,Agronomy,Tidak Beasiswa,Lunas,Tidak Menunggak,Laki-laki,5-6,13-14,31+,0
Dropout,Animation & Multimedia Design,Beasiswa,Lunas,Tidak Menunggak,Laki-laki,0,0,15-20,1
Graduate,Advertising & Marketing Mgmt,Beasiswa,Lunas,Tidak Menunggak,Laki-laki,5-6,15+,15-20,0
Graduate,Communication Design,Beasiswa,Lunas,Tidak Menunggak,Laki-laki,5-6,11-12,15-20,0
Dropout,Management (Evening),Tidak Beasiswa,Lunas,Tidak Menunggak,Laki-laki,5-6,11-12,31+,1
Dropout,Equinculture,Tidak Beasiswa,Lunas,Tidak Menunggak,Laki-laki,0,0,24-30,1
Dropout,Informatics Engineering,Tidak Beasiswa,Lunas,Menunggak,Laki-laki,3-4,13-14,15-20,1
Enrolled,Informatics Engineering,Tidak Beasiswa,Lunas,Tidak Menunggak,Laki-laki,5-6,13-14,15-20,0
Dropout,Agronomy,Tidak Beasiswa,Belum Lunas,Tidak Menunggak,Laki-laki,0,0,31+,1
Enrolled,Informatics Engineering,Tidak Beasiswa,Lunas,Tidak Menunggak,Laki-laki,3-4,15+,15-20,0
Graduate,Agronomy,Tidak Beasiswa,Lunas,Tidak Menunggak,Laki-laki,7+,11-12,31+,0
Graduate,Management (Evening),Tidak Beasiswa,Lunas,Tidak Menunggak,Laki-laki,5-6,13-14,21-23,0
Graduate,Nursing,Tidak Beasiswa,Lunas,Tidak Menunggak,Laki-laki,7+,11-12,15-20,0
Graduate,Veterinary Nursing,Beasiswa,Lunas,Tidak Menunggak,Laki-laki,7+,13-14,21-23,0
Enrolled,Advertising & Marketing Mgmt,Tidak Beasiswa,Lunas,Tidak Menunggak,Laki-laki,3-4,13-14,15-20,0
Graduate,Informatics Engineering,Tidak Beasiswa,Lunas,Tidak Menunggak,Laki-laki,5-6,15+,15-20,0
Dropout,Advertising & Marketing Mgmt,Beasiswa,Lunas,Tidak Menunggak,Laki-laki,0,0,24-30,1
Graduate,Tourism,Tidak Beasiswa,Lunas,Tidak Menunggak,Laki-laki,5-6,11-12,31+,0
Graduate,Nursing,Tidak Beasiswa,Lunas,Tidak Menunggak,Laki-laki,7+,13-14,15-20,0
Graduate,Equinculture,Tidak Beasiswa,Lunas,Tidak Menunggak,Laki-laki,7+,15+,21-23,0
Graduate,Equinculture,Tidak Beasiswa,Lunas,Tidak Menunggak,Laki-laki,5-6,15+,15-20,0
Graduate,Advertising & Marketing Mgmt,Beasiswa,Lunas,Tidak Menunggak,Laki-laki,5-6,11-12,21-23,0
Dropout,Veterinary Nursing,Tidak Beasiswa,Lunas,Tidak Menunggak,Laki-laki,0,0,15-20,1
Graduate,Advertising & Marketing Mgmt,Tidak Beasiswa,Lunas,Tidak Menunggak,Laki-laki,5-6,15+,15-20,0
Graduate,Animation & Multimedia Design,Tidak Beasiswa,Lunas,Tidak Menunggak,Laki-laki,0,0,15-20,0
Dropout,Agronomy,Tidak Beasiswa,Lunas,Tidak Menunggak,Laki-laki,3-4,11-12,21-23,1
Graduate,Agronomy,Tidak Beasiswa,Lunas,Tidak Menunggak,Laki-laki,5-6,15+,31+,0
Dropout,Tourism,Tidak Beasiswa,Lunas,Tidak Menunggak,Laki-laki,1-2,11-12,21-23,1
Enrolled,Informatics Engineering,Tidak Beasiswa,Lunas,Menunggak,Laki-laki,1-2,11-12,24-30,0
Dropout,Journalism & Communication,Tidak Beasiswa,Lunas,Tidak Menunggak,Laki-laki,0,0,24-30,1
Graduate,Management,Tidak Beasiswa,Lunas,Tidak Menunggak,Laki-laki,5-6,13-14,15-20,0
Enrolled,Informatics Engineering,Tidak Beasiswa,Lunas,Tidak Menunggak,Laki-laki,1-2,11-12,21-23,0
Enrolled,Agronomy,Beasiswa,Lunas,Tidak Menunggak,Laki-laki,3-4,13-14,15-20,0
Graduate,Journalism & Communication,Tidak Beasiswa,Lunas,Tidak Menunggak,Laki-laki,5-6,15+,15-20,0
Enrolled,Animation & Multimedia Design,Tidak Beasiswa,Lunas,Menunggak,Laki-laki,7+,11-12,21-23,0
Graduate,Equinculture,Tidak Beasiswa,Lunas,Tidak Menunggak,Laki-laki,5-6,13-14,15-20,0
Enrolled,Journalism & Communication,Tidak Beasiswa,Belum Lunas,Tidak Menunggak,Laki-laki,5-6,13-14,24-30,0
Dropout,Equinculture,Tidak Beasiswa,Lunas,Tidak Menunggak,Laki-laki,3-4,13-14,24-30,1
Enrolled,Agronomy,Tidak Beasiswa,Lunas,Tidak Menunggak,Laki-laki,5-6,11-12,15-20,0
Graduate,Animation & Multimedia Design,Beasiswa,Lunas,Tidak Menunggak,Laki-laki,0,0,15-20,0
Enrolled,Animation & Multimedia Design,Tidak Beasiswa,Lunas,Tidak Menunggak,Laki-laki,0,0,21-23,0
Enrolled,Advertising & Marketing Mgmt,Tidak Beasiswa,Lunas,Tidak Menunggak,Laki-laki,5-6,11-12,15-20,0
Enrolled,Equinculture,Tidak Beasiswa,Lunas,Tidak Menunggak,Laki-laki,3-4,11-12,24-30,0
Dropout,Advertising & Marketing Mgmt,Tidak Beasiswa,Belum Lunas,Tidak Menunggak,Laki-laki,5-6,11-12,21-23,1
Graduate,Management,Beasiswa,Lunas,Tidak Menunggak,Laki-laki,3-4,15+,24-30,0
Dropout,Management,Tidak Beasiswa,Belum Lunas,Tidak Menunggak,Laki-laki,0,0,31+,1
Dropout,Management (Evening),Tidak Beasiswa,Belum Lunas,Tidak Menunggak,Laki-laki,3-4,11-12,24-30,1
Graduate,Equinculture,Beasiswa,Lunas,Tidak Menunggak,Laki-laki,5-6,13-14,15-20,0
Graduate,Tourism,Beasiswa,Lunas,Tidak Menunggak,Laki-laki,5-6,13-14,15-20,0
Graduate,Communication Design,Beasiswa,Lunas,Tidak Menunggak,Laki-laki,5-6,13-14,15-20,0
Dropout,Informatics Engineering,Tidak Beasiswa,Lunas,Tidak Menunggak,Laki-laki,5-6,15+,24-30,1
Enrolled,Agronomy,Tidak Beasiswa,Lunas,Menunggak,Laki-laki,7+,11-12,21-23,0
Enrolled,Informatics Engineering,Tidak Beasiswa,Lunas,Tidak Menunggak,Laki-laki,0,0,15-20,0
Graduate,Communication Design,Tidak Beasiswa,Lunas,Tidak Menunggak,Laki-laki,5-6,11-12,21-23,0
Enrolled,Journalism & Communication,Tidak Beasiswa,Lunas,Tidak Menunggak,Laki-laki,3-4,11-12,21-23,0
Graduate,Animation & Multimedia Design,Tidak Beasiswa,Belum Lunas,Menunggak,Laki-laki,0,0,15-20,0
Dropout,Management,Beasiswa,Lunas,Tidak Menunggak,Laki-laki,1-2,13-14,15-20,1
Dropout,Social Service,Tidak Beasiswa,Lunas,Tidak Menunggak,Laki-laki,0,0,24-30,1
Dropout,Agronomy,Tidak Beasiswa,Belum Lunas,Menunggak,Laki-laki,3-4,11-12,24-30,1
Dropout,Agronomy,Tidak Beasiswa,Lunas,Tidak Menunggak,Laki-laki,7+,11-12,24-30,1
Enrolled,Management,Tidak Beasiswa,Lunas,Tidak Menunggak,Laki-laki,3-4,13-14,15-20,0
Dropout,Tourism,Tidak Beasiswa,Lunas,Tidak Menunggak,Laki-laki,0,0,24-30,1
Graduate,Management,Beasiswa,Lunas,Tidak Menunggak,Laki-laki,5-6,11-12,15-20,0
Enrolled,Journalism & Communication,Tidak Beasiswa,Lunas,Tidak Menunggak,Laki-laki,3-4,13-14,21-23,0
Dropout,Agronomy,Tidak Beasiswa,Lunas,Tidak Menunggak,Laki-laki,0,0,24-30,1
Enrolled,Journalism & Communication,Tidak Beasiswa,Lunas,Tidak Menunggak,Laki-laki,5-6,13-14,15-20,0
Graduate,Journalism & Communication,Tidak Beasiswa,Lunas,Tidak Menunggak,Laki-laki,5-6,15+,15-20,0
Graduate,Nursing,Tidak Beasiswa,Lunas,Tidak Menunggak,Laki-laki,7+,11-12,15-20,0
Dropout,Social Service (Evening),Tidak Beasiswa,Lunas,Tidak Menunggak,Laki-laki,3-4,11-12,31+,1
Graduate,Management (Evening),Tidak Beasiswa,Lunas,Tidak Menunggak,Laki-laki,5-6,13-14,31+,0
Dropout,Management,Tidak Beasiswa,Belum Lunas,Tidak Menunggak,Laki-laki,3-4,11-12,15-20,1
Graduate,Nursing,Tidak Beasiswa,Lunas,Tidak Menunggak,Laki-laki,7+,15+,15-20,0
Dropout,Nursing,Tidak Beasiswa,Belum Lunas,Menunggak,Laki-laki,3-4,11-12,21-23,1
Graduate,Social Service (Evening),Tidak Beasiswa,Belum Lunas,Tidak Menunggak,Laki-laki,5-6,15+,31+,0
Graduate,Animation & Multimedia Design,Tidak Beasiswa,Lunas,Tidak Menunggak,Laki-laki,0,0,31+,0
Dropout,Nursing,Tidak Beasiswa,Belum Lunas,Menunggak,Laki-laki,0,0,31+,1
Dropout,Management (Evening),Tidak Beasiswa,Lunas,Tidak Menunggak,Laki-laki,0,0,21-23,1
Dropout,Management (Evening),Tidak Beasiswa,Lunas,Tidak Menunggak,Laki-laki,3-4,11-12,31+,1
Dropout,Informatics Engineering,Tidak Beasiswa,Lunas,Tidak Menunggak,Laki-laki,0,0,24-30,1
Dropout,Social Service (Evening),Tidak Beasiswa,Belum Lunas,Tidak Menunggak,Perempuan,0,0,31+,1
Enrolled,Management (Evening),Tidak Beasiswa,Lunas,Tidak Menunggak,Perempuan,3-4,13-14,31+,0
Graduate,Social Service (Evening),Tidak Beasiswa,Lunas,Tidak Menunggak,Perempuan,3-4,11-12,31+,0
Graduate,Management,Tidak Beasiswa,Lunas,Tidak Menunggak,Laki-laki,7+,11-12,21-23,0
Dropout,Social Service,Tidak Beasiswa,Lunas,Tidak Menunggak,Laki-laki,0,0,21-23,1
Dropout,Communication Design,Beasiswa,Lunas,Tidak Menunggak,Laki-laki,3-4,11-12,24-30,1
Graduate,Management (Evening),Tidak Beasiswa,Lunas,Tidak Menunggak,Laki-laki,7+,11-12,24-30,0
Graduate,Animation & Multimedia Design,Beasiswa,Belum Lunas,Tidak Menunggak,Laki-laki,7+,13-14,21-23,0
Enrolled,Agronomy,Tidak Beasiswa,Lunas,Tidak Menunggak,Laki-laki,5-6,13-14,24-30,0
Dropout,Veterinary Nursing,Tidak Beasiswa,Lunas,Tidak Menunggak,Laki-laki,0,0,31+,1
Dropout,Management (Evening),Tidak Beasiswa,Lunas,Tidak Menunggak,Laki-laki,0,0,31+,1
Graduate,Agronomy,Tidak Beasiswa,Lunas,Tidak Menunggak,Laki-laki,5-6,13-14,31+,0
Dropout,Agronomy,Tidak Beasiswa,Lunas,Tidak Menunggak,Laki-laki,0,0,24-30,1
Dropout,Informatics Engineering,Tidak Beasiswa,Lunas,Tidak Menunggak,Laki-laki,0,0,24-30,1
Dropout,Management,Tidak Beasiswa,Belum Lunas,Tidak Menunggak,Laki-laki,0,0,24-30,1
Dropout,Management (Evening),Tidak Beasiswa,Belum Lunas,Tidak Menunggak,Laki-laki,0,0,24-30,1
Graduate,Advertising & Marketing Mgmt,Beasiswa,Lunas,Tidak Menunggak,Laki-laki,5-6,11-12,31+,0
Dropout,Agronomy,Tidak Beasiswa,Lunas,Tidak Menunggak,Laki-laki,5-6,11-12,24-30,1
Dropout,Informatics Engineering,Tidak Beasiswa,Lunas,Tidak Menunggak,Laki-laki,5-6,13-14,31+,1
Graduate,Journalism & Communication,Beasiswa,Lunas,Tidak Menunggak,Laki-laki,5-6,13-14,15-20,0
Graduate,Management (Evening),Beasiswa,Lunas,Tidak Menunggak,Laki-laki,5-6,15+,24-30,0
Dropout,Journalism & Communication,Beasiswa,Lunas,Tidak Menunggak,Laki-laki,5-6,13-14,15-20,1
Enrolled,Informatics Engineering,Tidak Beasiswa,Lunas,Tidak Menunggak,Laki-laki,3-4,13-14,15-20,0
Enrolled,Veterinary Nursing,Tidak Beasiswa,Lunas,Tidak Menunggak,Laki-laki,3-4,11-12,21-23,0
Graduate,Informatics Engineering,Tidak Beasiswa,Lunas,Tidak Menunggak,Laki-laki,5-6,13-14,21-23,0
Graduate,Agronomy,Tidak Beasiswa,Lunas,Tidak Menunggak,Laki-laki,7+,13-14,31+,0
Dropout,Informatics Engineering,Beasiswa,Lunas,Tidak Menunggak,Laki-laki,3-4,13-14,21-23,1
Dropout,Agronomy,Tidak Beasiswa,Belum Lunas,Tidak Menunggak,Laki-laki,7+,13-14,31+,1
Dropout,Advertising & Marketing Mgmt,Tidak Beasiswa,Lunas,Tidak Menunggak,Laki-laki,0,0,31+,1
Dropout,Management,Tidak Beasiswa,Belum Lunas,Tidak Menunggak,Laki-laki,0,0,21-23,1
Enrolled,Social Service (Evening),Tidak Beasiswa,Lunas,Tidak Menunggak,Laki-laki,3-4,11-12,31+,0
Dropout,Advertising & Marketing Mgmt,Tidak Beasiswa,Lunas,Tidak Menunggak,Laki-laki,1-2,1-10,31+,1
Graduate,Agronomy,Tidak Beasiswa,Lunas,Tidak Menunggak,Laki-laki,7+,15+,31+,0
Dropout,Basic Education,Tidak Beasiswa,Lunas,Tidak Menunggak,Laki-laki,0,0,15-20,1
Enrolled,Nursing,Tidak Beasiswa,Lunas,Tidak Menunggak,Laki-laki,3-4,13-14,31+,0
Dropout,Management (Evening),Tidak Beasiswa,Lunas,Tidak Menunggak,Laki-laki,5-6,15+,31+,1
Graduate,Tourism,Tidak Beasiswa,Lunas,Tidak Menunggak,Laki-laki,3-4,1-10,31+,0
Dropout,Informatics Engineering,Tidak Beasiswa,Belum Lunas,Menunggak,Laki-laki,0,0,24-30,1
Dropout,Management (Evening),Tidak Beasiswa,Lunas,Tidak Menunggak,Laki-laki,5-6,13-14,31+,1
Enrolled,Animation & Multimedia Design,Tidak Beasiswa,Belum Lunas,Menunggak,Laki-laki,0,0,15-20,0
Dropout,Agronomy,Tidak Beasiswa,Belum Lunas,Menunggak,Laki-laki,0,0,31+,1
Graduate,Veterinary Nursing,Tidak Beasiswa,Lunas,Tidak Menunggak,Laki-laki,3-4,11-12,15-20,0
Enrolled,Animation & Multimedia Design,Tidak Beasiswa,Lunas,Tidak Menunggak,Laki-laki,7+,13-14,21-23,0
Dropout,Informatics Engineering,Beasiswa,Lunas,Tidak Menunggak,Laki-laki,0,0,15-20,1
Graduate,Agronomy,Tidak Beasiswa,Lunas,Tidak Menunggak,Laki-laki,5-6,15+,15-20,0
Graduate,Communication Design,Tidak Beasiswa,Lunas,Tidak Menunggak,Laki-laki,5-6,13-14,31+,0
Enrolled,Management,Tidak Beasiswa,Lunas,Tidak Menunggak,Laki-laki,1-2,13-14,24-30,0
Dropout,Informatics Engineering,Tidak Beasiswa,Lunas,Tidak Menunggak,Laki-laki,0,0,15-20,1
Graduate,Management,Tidak Beasiswa,Lunas,Tidak Menunggak,Laki-laki,5-6,13-14,15-20,0
Dropout,Journalism & Communication,Tidak Beasiswa,Lunas,Tidak Menunggak,Laki-laki,0,0,31+,1
Dropout,Tourism,Tidak Beasiswa,Lunas,Tidak Menunggak,Laki-laki,0,0,15-20,1
Dropout,Animation & Multimedia Design,Tidak Beasiswa,Lunas,Tidak Menunggak,Laki-laki,0,0,15-20,1
Dropout,Tourism,Beasiswa,Lunas,Menunggak,Laki-laki,0,0,15-20,1
Dropout,Management (Evening),Tidak Beasiswa,Belum Lunas,Menunggak,Laki-laki,3-4,11-12,24-30,1
Dropout,Equinculture,Tidak Beasiswa,Lunas,Menunggak,Laki-laki,0,0,31+,1
Enrolled,Informatics Engineering,Tidak Beasiswa,Lunas,Tidak Menunggak,Laki-laki,1-2,15+,15-20,0
Enrolled,Agronomy,Beasiswa,Lunas,Tidak Menunggak,Laki-laki,5-6,13-14,15-20,0
Dropout,Communication Design,Tidak Beasiswa,Lunas,Tidak Menunggak,Laki-laki,3-4,13-14,15-20,1
Dropout,Management,Tidak Beasiswa,Lunas,Tidak Menunggak,Laki-laki,0,0,31+,1
Enrolled,Equinculture,Tidak Beasiswa,Lunas,Tidak Menunggak,Laki-laki,1-2,11-12,15-20,0
Dropout,Veterinary Nursing,Tidak Beasiswa,Belum Lunas,Tidak Menunggak,Laki-laki,0,0,24-30,1
Dropout,Advertising & Marketing Mgmt,Tidak Beasiswa,Lunas,Tidak Menunggak,Laki-laki,3-4,11-12,15-20,1
Dropout,Agronomy,Tidak Beasiswa,Belum Lunas,Tidak Menunggak,Laki-laki,0,0,24-30,1
Graduate,Journalism & Communication,Tidak Beasiswa,Lunas,Tidak Menunggak,Laki-laki,5-6,15+,15-20,0
Dropout,Social Service (Evening),Tidak Beasiswa,Belum Lunas,Menunggak,Laki-laki,0,0,31+,1
Graduate,Nursing,Beasiswa,Lunas,Tidak Menunggak,Laki-laki,7+,13-14,24-30,0
Enrolled,Tourism,Tidak Beasiswa,Lunas,Tidak Menunggak,Laki-laki,5-6,13-14,21-23,0
Graduate,Nursing,Tidak Beasiswa,Lunas,Tidak Menunggak,Laki-laki,7+,11-12,15-20,0
Dropout,Management,Tidak Beasiswa,Lunas,Tidak Menunggak,Laki-laki,3-4,11-12,21-23,1
Enrolled,Animation & Multimedia Design,Tidak Beasiswa,Lunas,Tidak Menunggak,Laki-laki,0,0,21-23,0
Graduate,Communication Design,Beasiswa,Lunas,Tidak Menunggak,Laki-laki,5-6,13-14,21-23,0
Graduate,Management (Evening),Tidak Beasiswa,Lunas,Tidak Menunggak,Laki-laki,5-6,15+,31+,0
Graduate,Agronomy,Tidak Beasiswa,Lunas,Tidak Menunggak,Laki-laki,7+,13-14,21-23,0
Graduate,Management,Tidak Beasiswa,Lunas,Tidak Menunggak,Laki-laki,5-6,15+,31+,0
Dropout,Agronomy,Tidak Beasiswa,Belum Lunas,Tidak Menunggak,Laki-laki,1-2,11-12,31+,1
Dropout,Advertising & Marketing Mgmt,Tidak Beasiswa,Lunas,Tidak Menunggak,Laki-laki,0,0,31+,1
Dropout,Management,Tidak Beasiswa,Lunas,Tidak Menunggak,Laki-laki,0,0,15-20,1
Enrolled,Management,Tidak Beasiswa,Lunas,Tidak Menunggak,Laki-laki,1-2,13-14,15-20,0
Graduate,Tourism,Beasiswa,Lunas,Tidak Menunggak,Laki-laki,5-6,13-14,15-20,0
Enrolled,Journalism & Communication,Tidak Beasiswa,Lunas,Tidak Menunggak,Laki-laki,3-4,11-12,15-20,0
Enrolled,Management,Tidak Beasiswa,Lunas,Tidak Menunggak,Laki-laki,1-2,13-14,15-20,0
Dropout,Social Service (Evening),Tidak Beasiswa,Belum Lunas,Menunggak,Laki-laki,7+,11-12,24-30,1
Graduate,Agronomy,Tidak Beasiswa,Lunas,Tidak Menunggak,Laki-laki,5-6,13-14,31+,0
Graduate,Journalism & Communication,Beasiswa,Lunas,Menunggak,Laki-laki,5-6,13-14,15-20,0
Graduate,Journalism & Communication,Tidak Beasiswa,Lunas,Tidak Menunggak,Laki-laki,5-6,13-14,24-30,0
Graduate,Animation & Multimedia Design,Beasiswa,Lunas,Tidak Menunggak,Laki-laki,0,0,15-20,0
Graduate,Social Service (Evening),Tidak Beasiswa,Lunas,Tidak Menunggak,Perempuan,5-6,13-14,31+,0
Dropout,Animation & Multimedia Design,Beasiswa,Lunas,Tidak Menunggak,Laki-laki,0,0,24-30,1
Dropout,Social Service,Tidak Beasiswa,Lunas,Menunggak,Perempuan,1-2,15+,31+,1
Graduate,Veterinary Nursing,Tidak Beasiswa,Lunas,Tidak Menunggak,Perempuan,5-6,13-14,15-20,0
Graduate,Social Service (Evening),Tidak Beasiswa,Lunas,Tidak Menunggak,Perempuan,5-6,13-14,31+,0
Graduate,Biofuel Production,Tidak Beasiswa,Lunas,Tidak Menunggak,Perempuan,7+,11-12,24-30,0
Graduate,Nursing,Beasiswa,Lunas,Tidak Menunggak,Perempuan,7+,13-14,31+,0
Dropout,Basic Education,Tidak Beasiswa,Lunas,Tidak Menunggak,Perempuan,0,0,15-20,1
Graduate,Nursing,Beasiswa,Lunas,Tidak Menunggak,Perempuan,7+,13-14,15-20,0
Graduate,Oral Hygiene,Tidak Beasiswa,Lunas,Tidak Menunggak,Perempuan,7+,11-12,15-20,0
Graduate,Social Service (Evening),Beasiswa,Lunas,Tidak Menunggak,Laki-laki,5-6,11-12,31+,0
Graduate,Animation & Multimedia Design,Beasiswa,Lunas,Tidak Menunggak,Laki-laki,0,0,21-23,0
Graduate,Communication Design,Tidak Beasiswa,Lunas,Tidak Menunggak,Laki-laki,7+,13-14,24-30,0
Dropout,Journalism & Communication,Tidak Beasiswa,Belum Lunas,Tidak Menunggak,Perempuan,0,0,15-20,1
Enrolled,Nursing,Tidak Beasiswa,Lunas,Tidak Menunggak,Perempuan,5-6,13-14,15-20,0
Graduate,Nursing,Tidak Beasiswa,Lunas,Tidak Menunggak,Perempuan,7+,13-14,15-20,0
Graduate,Veterinary Nursing,Tidak Beasiswa,Lunas,Tidak Menunggak,Perempuan,5-6,11-12,15-20,0
Dropout,Advertising & Marketing Mgmt,Tidak Beasiswa,Lunas,Tidak Menunggak,Perempuan,5-6,13-14,15-20,1
Enrolled,Informatics Engineering,Tidak Beasiswa,Lunas,Tidak Menunggak,Laki-laki,1-2,1-10,15-20,0
Graduate,Communication Design,Beasiswa,Lunas,Tidak Menunggak,Perempuan,3-4,11-12,21-23,0
Graduate,Nursing,Beasiswa,Lunas,Tidak Menunggak,Perempuan,7+,13-14,15-20,0
Graduate,Tourism,Beasiswa,Lunas,Tidak Menunggak,Perempuan,5-6,13-14,15-20,0
Graduate,Journalism & Communication,Beasiswa,Lunas,Tidak Menunggak,Perempuan,5-6,13-14,15-20,0
Graduate,Tourism,Beasiswa,Lunas,Tidak Menunggak,Perempuan,5-6,13-14,15-20,0
Graduate,Tourism,Tidak Beasiswa,Lunas,Tidak Menunggak,Perempuan,5-6,11-12,15-20,0
Graduate,Nursing,Beasiswa,Lunas,Tidak Menunggak,Perempuan,7+,13-14,15-20,0
Dropout,Basic Education,Tidak Beasiswa,Lunas,Tidak Menunggak,Perempuan,0,0,15-20,1
Dropout,Social Service,Beasiswa,Lunas,Tidak Menunggak,Perempuan,0,0,15-20,1
Graduate,Veterinary Nursing,Tidak Beasiswa,Lunas,Tidak Menunggak,Perempuan,3-4,11-12,15-20,0
Dropout,Communication Design,Beasiswa,Lunas,Tidak Menunggak,Perempuan,5-6,13-14,15-20,1
Graduate,Nursing,Beasiswa,Lunas,Tidak Menunggak,Perempuan,7+,13-14,15-20,0
Graduate,Journalism & Communication,Tidak Beasiswa,Lunas,Tidak Menunggak,Perempuan,5-6,15+,15-20,0
Graduate,Management,Beasiswa,Lunas,Tidak Menunggak,Perempuan,3-4,13-14,15-20,0
Graduate,Journalism & Communication,Tidak Beasiswa,Lunas,Menunggak,Perempuan,5-6,13-14,15-20,0
Graduate,Agronomy,Beasiswa,Lunas,Tidak Menunggak,Perempuan,5-6,13-14,15-20,0
Graduate,Social Service,Beasiswa,Lunas,Tidak Menunggak,Perempuan,5-6,11-12,15-20,0
Enrolled,Equinculture,Beasiswa,Lunas,Tidak Menunggak,Perempuan,5-6,13-14,15-20,0
Graduate,Social Service,Beasiswa,Lunas,Tidak Menunggak,Perempuan,5-6,13-14,15-20,0
Enrolled,Basic Education,Tidak Beasiswa,Lunas,Tidak Menunggak,Perempuan,3-4,11-12,15-20,0
Enrolled,Equinculture,Tidak Beasiswa,Lunas,Tidak Menunggak,Perempuan,5-6,15+,15-20,0
Graduate,Advertising & Marketing Mgmt,Tidak Beasiswa,Lunas,Tidak Menunggak,Perempuan,5-6,15+,15-20,0
Graduate,Advertising & Marketing Mgmt,Tidak Beasiswa,Lunas,Menunggak,Perempuan,5-6,13-14,15-20,0
Graduate,Equinculture,Beasiswa,Lunas,Tidak Menunggak,Perempuan,5-6,13-14,15-20,0
Dropout,Management,Tidak Beasiswa,Lunas,Tidak Menunggak,Perempuan,0,0,31+,1
Dropout,Basic Education,Beasiswa,Lunas,Tidak Menunggak,Perempuan,0,0,15-20,1
Graduate,Oral Hygiene,Beasiswa,Lunas,Tidak Menunggak,Perempuan,7+,15+,15-20,0
Dropout,Communication Design,Tidak Beasiswa,Lunas,Tidak Menunggak,Perempuan,0,0,15-20,1
Enrolled,Agronomy,Tidak Beasiswa,Lunas,Tidak Menunggak,Perempuan,3-4,11-12,15-20,0
Graduate,Journalism & Communication,Tidak Beasiswa,Lunas,Tidak Menunggak,Perempuan,5-6,15+,15-20,0
Graduate,Social Service,Tidak Beasiswa,Lunas,Tidak Menunggak,Perempuan,5-6,11-12,15-20,0
Graduate,Nursing,Tidak Beasiswa,Lunas,Tidak Menunggak,Perempuan,7+,13-14,15-20,0
Graduate,Journalism & Communication,Beasiswa,Lunas,Tidak Menunggak,Laki-laki,5-6,15+,15-20,0
Dropout,Tourism,Beasiswa,Lunas,Menunggak,Laki-laki,0,0,15-20,1
Graduate,Social Service (Evening),Tidak Beasiswa,Lunas,Tidak Menunggak,Perempuan,7+,13-14,24-30,0
Enrolled,Communication Design,Beasiswa,Lunas,Tidak Menunggak,Perempuan,5-6,15+,15-20,0
Graduate,Social Service (Evening),Tidak Beasiswa,Lunas,Tidak Menunggak,Perempuan,5-6,11-12,15-20,0
Dropout,Management (Evening),Tidak Beasiswa,Lunas,Menunggak,Laki-laki,0,0,31+,1
Enrolled,Informatics Engineering,Tidak Beasiswa,Lunas,Menunggak,Laki-laki,3-4,11-12,15-20,0
Enrolled,Informatics Engineering,Tidak Beasiswa,Lunas,Tidak Menunggak,Laki-laki,1-2,11-12,15-20,0
Graduate,Management,Tidak Beasiswa,Lunas,Tidak Menunggak,Perempuan,5-6,11-12,15-20,0
Enrolled,Animation & Multimedia Design,Tidak Beasiswa,Lunas,Tidak Menunggak,Perempuan,0,0,15-20,0
Enrolled,Management,Tidak Beasiswa,Lunas,Tidak Menunggak,Perempuan,1-2,11-12,15-20,0
Dropout,Journalism & Communication,Tidak Beasiswa,Lunas,Tidak Menunggak,Perempuan,5-6,13-14,15-20,1
Graduate,Basic Education,Tidak Beasiswa,Lunas,Tidak Menunggak,Perempuan,5-6,13-14,15-20,0
Graduate,Nursing,Tidak Beasiswa,Lunas,Tidak Menunggak,Perempuan,7+,13-14,15-20,0
Dropout,Nursing,Tidak Beasiswa,Lunas,Tidak Menunggak,Perempuan,0,0,31+,1
Enrolled,Social Service,Tidak Beasiswa,Lunas,Tidak Menunggak,Perempuan,0,0,15-20,0
Graduate,Tourism,Beasiswa,Lunas,Tidak Menunggak,Perempuan,5-6,13-14,15-20,0
Graduate,Social Service,Tidak Beasiswa,Lunas,Tidak Menunggak,Laki-laki,5-6,13-14,21-23,0
Graduate,Nursing,Beasiswa,Lunas,Tidak Menunggak,Perempuan,7+,15+,15-20,0
Enrolled,Social Service (Evening),Tidak Beasiswa,Lunas,Tidak Menunggak,Perempuan,5-6,11-12,24-30,0
Enrolled,Management,Tidak Beasiswa,Lunas,Menunggak,Perempuan,5-6,13-14,31+,0
Graduate,Journalism & Communication,Beasiswa,Lunas,Tidak Menunggak,Perempuan,5-6,15+,15-20,0
Graduate,Nursing,Tidak Beasiswa,Lunas,Menunggak,Perempuan,7+,15+,15-20,0
Graduate,Nursing,Tidak Beasiswa,Lunas,Tidak Menunggak,Perempuan,7+,15+,31+,0
Graduate,Social Service,Tidak Beasiswa,Lunas,Menunggak,Perempuan,5-6,15+,21-23,0
Graduate,Nursing,Tidak Beasiswa,Lunas,Tidak Menunggak,Perempuan,5-6,15+,15-20,0
Graduate,Journalism & Communication,Beasiswa,Lunas,Tidak Menunggak,Perempuan,5-6,13-14,15-20,0
Graduate,Social Service (Evening),Tidak Beasiswa,Lunas,Tidak Menunggak,Perempuan,7+,15+,31+,0
Dropout,Veterinary Nursing,Tidak Beasiswa,Lunas,Menunggak,Perempuan,3-4,11-12,31+,1
Dropout,Tourism,Tidak Beasiswa,Lunas,Tidak Menunggak,Perempuan,1-2,1-10,24-30,1
Graduate,Nursing,Tidak Beasiswa,Lunas,Tidak Menunggak,Perempuan,5-6,13-14,15-20,0
Graduate,Social Service,Tidak Beasiswa,Lunas,Tidak Menunggak,Perempuan,5-6,13-14,15-20,0
Graduate,Social Service,Beasiswa,Lunas,Tidak Menunggak,Perempuan,5-6,13-14,15-20,0
Dropout,Agronomy,Tidak Beasiswa,Belum Lunas,Tidak Menunggak,Perempuan,0,0,24-30,1
Graduate,Management,Tidak Beasiswa,Lunas,Tidak Menunggak,Perempuan,5-6,15+,15-20,0
Enrolled,Management (Evening),Tidak Beasiswa,Lunas,Tidak Menunggak,Perempuan,3-4,11-12,24-30,0
Graduate,Basic Education,Tidak Beasiswa,Lunas,Tidak Menunggak,Perempuan,5-6,13-14,15-20,0
Graduate,Social Service (Evening),Tidak Beasiswa,Lunas,Tidak Menunggak,Perempuan,5-6,11-12,15-20,0
Enrolled,Management,Tidak Beasiswa,Lunas,Tidak Menunggak,Perempuan,3-4,13-14,21-23,0
Enrolled,Management,Tidak Beasiswa,Lunas,Tidak Menunggak,Perempuan,1-2,11-12,24-30,0
Dropout,Basic Education,Tidak Beasiswa,Lunas,Tidak Menunggak,Perempuan,1-2,11-12,15-20,1
Enrolled,Basic Education,Tidak Beasiswa,Lunas,Tidak Menunggak,Perempuan,5-6,13-14,15-20,0
Dropout,Agronomy,Tidak Beasiswa,Lunas,Tidak Menunggak,Perempuan,0,0,24-30,1
Enrolled,Basic Education,Tidak Beasiswa,Belum Lunas,Menunggak,Perempuan,5-6,13-14,21-23,0
Graduate,Management,Tidak Beasiswa,Lunas,Tidak Menunggak,Perempuan,7+,11-12,21-23,0
Dropout,Oral Hygiene,Tidak Beasiswa,Lunas,Tidak Menunggak,Perempuan,7+,11-12,24-30,1
Enrolled,Management,Tidak Beasiswa,Lunas,Tidak Menunggak,Perempuan,1-2,11-12,21-23,0
Graduate,Communication Design,Beasiswa,Lunas,Tidak Menunggak,Perempuan,5-6,13-14,15-20,0
Dropout,Communication Design,Tidak Beasiswa,Lunas,Menunggak,Perempuan,5-6,13-14,21-23,1
Dropout,Animation & Multimedia Design,Beasiswa,Lunas,Tidak Menunggak,Perempuan,0,0,15-20,1
Enrolled,Veterinary Nursing,Tidak Beasiswa,Lunas,Tidak Menunggak,Perempuan,3-4,11-12,21-23,0
Enrolled,Basic Education,Tidak Beasiswa,Lunas,Tidak Menunggak,Perempuan,5-6,11-12,15-20,0
Dropout,Basic Education,Beasiswa,Lunas,Tidak Menunggak,Perempuan,5-6,13-14,15-20,1
Enrolled,Tourism,Tidak Beasiswa,Lunas,Tidak Menunggak,Perempuan,3-4,11-12,21-23,0
Graduate,Social Service,Tidak Beasiswa,Lunas,Tidak Menunggak,Perempuan,5-6,13-14,15-20,0
Dropout,Veterinary Nursing,Tidak Beasiswa,Belum Lunas,Tidak Menunggak,Perempuan,0,0,15-20,1
Dropout,Social Service,Tidak Beasiswa,Lunas,Tidak Menunggak,Perempuan,1-2,13-14,15-20,1
Graduate,Veterinary Nursing,Tidak Beasiswa,Lunas,Tidak Menunggak,Perempuan,5-6,11-12,24-30,0
Graduate,Veterinary Nursing,Tidak Beasiswa,Lunas,Tidak Menunggak,Perempuan,5-6,13-14,21-23,0
Dropout,Journalism & Communication,Tidak Beasiswa,Lunas,Tidak Menunggak,Perempuan,5-6,13-14,15-20,1
Graduate,Tourism,Tidak Beasiswa,Lunas,Tidak Menunggak,Perempuan,3-4,13-14,15-20,0
Dropout,Management (Evening),Tidak Beasiswa,Lunas,Tidak Menunggak,Perempuan,1-2,1-10,31+,1
Graduate,Nursing,Tidak Beasiswa,Lunas,Tidak Menunggak,Perempuan,7+,13-14,15-20,0
Graduate,Journalism & Communication,Tidak Beasiswa,Lunas,Tidak Menunggak,Laki-laki,3-4,13-14,15-20,0
Graduate,Equinculture,Tidak Beasiswa,Lunas,Tidak Menunggak,Perempuan,5-6,15+,15-20,0
Dropout,Management (Evening),Tidak Beasiswa,Lunas,Tidak Menunggak,Laki-laki,0,0,24-30,1
Dropout,Informatics Engineering,Tidak Beasiswa,Lunas,Tidak Menunggak,Laki-laki,3-4,13-14,15-20,1
Dropout,Equinculture,Tidak Beasiswa,Belum Lunas,Tidak Menunggak,Laki-laki,3-4,13-14,15-20,1
Dropout,Basic Education,Beasiswa,Lunas,Tidak Menunggak,Perempuan,0,0,15-20,1
Graduate,Tourism,Beasiswa,Lunas,Tidak Menunggak,Perempuan,5-6,13-14,15-20,0
Dropout,Basic Education,Beasiswa,Lunas,Tidak Menunggak,Perempuan,5-6,13-14,15-20,1
Graduate,Social Service,Beasiswa,Lunas,Tidak Menunggak,Perempuan,5-6,13-14,21-23,0
Enrolled,Communication Design,Tidak Beasiswa,Lunas,Tidak Menunggak,Perempuan,7+,11-12,24-30,0
Graduate,Communication Design,Beasiswa,Lunas,Tidak Menunggak,Perempuan,5-6,11-12,15-20,0
Graduate,Social Service (Evening),Beasiswa,Lunas,Menunggak,Perempuan,7+,13-14,21-23,0
Dropout,Management (Evening),Tidak Beasiswa,Lunas,Tidak Menunggak,Perempuan,1-2,11-12,31+,1
Graduate,Journalism & Communication,Tidak Beasiswa,Lunas,Tidak Menunggak,Perempuan,5-6,11-12,15-20,0
Dropout,Management (Evening),Tidak Beasiswa,Lunas,Tidak Menunggak,Laki-laki,1-2,11-12,24-30,1
Graduate,Nursing,Tidak Beasiswa,Lunas,Tidak Menunggak,Laki-laki,7+,15+,15-20,0
Enrolled,Nursing,Tidak Beasiswa,Lunas,Tidak Menunggak,Laki-laki,7+,13-14,15-20,0
Enrolled,Management,Beasiswa,Lunas,Tidak Menunggak,Laki-laki,3-4,11-12,15-20,0
Enrolled,Management (Evening),Tidak Beasiswa,Lunas,Tidak Menunggak,Laki-laki,5-6,15+,24-30,0
Dropout,Management (Evening),Tidak Beasiswa,Lunas,Tidak Menunggak,Laki-laki,1-2,11-12,24-30,1
Dropout,Tourism,Tidak Beasiswa,Lunas,Tidak Menunggak,Laki-laki,0,0,15-20,1
Graduate,Nursing,Tidak Beasiswa,Lunas,Tidak Menunggak,Laki-laki,7+,13-14,21-23,0
Graduate,Nursing,Tidak Beasiswa,Lunas,Tidak Menunggak,Laki-laki,7+,13-14,15-20,0
Enrolled,Advertising & Marketing Mgmt,Tidak Beasiswa,Lunas,Tidak Menunggak,Laki-laki,3-4,13-14,15-20,0
Dropout,Oral Hygiene,Tidak Beasiswa,Lunas,Tidak Menunggak,Laki-laki,0,0,24-30,1
Dropout,Tourism,Tidak Beasiswa,Belum Lunas,Tidak Menunggak,Laki-laki,0,0,21-23,1
Graduate,Animation & Multimedia Design,Tidak Beasiswa,Lunas,Tidak Menunggak,Laki-laki,0,0,15-20,0
Graduate,Management,Tidak Beasiswa,Lunas,Tidak Menunggak,Laki-laki,5-6,13-14,15-20,0
Graduate,Animation & Multimedia Design,Tidak Beasiswa,Lunas,Tidak Menunggak,Laki-laki,7+,13-14,21-23,0
Dropout,Informatics Engineering,Tidak Beasiswa,Lunas,Tidak Menunggak,Laki-laki,0,0,31+,1
Graduate,Journalism & Communication,Beasiswa,Lunas,Tidak Menunggak,Laki-laki,5-6,11-12,15-20,0
Dropout,Advertising & Marketing Mgmt,Tidak Beasiswa,Lunas,Tidak Menunggak,Laki-laki,0,0,15-20,1
Dropout,Management (Evening),Tidak Beasiswa,Lunas,Tidak Menunggak,Laki-laki,3-4,13-14,24-30,1
Graduate,Agronomy,Tidak Beasiswa,Lunas,Tidak Menunggak,Laki-laki,5-6,13-14,31+,0
Dropout,Animation & Multimedia Design,Tidak Beasiswa,Lunas,Tidak Menunggak,Laki-laki,0,0,21-23,1
Enrolled,Communication Design,Tidak Beasiswa,Lunas,Tidak Menunggak,Laki-laki,7+,13-14,24-30,0
Dropout,Agronomy,Tidak Beasiswa,Belum Lunas,Menunggak,Laki-laki,1-2,11-12,15-20,1
Dropout,Social Service (Evening),Tidak Beasiswa,Lunas,Tidak Menunggak,Laki-laki,1-2,13-14,31+,1
Dropout,Nursing,Tidak Beasiswa,Lunas,Tidak Menunggak,Laki-laki,5-6,13-14,15-20,1
Enrolled,Nursing,Tidak Beasiswa,Lunas,Tidak Menunggak,Laki-laki,7+,13-14,15-20,0
Dropout,Agronomy,Tidak Beasiswa,Belum Lunas,Tidak Menunggak,Laki-laki,1-2,11-12,31+,1
Graduate,Advertising & Marketing Mgmt,Beasiswa,Lunas,Tidak Menunggak,Laki-laki,5-6,15+,15-20,0
Dropout,Management,Tidak Beasiswa,Lunas,Tidak Menunggak,Laki-laki,0,0,31+,1
Graduate,Nursing,Tidak Beasiswa,Lunas,Tidak Menunggak,Laki-laki,7+,13-14,15-20,0
Graduate,Nursing,Tidak Beasiswa,Lunas,Tidak Menunggak,Laki-laki,5-6,13-14,24-30,0
Graduate,Animation & Multimedia Design,Tidak Beasiswa,Lunas,Tidak Menunggak,Laki-laki,0,0,15-20,0
Enrolled,Basic Education,Beasiswa,Lunas,Tidak Menunggak,Laki-laki,5-6,13-14,15-20,0
Dropout,Animation & Multimedia Design,Tidak Beasiswa,Lunas,Tidak Menunggak,Laki-laki,0,0,21-23,1
Dropout,Tourism,Beasiswa,Lunas,Tidak Menunggak,Laki-laki,5-6,13-14,15-20,1
Dropout,Management (Evening),Tidak Beasiswa,Lunas,Tidak Menunggak,Laki-laki,3-4,11-12,31+,1
Graduate,Journalism & Communication,Tidak Beasiswa,Lunas,Tidak Menunggak,Laki-laki,5-6,15+,31+,0
Dropout,Nursing,Tidak Beasiswa,Belum Lunas,Tidak Menunggak,Laki-laki,3-4,11-12,15-20,1
Dropout,Management (Evening),Tidak Beasiswa,Belum Lunas,Tidak Menunggak,Laki-laki,0,0,31+,1
Graduate,Management (Evening),Tidak Beasiswa,Lunas,Tidak Menunggak,Laki-laki,5-6,15+,31+,0
Dropout,Journalism & Communication,Tidak Beasiswa,Belum Lunas,Menunggak,Laki-laki,3-4,13-14,31+,1
Graduate,Communication Design,Tidak Beasiswa,Lunas,Tidak Menunggak,Laki-laki,5-6,13-14,15-20,0
Dropout,Management (Evening),Tidak Beasiswa,Belum Lunas,Tidak Menunggak,Laki-laki,1-2,11-12,31+,1
Enrolled,Nursing,Tidak Beasiswa,Lunas,Tidak Menunggak,Laki-laki,7+,11-12,31+,0
Dropout,Social Service (Evening),Tidak Beasiswa,Lunas,Tidak Menunggak,Laki-laki,0,0,31+,1
Enrolled,Informatics Engineering,Tidak Beasiswa,Lunas,Menunggak,Laki-laki,5-6,11-12,15-20,0
Graduate,Management (Evening),Tidak Beasiswa,Lunas,Tidak Menunggak,Laki-laki,5-6,13-14,31+,0
Dropout,Tourism,Tidak Beasiswa,Lunas,Tidak Menunggak,Laki-laki,1-2,11-12,21-23,1
Enrolled,Management (Evening),Tidak Beasiswa,Lunas,Tidak Menunggak,Laki-laki,3-4,13-14,31+,0
Graduate,Advertising & Marketing Mgmt,Beasiswa,Lunas,Tidak Menunggak,Laki-laki,5-6,11-12,15-20,0
Enrolled,Tourism,Tidak Beasiswa,Lunas,Tidak Menunggak,Laki-laki,3-4,11-12,24-30,0
Dropout,Oral Hygiene,Tidak Beasiswa,Lunas,Tidak Menunggak,Laki-laki,1-2,13-14,31+,1
Graduate,Management (Evening),Tidak Beasiswa,Lunas,Tidak Menunggak,Laki-laki,5-6,15+,31+,0
Enrolled,Agronomy,Tidak Beasiswa,Lunas,Menunggak,Laki-laki,0,0,24-30,0
Graduate,Management (Evening),Tidak Beasiswa,Lunas,Tidak Menunggak,Laki-laki,5-6,15+,31+,0
Graduate,Nursing,Tidak Beasiswa,Lunas,Tidak Menunggak,Laki-laki,7+,13-14,24-30,0
Dropout,Nursing,Tidak Beasiswa,Lunas,Tidak Menunggak,Laki-laki,0,0,31+,1
Dropout,Management (Evening),Tidak Beasiswa,Belum Lunas,Menunggak,Laki-laki,1-2,1-10,31+,1
Graduate,Veterinary Nursing,Tidak Beasiswa,Lunas,Tidak Menunggak,Laki-laki,3-4,11-12,21-23,0
Dropout,Agronomy,Tidak Beasiswa,Lunas,Tidak Menunggak,Laki-laki,0,0,24-30,1
Enrolled,Informatics Engineering,Tidak Beasiswa,Lunas,Tidak Menunggak,Laki-laki,3-4,11-12,15-20,0
Enrolled,Management,Tidak Beasiswa,Lunas,Tidak Menunggak,Laki-laki,3-4,1-10,15-20,0
Dropout,Informatics Engineering,Tidak Beasiswa,Belum Lunas,Menunggak,Laki-laki,0,0,31+,1
Enrolled,Informatics Engineering,Tidak Beasiswa,Lunas,Menunggak,Laki-laki,0,0,15-20,0
Dropout,Journalism & Communication,Tidak Beasiswa,Belum Lunas,Tidak Menunggak,Laki-laki,0,0,21-23,1
Dropout,Management,Tidak Beasiswa,Lunas,Tidak Menunggak,Laki-laki,1-2,11-12,21-23,1
Graduate,Management,Tidak Beasiswa,Lunas,Tidak Menunggak,Laki-laki,3-4,13-14,15-20,0
Graduate,Management,Beasiswa,Lunas,Tidak Menunggak,Laki-laki,3-4,11-12,15-20,0
Graduate,Agronomy,Tidak Beasiswa,Lunas,Tidak Menunggak,Laki-laki,5-6,15+,15-20,0
Graduate,Journalism & Communication,Beasiswa,Lunas,Tidak Menunggak,Laki-laki,5-6,11-12,15-20,0
Enrolled,Nursing,Tidak Beasiswa,Lunas,Menunggak,Laki-laki,5-6,13-14,24-30,0
Dropout,Tourism,Tidak Beasiswa,Belum Lunas,Menunggak,Laki-laki,0,0,31+,1
Enrolled,Advertising & Marketing Mgmt,Tidak Beasiswa,Belum Lunas,Menunggak,Laki-laki,3-4,13-14,21-23,0
Dropout,Communication Design,Tidak Beasiswa,Lunas,Tidak Menunggak,Laki-laki,7+,13-14,15-20,1
Graduate,Nursing,Tidak Beasiswa,Lunas,Tidak Menunggak,Laki-laki,7+,13-14,15-20,0
Dropout,Animation & Multimedia Design,Tidak Beasiswa,Lunas,Menunggak,Laki-laki,0,0,21-23,1
Dropout,Agronomy,Tidak Beasiswa,Lunas,Tidak Menunggak,Laki-laki,0,0,24-30,1
Dropout,Informatics Engineering,Tidak Beasiswa,Lunas,Menunggak,Laki-laki,0,0,15-20,1
Dropout,Agronomy,Tidak Beasiswa,Lunas,Tidak Menunggak,Laki-laki,3-4,11-12,24-30,1
Enrolled,Advertising & Marketing Mgmt,Tidak Beasiswa,Lunas,Tidak Menunggak,Laki-laki,0,0,15-20,0
Dropout,Management,Tidak Beasiswa,Lunas,Tidak Menunggak,Laki-laki,1-2,13-14,24-30,1
Graduate,Equinculture,Tidak Beasiswa,Lunas,Tidak Menunggak,Laki-laki,5-6,13-14,15-20,0
Dropout,Management,Tidak Beasiswa,Lunas,Tidak Menunggak,Laki-laki,0,0,15-20,1
Graduate,Communication Design,Tidak Beasiswa,Lunas,Tidak Menunggak,Perempuan,5-6,15+,15-20,0
Enrolled,Oral Hygiene,Tidak Beasiswa,Lunas,Tidak Menunggak,Perempuan,7+,13-14,24-30,0
Graduate,Tourism,Tidak Beasiswa,Lunas,Tidak Menunggak,Perempuan,5-6,15+,21-23,0
Dropout,Social Service (Evening),Tidak Beasiswa,Belum Lunas,Tidak Menunggak,Perempuan,0,0,31+,1
Dropout,Management,Beasiswa,Lunas,Menunggak,Perempuan,0,0,15-20,1
Graduate,Equinculture,Tidak Beasiswa,Lunas,Tidak Menunggak,Perempuan,5-6,13-14,21-23,0
Dropout,Veterinary Nursing,Tidak Beasiswa,Lunas,Menunggak,Perempuan,5-6,15+,24-30,1
Graduate,Nursing,Beasiswa,Lunas,Tidak Menunggak,Perempuan,7+,13-14,21-23,0
Enrolled,Oral Hygiene,Beasiswa,Lunas,Tidak Menunggak,Perempuan,0,0,24-30,0
Graduate,Advertising & Marketing Mgmt,Tidak Beasiswa,Lunas,Tidak Menunggak,Perempuan,5-6,13-14,21-23,0
Graduate,Nursing,Tidak Beasiswa,Lunas,Tidak Menunggak,Perempuan,7+,15+,15-20,0
Graduate,Veterinary Nursing,Beasiswa,Lunas,Tidak Menunggak,Perempuan,5-6,13-14,15-20,0
Graduate,Veterinary Nursing,Beasiswa,Lunas,Tidak Menunggak,Perempuan,5-6,13-14,15-20,0
Enrolled,Management,Tidak Beasiswa,Lunas,Tidak Menunggak,Perempuan,3-4,11-12,15-20,0
Enrolled,Veterinary Nursing,Tidak Beasiswa,Lunas,Tidak Menunggak,Perempuan,3-4,13-14,21-23,0
Dropout,Management,Beasiswa,Lunas,Tidak Menunggak,Perempuan,1-2,11-12,15-20,1
Graduate,Nursing,Beasiswa,Lunas,Tidak Menunggak,Perempuan,5-6,13-14,24-30,0
Enrolled,Equinculture,Tidak Beasiswa,Lunas,Tidak Menunggak,Perempuan,1-2,11-12,21-23,0
Graduate,Veterinary Nursing,Tidak Beasiswa,Lunas,Tidak Menunggak,Perempuan,5-6,13-14,21-23,0
Graduate,Nursing,Beasiswa,Lunas,Tidak Menunggak,Perempuan,7+,15+,15-20,0
Enrolled,Veterinary Nursing,Tidak Beasiswa,Belum Lunas,Tidak Menunggak,Perempuan,5-6,15+,24-30,0
Graduate,Equinculture,Tidak Beasiswa,Lunas,Tidak Menunggak,Perempuan,5-6,13-14,15-20,0
Graduate,Social Service,Tidak Beasiswa,Lunas,Tidak Menunggak,Perempuan,5-6,13-14,15-20,0
Graduate,Social Service,Tidak Beasiswa,Lunas,Tidak Menunggak,Perempuan,5-6,13-14,15-20,0
Enrolled,Nursing,Tidak Beasiswa,Lunas,Tidak Menunggak,Perempuan,7+,15+,15-20,0
Enrolled,Social Service,Tidak Beasiswa,Lunas,Tidak Menunggak,Perempuan,3-4,13-14,15-20,0
Graduate,Journalism & Communication,Beasiswa,Lunas,Tidak Menunggak,Perempuan,5-6,13-14,21-23,0
Graduate,Nursing,Tidak Beasiswa,Lunas,Menunggak,Perempuan,5-6,15+,15-20,0
Graduate,Nursing,Beasiswa,Lunas,Tidak Menunggak,Perempuan,7+,15+,15-20,0
Dropout,Equinculture,Tidak Beasiswa,Lunas,Menunggak,Perempuan,3-4,11-12,15-20,1
Graduate,Management,Tidak Beasiswa,Lunas,Tidak Menunggak,Perempuan,5-6,11-12,15-20,0
Graduate,Veterinary Nursing,Beasiswa,Lunas,Tidak Menunggak,Perempuan,5-6,13-14,15-20,0
Graduate,Communication Design,Beasiswa,Lunas,Tidak Menunggak,Perempuan,5-6,13-14,15-20,0
Graduate,Social Service (Evening),Tidak Beasiswa,Lunas,Tidak Menunggak,Perempuan,5-6,11-12,24-30,0
Graduate,Social Service,Tidak Beasiswa,Lunas,Tidak Menunggak,Perempuan,5-6,15+,21-23,0
Graduate,Social Service,Beasiswa,Lunas,Tidak Menunggak,Perempuan,5-6,15+,15-20,0
Dropout,Tourism,Beasiswa,Belum Lunas,Menunggak,Perempuan,5-6,11-12,24-30,1
Graduate,Basic Education,Tidak Beasiswa,Lunas,Tidak Menunggak,Perempuan,5-6,13-14,21-23,0
Enrolled,Nursing,Tidak Beasiswa,Lunas,Menunggak,Laki-laki,5-6,11-12,15-20,0
Dropout,Agronomy,Tidak Beasiswa,Belum Lunas,Tidak Menunggak,Laki-laki,0,0,31+,1
Dropout,Management (Evening),Tidak Beasiswa,Belum Lunas,Tidak Menunggak,Laki-laki,0,0,31+,1
Dropout,Management (Evening),Tidak Beasiswa,Lunas,Tidak Menunggak,Laki-laki,5-6,11-12,31+,1
Dropout,Informatics Engineering,Tidak Beasiswa,Belum Lunas,Tidak Menunggak,Laki-laki,0,0,24-30,1
Graduate,Advertising & Marketing Mgmt,Beasiswa,Lunas,Tidak Menunggak,Laki-laki,5-6,13-14,24-30,0
Dropout,Social Service (Evening),Tidak Beasiswa,Lunas,Tidak Menunggak,Laki-laki,0,0,31+,1
Graduate,Management (Evening),Beasiswa,Lunas,Tidak Menunggak,Laki-laki,7+,13-14,31+,0
Dropout,Management (Evening),Tidak Beasiswa,Lunas,Tidak Menunggak,Laki-laki,5-6,13-14,31+,1
Graduate,Social Service,Tidak Beasiswa,Lunas,Tidak Menunggak,Laki-laki,7+,11-12,31+,0
Dropout,Management,Tidak Beasiswa,Belum Lunas,Tidak Menunggak,Laki-laki,1-2,1-10,24-30,1
Dropout,Veterinary Nursing,Tidak Beasiswa,Lunas,Tidak Menunggak,Laki-laki,0,0,21-23,1
Enrolled,Agronomy,Tidak Beasiswa,Lunas,Tidak Menunggak,Laki-laki,0,0,21-23,0
Enrolled,Agronomy,Tidak Beasiswa,Lunas,Tidak Menunggak,Laki-laki,3-4,11-12,15-20,0
Dropout,Nursing,Tidak Beasiswa,Lunas,Tidak Menunggak,Laki-laki,7+,13-14,24-30,1
Enrolled,Social Service (Evening),Tidak Beasiswa,Lunas,Tidak Menunggak,Perempuan,5-6,11-12,31+,0
Enrolled,Social Service (Evening),Beasiswa,Lunas,Tidak Menunggak,Perempuan,3-4,11-12,24-30,0
Graduate,Social Service (Evening),Tidak Beasiswa,Lunas,Tidak Menunggak,Perempuan,7+,13-14,24-30,0
Enrolled,Management (Evening),Tidak Beasiswa,Lunas,Tidak Menunggak,Perempuan,3-4,11-12,24-30,0
Graduate,Nursing,Tidak Beasiswa,Lunas,Tidak Menunggak,Perempuan,7+,13-14,15-20,0
Graduate,Nursing,Tidak Beasiswa,Lunas,Tidak Menunggak,Perempuan,7+,15+,24-30,0
Dropout,Social Service (Evening),Tidak Beasiswa,Belum Lunas,Tidak Menunggak,Perempuan,0,0,24-30,1
Graduate,Management,Tidak Beasiswa,Lunas,Tidak Menunggak,Perempuan,5-6,13-14,15-20,0
Dropout,Nursing,Beasiswa,Lunas,Tidak Menunggak,Perempuan,1-2,1-10,15-20,1
Graduate,Oral Hygiene,Beasiswa,Lunas,Tidak Menunggak,Perempuan,7+,13-14,15-20,0
Graduate,Nursing,Tidak Beasiswa,Lunas,Tidak Menunggak,Perempuan,7+,13-14,15-20,0
Enrolled,Nursing,Tidak Beasiswa,Lunas,Tidak Menunggak,Laki-laki,5-6,13-14,15-20,0
Graduate,Nursing,Beasiswa,Lunas,Tidak Menunggak,Perempuan,7+,15+,15-20,0
Enrolled,Nursing,Beasiswa,Lunas,Tidak Menunggak,Perempuan,7+,11-12,15-20,0
Graduate,Nursing,Tidak Beasiswa,Lunas,Tidak Menunggak,Perempuan,7+,15+,15-20,0
Enrolled,Animation & Multimedia Design,Beasiswa,Lunas,Tidak Menunggak,Perempuan,0,0,15-20,0
Enrolled,Advertising & Marketing Mgmt,Tidak Beasiswa,Lunas,Tidak Menunggak,Perempuan,5-6,13-14,15-20,0
Graduate,Agronomy,Tidak Beasiswa,Lunas,Tidak Menunggak,Perempuan,7+,13-14,21-23,0
Graduate,Social Service,Beasiswa,Lunas,Tidak Menunggak,Perempuan,5-6,11-12,21-23,0
Graduate,Nursing,Beasiswa,Lunas,Tidak Menunggak,Perempuan,7+,13-14,15-20,0
Dropout,Basic Education,Tidak Beasiswa,Belum Lunas,Menunggak,Perempuan,1-2,11-12,15-20,1
Enrolled,Journalism & Communication,Tidak Beasiswa,Lunas,Tidak Menunggak,Perempuan,1-2,11-12,21-23,0
Enrolled,Social Service,Tidak Beasiswa,Lunas,Tidak Menunggak,Perempuan,5-6,13-14,15-20,0
Graduate,Communication Design,Beasiswa,Lunas,Tidak Menunggak,Perempuan,5-6,13-14,15-20,0
Graduate,Social Service (Evening),Tidak Beasiswa,Lunas,Tidak Menunggak,Perempuan,7+,13-14,24-30,0
Dropout,Journalism & Communication,Tidak Beasiswa,Lunas,Tidak Menunggak,Laki-laki,1-2,11-12,24-30,1
Enrolled,Advertising & Marketing Mgmt,Tidak Beasiswa,Lunas,Tidak Menunggak,Laki-laki,3-4,11-12,15-20,0
Dropout,Advertising & Marketing Mgmt,Tidak Beasiswa,Belum Lunas,Menunggak,Laki-laki,0,0,24-30,1
Dropout,Animation & Multimedia Design,Beasiswa,Lunas,Menunggak,Laki-laki,0,0,31+,1
Dropout,Management,Tidak Beasiswa,Belum Lunas,Tidak Menunggak,Laki-laki,1-2,11-12,15-20,1
Graduate,Veterinary Nursing,Tidak Beasiswa,Lunas,Tidak Menunggak,Laki-laki,5-6,15+,15-20,0
Graduate,Social Service (Evening),Tidak Beasiswa,Lunas,Tidak Menunggak,Laki-laki,7+,11-12,31+,0
Graduate,Animation & Multimedia Design,Beasiswa,Belum Lunas,Menunggak,Laki-laki,0,0,15-20,0
Enrolled,Management (Evening),Tidak Beasiswa,Lunas,Tidak Menunggak,Laki-laki,0,0,24-30,0
Graduate,Nursing,Tidak Beasiswa,Lunas,Tidak Menunggak,Laki-laki,7+,13-14,31+,0
Dropout,Nursing,Tidak Beasiswa,Lunas,Tidak Menunggak,Laki-laki,0,0,31+,1
Graduate,Advertising & Marketing Mgmt,Tidak Beasiswa,Lunas,Tidak Menunggak,Laki-laki,5-6,13-14,15-20,0
Graduate,Nursing,Beasiswa,Lunas,Tidak Menunggak,Laki-laki,7+,13-14,31+,0
Dropout,Informatics Engineering,Tidak Beasiswa,Belum Lunas,Tidak Menunggak,Laki-laki,3-4,11-12,31+,1
Graduate,Tourism,Tidak Beasiswa,Lunas,Tidak Menunggak,Perempuan,5-6,15+,15-20,0
Dropout,Equinculture,Tidak Beasiswa,Lunas,Tidak Menunggak,Perempuan,0,0,15-20,1
Graduate,Journalism & Communication,Beasiswa,Lunas,Tidak Menunggak,Perempuan,5-6,15+,15-20,0
Graduate,Veterinary Nursing,Tidak Beasiswa,Lunas,Tidak Menunggak,Perempuan,5-6,15+,15-20,0
Graduate,Social Service,Beasiswa,Lunas,Tidak Menunggak,Perempuan,5-6,11-12,15-20,0
Graduate,Nursing,Tidak Beasiswa,Lunas,Tidak Menunggak,Perempuan,5-6,13-14,15-20,0
Graduate,Journalism & Communication,Beasiswa,Lunas,Tidak Menunggak,Perempuan,5-6,11-12,21-23,0
Enrolled,Advertising & Marketing Mgmt,Tidak Beasiswa,Lunas,Tidak Menunggak,Perempuan,5-6,15+,15-20,0
Graduate,Journalism & Communication,Beasiswa,Lunas,Tidak Menunggak,Perempuan,5-6,13-14,15-20,0
Enrolled,Nursing,Tidak Beasiswa,Lunas,Tidak Menunggak,Perempuan,5-6,13-14,15-20,0
Graduate,Basic Education,Beasiswa,Lunas,Tidak Menunggak,Perempuan,5-6,13-14,15-20,0
Dropout,Nursing,Tidak Beasiswa,Belum Lunas,Menunggak,Perempuan,5-6,13-14,31+,1
Graduate,Nursing,Tidak Beasiswa,Lunas,Tidak Menunggak,Perempuan,7+,15+,15-20,0
Graduate,Social Service,Beasiswa,Lunas,Menunggak,Perempuan,3-4,11-12,15-20,0
Graduate,Animation & Multimedia Design,Tidak Beasiswa,Lunas,Tidak Menunggak,Perempuan,0,0,15-20,0
Graduate,Social Service,Beasiswa,Lunas,Tidak Menunggak,Perempuan,5-6,11-12,15-20,0
Graduate,Nursing,Tidak Beasiswa,Lunas,Tidak Menunggak,Perempuan,5-6,15+,15-20,0
Enrolled,Management,Beasiswa,Lunas,Tidak Menunggak,Perempuan,3-4,13-14,15-20,0
Graduate,Social Service (Evening),Tidak Beasiswa,Lunas,Tidak Menunggak,Perempuan,7+,13-14,24-30,0
Enrolled,Journalism & Communication,Tidak Beasiswa,Lunas,Tidak Menunggak,Perempuan,3-4,11-12,15-20,0
Graduate,Nursing,Tidak Beasiswa,Lunas,Tidak Menunggak,Perempuan,7+,13-14,15-20,0
Dropout,Veterinary Nursing,Tidak Beasiswa,Lunas,Tidak Menunggak,Perempuan,0,0,21-23,1
Graduate,Social Service,Beasiswa,Lunas,Tidak Menunggak,Perempuan,5-6,13-14,15-20,0
Enrolled,Advertising & Marketing Mgmt,Beasiswa,Lunas,Tidak Menunggak,Perempuan,5-6,15+,15-20,0
Enrolled,Nursing,Tidak Beasiswa,Lunas,Tidak Menunggak,Perempuan,5-6,13-14,15-20,0
Dropout,Equinculture,Tidak Beasiswa,Lunas,Tidak Menunggak,Perempuan,3-4,13-14,15-20,1
Graduate,Advertising & Marketing Mgmt,Beasiswa,Lunas,Tidak Menunggak,Perempuan,5-6,13-14,15-20,0
Graduate,Management (Evening),Beasiswa,Lunas,Tidak Menunggak,Perempuan,1-2,1-10,31+,0
Enrolled,Communication Design,Tidak Beasiswa,Lunas,Tidak Menunggak,Perempuan,5-6,13-14,15-20,0
Dropout,Animation & Multimedia Design,Tidak Beasiswa,Lunas,Tidak Menunggak,Perempuan,0,0,15-20,1
Graduate,Management,Tidak Beasiswa,Lunas,Tidak Menunggak,Perempuan,3-4,11-12,15-20,0
Enrolled,Management,Tidak Beasiswa,Lunas,Tidak Menunggak,Perempuan,3-4,11-12,15-20,0
Enrolled,Agronomy,Tidak Beasiswa,Belum Lunas,Menunggak,Perempuan,5-6,13-14,31+,0
Enrolled,Advertising & Marketing Mgmt,Tidak Beasiswa,Lunas,Tidak Menunggak,Perempuan,1-2,11-12,21-23,0
Graduate,Veterinary Nursing,Tidak Beasiswa,Lunas,Tidak Menunggak,Perempuan,5-6,13-14,24-30,0
Graduate,Management,Tidak Beasiswa,Lunas,Tidak Menunggak,Perempuan,7+,13-14,31+,0
Dropout,Management (Evening),Tidak Beasiswa,Lunas,Tidak Menunggak,Perempuan,0,0,31+,1
Enrolled,Management,Tidak Beasiswa,Lunas,Tidak Menunggak,Perempuan,5-6,13-14,31+,0
Dropout,Management (Evening),Tidak Beasiswa,Belum Lunas,Tidak Menunggak,Perempuan,0,0,31+,1
Graduate,Veterinary Nursing,Tidak Beasiswa,Lunas,Tidak Menunggak,Perempuan,5-6,15+,15-20,0
Enrolled,Veterinary Nursing,Beasiswa,Lunas,Tidak Menunggak,Perempuan,1-2,11-12,24-30,0
Graduate,Agronomy,Tidak Beasiswa,Lunas,Tidak Menunggak,Perempuan,7+,11-12,31+,0
Graduate,Communication Design,Beasiswa,Lunas,Tidak Menunggak,Perempuan,5-6,13-14,24-30,0
Dropout,Management (Evening),Tidak Beasiswa,Belum Lunas,Menunggak,Perempuan,0,0,31+,1
Enrolled,Management (Evening),Tidak Beasiswa,Lunas,Tidak Menunggak,Perempuan,3-4,11-12,31+,0
Graduate,Agronomy,Tidak Beasiswa,Lunas,Tidak Menunggak,Perempuan,5-6,13-14,15-20,0
Dropout,Oral Hygiene,Tidak Beasiswa,Lunas,Tidak Menunggak,Perempuan,0,0,31+,1
Dropout,Journalism & Communication,Tidak Beasiswa,Belum Lunas,Tidak Menunggak,Perempuan,0,0,31+,1
Dropout,Management,Tidak Beasiswa,Lunas,Tidak Menunggak,Perempuan,7+,11-12,31+,1
Graduate,Veterinary Nursing,Tidak Beasiswa,Lunas,Tidak Menunggak,Perempuan,5-6,13-14,15-20,0
Dropout,Journalism & Communication,Tidak Beasiswa,Belum Lunas,Tidak Menunggak,Perempuan,0,0,15-20,1
Graduate,Journalism & Communication,Tidak Beasiswa,Lunas,Menunggak,Perempuan,5-6,15+,15-20,0
Graduate,Agronomy,Tidak Beasiswa,Lunas,Menunggak,Perempuan,7+,11-12,21-23,0
Graduate,Communication Design,Tidak Beasiswa,Lunas,Tidak Menunggak,Perempuan,5-6,15+,15-20,0
Dropout,Nursing,Tidak Beasiswa,Lunas,Menunggak,Perempuan,0,0,15-20,1
Dropout,Nursing,Beasiswa,Lunas,Tidak Menunggak,Perempuan,7+,13-14,15-20,1
Graduate,Journalism & Communication,Tidak Beasiswa,Lunas,Tidak Menunggak,Perempuan,5-6,13-14,15-20,0
Dropout,Animation & Multimedia Design,Beasiswa,Lunas,Tidak Menunggak,Perempuan,0,0,15-20,1
Graduate,Advertising & Marketing Mgmt,Tidak Beasiswa,Lunas,Tidak Menunggak,Perempuan,5-6,13-14,15-20,0
Enrolled,Social Service (Evening),Tidak Beasiswa,Lunas,Tidak Menunggak,Perempuan,3-4,13-14,31+,0
Graduate,Social Service,Tidak Beasiswa,Lunas,Menunggak,Perempuan,3-4,13-14,31+,0
Graduate,Veterinary Nursing,Tidak Beasiswa,Lunas,Tidak Menunggak,Perempuan,5-6,11-12,15-20,0
Graduate,Social Service (Evening),Tidak Beasiswa,Lunas,Tidak Menunggak,Perempuan,5-6,11-12,31+,0
Graduate,Basic Education,Tidak Beasiswa,Lunas,Menunggak,Perempuan,7+,13-14,31+,0
Dropout,Journalism & Communication,Beasiswa,Lunas,Tidak Menunggak,Perempuan,5-6,11-12,21-23,1
Graduate,Management,Tidak Beasiswa,Lunas,Tidak Menunggak,Perempuan,5-6,15+,31+,0
Dropout,Social Service (Evening),Tidak Beasiswa,Lunas,Tidak Menunggak,Perempuan,0,0,31+,1
Graduate,Agronomy,Tidak Beasiswa,Lunas,Tidak Menunggak,Perempuan,3-4,15+,31+,0
Enrolled,Management,Tidak Beasiswa,Lunas,Tidak Menunggak,Perempuan,5-6,13-14,31+,0
Graduate,Management (Evening),Tidak Beasiswa,Lunas,Tidak Menunggak,Perempuan,5-6,15+,31+,0
Graduate,Animation & Multimedia Design,Tidak Beasiswa,Lunas,Tidak Menunggak,Perempuan,7+,11-12,21-23,0
Dropout,Nursing,Tidak Beasiswa,Lunas,Tidak Menunggak,Perempuan,0,0,31+,1
Enrolled,Management (Evening),Tidak Beasiswa,Lunas,Tidak Menunggak,Perempuan,7+,11-12,24-30,0
Graduate,Tourism,Tidak Beasiswa,Lunas,Tidak Menunggak,Perempuan,7+,13-14,31+,0
Dropout,Management (Evening),Tidak Beasiswa,Lunas,Tidak Menunggak,Perempuan,0,0,31+,1
Enrolled,Management,Tidak Beasiswa,Lunas,Tidak Menunggak,Perempuan,7+,11-12,31+,0
Dropout,Oral Hygiene,Tidak Beasiswa,Belum Lunas,Menunggak,Perempuan,0,0,31+,1
Enrolled,Social Service (Evening),Tidak Beasiswa,Lunas,Tidak Menunggak,Perempuan,3-4,11-12,31+,0
Dropout,Basic Education,Tidak Beasiswa,Lunas,Tidak Menunggak,Perempuan,7+,11-12,31+,1
Dropout,Social Service (Evening),Tidak Beasiswa,Lunas,Tidak Menunggak,Perempuan,3-4,11-12,31+,1
Graduate,Social Service (Evening),Beasiswa,Lunas,Tidak Menunggak,Perempuan,3-4,11-12,31+,0
Enrolled,Social Service,Tidak Beasiswa,Lunas,Tidak Menunggak,Perempuan,5-6,11-12,21-23,0
Dropout,Management (Evening),Tidak Beasiswa,Lunas,Tidak Menunggak,Perempuan,1-2,11-12,31+,1
Graduate,Social Service (Evening),Beasiswa,Lunas,Tidak Menunggak,Perempuan,5-6,11-12,31+,0
Graduate,Agronomy,Tidak Beasiswa,Lunas,Tidak Menunggak,Perempuan,7+,15+,31+,0
Graduate,Social Service (Evening),Tidak Beasiswa,Lunas,Tidak Menunggak,Perempuan,7+,13-14,31+,0
Graduate,Management (Evening),Tidak Beasiswa,Lunas,Tidak Menunggak,Perempuan,5-6,13-14,31+,0
Graduate,Basic Education,Beasiswa,Lunas,Tidak Menunggak,Perempuan,5-6,13-14,15-20,0
Graduate,Social Service,Beasiswa,Lunas,Tidak Menunggak,Perempuan,5-6,11-12,15-20,0
Graduate,Advertising & Marketing Mgmt,Beasiswa,Lunas,Tidak Menunggak,Perempuan,5-6,13-14,15-20,0
Graduate,Social Service (Evening),Tidak Beasiswa,Lunas,Tidak Menunggak,Perempuan,5-6,13-14,31+,0
Dropout,Management (Evening),Tidak Beasiswa,Lunas,Tidak Menunggak,Perempuan,0,0,24-30,1
Graduate,Advertising & Marketing Mgmt,Beasiswa,Lunas,Tidak Menunggak,Perempuan,5-6,13-14,15-20,0
Dropout,Social Service (Evening),Tidak Beasiswa,Lunas,Tidak Menunggak,Perempuan,5-6,11-12,31+,1
Graduate,Basic Education,Tidak Beasiswa,Lunas,Tidak Menunggak,Perempuan,5-6,13-14,15-20,0
Graduate,Social Service (Evening),Tidak Beasiswa,Lunas,Tidak Menunggak,Perempuan,5-6,11-12,31+,0
Enrolled,Management (Evening),Tidak Beasiswa,Lunas,Tidak Menunggak,Perempuan,5-6,11-12,31+,0
Graduate,Nursing,Tidak Beasiswa,Lunas,Tidak Menunggak,Perempuan,7+,15+,15-20,0
Graduate,Nursing,Tidak Beasiswa,Lunas,Tidak Menunggak,Perempuan,7+,13-14,21-23,0
Graduate,Animation & Multimedia Design,Tidak Beasiswa,Lunas,Tidak Menunggak,Perempuan,0,0,15-20,0
Enrolled,Management (Evening),Tidak Beasiswa,Lunas,Tidak Menunggak,Perempuan,7+,11-12,31+,0
Dropout,Social Service (Evening),Tidak Beasiswa,Lunas,Tidak Menunggak,Perempuan,0,0,24-30,1
Graduate,Oral Hygiene,Tidak Beasiswa,Lunas,Tidak Menunggak,Perempuan,7+,13-14,31+,0
Graduate,Social Service,Beasiswa,Lunas,Tidak Menunggak,Perempuan,5-6,13-14,15-20,0
Dropout,Social Service (Evening),Tidak Beasiswa,Lunas,Tidak Menunggak,Perempuan,3-4,11-12,31+,1
Graduate,Journalism & Communication,Tidak Beasiswa,Lunas,Tidak Menunggak,Perempuan,5-6,13-14,15-20,0
Graduate,Social Service (Evening),Beasiswa,Lunas,Tidak Menunggak,Perempuan,5-6,11-12,31+,0
Graduate,Nursing,Beasiswa,Lunas,Tidak Menunggak,Perempuan,5-6,15+,15-20,0
Graduate,Veterinary Nursing,Tidak Beasiswa,Lunas,Tidak Menunggak,Perempuan,7+,13-14,21-23,0
Dropout,Agronomy,Tidak Beasiswa,Belum Lunas,Menunggak,Perempuan,3-4,13-14,21-23,1
Dropout,Journalism & Communication,Tidak Beasiswa,Lunas,Tidak Menunggak,Perempuan,0,0,15-20,1
Graduate,Nursing,Tidak Beasiswa,Lunas,Tidak Menunggak,Perempuan,7+,13-14,15-20,0
Dropout,Veterinary Nursing,Tidak Beasiswa,Lunas,Tidak Menunggak,Perempuan,0,0,21-23,1
Graduate,Social Service,Tidak Beasiswa,Lunas,Tidak Menunggak,Perempuan,5-6,15+,15-20,0
Dropout,Management,Tidak Beasiswa,Lunas,Tidak Menunggak,Perempuan,0,0,31+,1
Enrolled,Social Service (Evening),Beasiswa,Lunas,Tidak Menunggak,Perempuan,5-6,11-12,31+,0
Graduate,Social Service (Evening),Tidak Beasiswa,Lunas,Tidak Menunggak,Perempuan,7+,15+,31+,0
Graduate,Nursing,Tidak Beasiswa,Lunas,Tidak Menunggak,Perempuan,7+,13-14,15-20,0
Dropout,Management (Evening),Tidak Beasiswa,Lunas,Tidak Menunggak,Perempuan,7+,11-12,31+,1
Dropout,Agronomy,Tidak Beasiswa,Belum Lunas,Menunggak,Perempuan,0,0,24-30,1
Graduate,Animation & Multimedia Design,Beasiswa,Lunas,Tidak Menunggak,Perempuan,0,0,15-20,0
Enrolled,Social Service (Evening),Tidak Beasiswa,Lunas,Tidak Menunggak,Perempuan,0,0,31+,0
Dropout,Social Service,Tidak Beasiswa,Lunas,Tidak Menunggak,Perempuan,5-6,13-14,31+,1
Dropout,Advertising & Marketing Mgmt,Tidak Beasiswa,Lunas,Tidak Menunggak,Perempuan,0,0,24-30,1
Graduate,Nursing,Beasiswa,Lunas,Tidak Menunggak,Perempuan,7+,13-14,31+,0
Graduate,Journalism & Communication,Beasiswa,Lunas,Tidak Menunggak,Perempuan,5-6,15+,15-20,0
Graduate,Social Service (Evening),Tidak Beasiswa,Lunas,Menunggak,Perempuan,5-6,15+,15-20,0
Graduate,Management,Tidak Beasiswa,Lunas,Tidak Menunggak,Perempuan,5-6,11-12,15-20,0
Dropout,Animation & Multimedia Design,Tidak Beasiswa,Lunas,Tidak Menunggak,Perempuan,0,0,15-20,1
Enrolled,Nursing,Tidak Beasiswa,Lunas,Tidak Menunggak,Perempuan,1-2,13-14,15-20,0
Dropout,Management (Evening),Tidak Beasiswa,Lunas,Tidak Menunggak,Perempuan,1-2,13-14,31+,1
Dropout,Equinculture,Tidak Beasiswa,Lunas,Menunggak,Perempuan,0,0,24-30,1
Dropout,Management (Evening),Tidak Beasiswa,Lunas,Menunggak,Perempuan,0,0,31+,1
Graduate,Nursing,Tidak Beasiswa,Lunas,Tidak Menunggak,Perempuan,7+,11-12,15-20,0
Dropout,Social Service (Evening),Tidak Beasiswa,Lunas,Tidak Menunggak,Perempuan,0,0,31+,1
Dropout,Journalism & Communication,Tidak Beasiswa,Lunas,Menunggak,Perempuan,3-4,13-14,21-23,1
Dropout,Veterinary Nursing,Tidak Beasiswa,Lunas,Tidak Menunggak,Perempuan,0,0,21-23,1
Dropout,Basic Education,Tidak Beasiswa,Belum Lunas,Tidak Menunggak,Perempuan,0,0,24-30,1
Enrolled,Management (Evening),Tidak Beasiswa,Lunas,Tidak Menunggak,Perempuan,3-4,11-12,31+,0
Dropout,Social Service (Evening),Tidak Beasiswa,Lunas,Tidak Menunggak,Perempuan,0,0,31+,1
Graduate,Social Service (Evening),Beasiswa,Lunas,Tidak Menunggak,Perempuan,5-6,13-14,31+,0
Enrolled,Oral Hygiene,Tidak Beasiswa,Lunas,Tidak Menunggak,Perempuan,7+,13-14,24-30,0
Graduate,Animation & Multimedia Design,Beasiswa,Lunas,Tidak Menunggak,Perempuan,7+,13-14,15-20,0
Graduate,Agronomy,Tidak Beasiswa,Lunas,Tidak Menunggak,Perempuan,7+,13-14,24-30,0
Graduate,Nursing,Tidak Beasiswa,Lunas,Tidak Menunggak,Perempuan,7+,13-14,15-20,0
Dropout,Basic Education,Tidak Beasiswa,Lunas,Tidak Menunggak,Perempuan,3-4,13-14,31+,1
Dropout,Basic Education,Tidak Beasiswa,Lunas,Tidak Menunggak,Perempuan,0,0,15-20,1
Graduate,Advertising & Marketing Mgmt,Tidak Beasiswa,Lunas,Tidak Menunggak,Perempuan,5-6,13-14,15-20,0
Graduate,Basic Education,Tidak Beasiswa,Lunas,Tidak Menunggak,Perempuan,5-6,11-12,15-20,0
Dropout,Veterinary Nursing,Tidak Beasiswa,Lunas,Tidak Menunggak,Perempuan,1-2,11-12,24-30,1
Graduate,Agronomy,Tidak Beasiswa,Lunas,Tidak Menunggak,Perempuan,5-6,13-14,15-20,0
Graduate,Veterinary Nursing,Tidak Beasiswa,Lunas,Tidak Menunggak,Perempuan,5-6,13-14,15-20,0
Enrolled,Advertising & Marketing Mgmt,Tidak Beasiswa,Lunas,Tidak Menunggak,Perempuan,3-4,13-14,31+,0
Dropout,Animation & Multimedia Design,Tidak Beasiswa,Lunas,Tidak Menunggak,Perempuan,0,0,24-30,1
Graduate,Social Service,Beasiswa,Lunas,Tidak Menunggak,Perempuan,5-6,15+,31+,0
Graduate,Animation & Multimedia Design,Tidak Beasiswa,Lunas,Tidak Menunggak,Perempuan,0,0,15-20,0
Dropout,Nursing,Tidak Beasiswa,Lunas,Tidak Menunggak,Perempuan,0,0,31+,1
Graduate,Social Service (Evening),Tidak Beasiswa,Lunas,Tidak Menunggak,Perempuan,7+,11-12,31+,0
Dropout,Basic Education,Tidak Beasiswa,Lunas,Tidak Menunggak,Perempuan,1-2,11-12,31+,1
Graduate,Tourism,Tidak Beasiswa,Lunas,Tidak Menunggak,Perempuan,5-6,13-14,31+,0
Graduate,Advertising & Marketing Mgmt,Beasiswa,Lunas,Tidak Menunggak,Perempuan,5-6,13-14,15-20,0
Graduate,Nursing,Tidak Beasiswa,Lunas,Tidak Menunggak,Perempuan,7+,15+,15-20,0
Dropout,Communication Design,Tidak Beasiswa,Lunas,Tidak Menunggak,Perempuan,1-2,11-12,15-20,1
Graduate,Management (Evening),Tidak Beasiswa,Lunas,Tidak Menunggak,Perempuan,3-4,11-12,21-23,0
Dropout,Communication Design,Beasiswa,Lunas,Menunggak,Perempuan,5-6,13-14,15-20,1
Graduate,Management,Beasiswa,Lunas,Menunggak,Perempuan,5-6,13-14,15-20,0
Graduate,Nursing,Tidak Beasiswa,Lunas,Tidak Menunggak,Perempuan,7+,15+,15-20,0
Enrolled,Nursing,Tidak Beasiswa,Lunas,Tidak Menunggak,Perempuan,0,0,15-20,0
Graduate,Social Service (Evening),Tidak Beasiswa,Lunas,Tidak Menunggak,Perempuan,5-6,11-12,31+,0
Graduate,Advertising & Marketing Mgmt,Beasiswa,Lunas,Tidak Menunggak,Perempuan,5-6,15+,31+,0
Graduate,Social Service,Tidak Beasiswa,Lunas,Tidak Menunggak,Perempuan,3-4,13-14,24-30,0
Dropout,Management (Evening),Tidak Beasiswa,Lunas,Tidak Menunggak,Perempuan,1-2,13-14,24-30,1
Enrolled,Veterinary Nursing,Tidak Beasiswa,Lunas,Tidak Menunggak,Perempuan,3-4,13-14,15-20,0
Graduate,Management,Tidak Beasiswa,Lunas,Tidak Menunggak,Perempuan,3-4,13-14,15-20,0
Dropout,Animation & Multimedia Design,Tidak Beasiswa,Lunas,Tidak Menunggak,Perempuan,0,0,15-20,1
Graduate,Management (Evening),Tidak Beasiswa,Lunas,Tidak Menunggak,Perempuan,7+,15+,31+,0
Graduate,Tourism,Beasiswa,Lunas,Tidak Menunggak,Perempuan,5-6,13-14,15-20,0
Dropout,Basic Education,Tidak Beasiswa,Lunas,Tidak Menunggak,Perempuan,7+,13-14,24-30,1
Graduate,Communication Design,Tidak Beasiswa,Lunas,Tidak Menunggak,Perempuan,5-6,11-12,21-23,0
Dropout,Veterinary Nursing,Tidak Beasiswa,Belum Lunas,Tidak Menunggak,Perempuan,3-4,13-14,21-23,1
Graduate,Journalism & Communication,Tidak Beasiswa,Belum Lunas,Tidak Menunggak,Perempuan,5-6,13-14,15-20,0
Graduate,Communication Design,Beasiswa,Lunas,Tidak Menunggak,Perempuan,5-6,13-14,15-20,0
Graduate,Nursing,Beasiswa,Lunas,Tidak Menunggak,Perempuan,7+,15+,15-20,0
Graduate,Basic Education,Tidak Beasiswa,Belum Lunas,Menunggak,Perempuan,5-6,13-14,24-30,0
Graduate,Nursing,Beasiswa,Lunas,Tidak Menunggak,Perempuan,5-6,15+,15-20,0
Graduate,Communication Design,Tidak Beasiswa,Lunas,Tidak Menunggak,Perempuan,5-6,13-14,15-20,0
Enrolled,Basic Education,Tidak Beasiswa,Lunas,Tidak Menunggak,Perempuan,3-4,11-12,15-20,0
Graduate,Social Service (Evening),Tidak Beasiswa,Lunas,Tidak Menunggak,Perempuan,5-6,11-12,31+,0
Graduate,Animation & Multimedia Design,Tidak Beasiswa,Belum Lunas,Tidak Menunggak,Perempuan,7+,13-14,15-20,0
Enrolled,Tourism,Tidak Beasiswa,Lunas,Tidak Menunggak,Perempuan,5-6,11-12,15-20,0
Graduate,Equinculture,Beasiswa,Lunas,Tidak Menunggak,Perempuan,3-4,13-14,15-20,0
Graduate,Nursing,Beasiswa,Lunas,Tidak Menunggak,Perempuan,7+,11-12,15-20,0
Dropout,Journalism & Communication,Tidak Beasiswa,Lunas,Tidak Menunggak,Perempuan,0,0,15-20,1
Graduate,Social Service (Evening),Beasiswa,Lunas,Tidak Menunggak,Perempuan,5-6,13-14,31+,0
Graduate,Journalism & Communication,Tidak Beasiswa,Lunas,Tidak Menunggak,Perempuan,5-6,11-12,15-20,0
Graduate,Nursing,Beasiswa,Lunas,Tidak Menunggak,Perempuan,7+,15+,15-20,0
Graduate,Social Service,Tidak Beasiswa,Lunas,Tidak Menunggak,Perempuan,5-6,13-14,15-20,0
Enrolled,Management,Tidak Beasiswa,Lunas,Tidak Menunggak,Perempuan,3-4,11-12,15-20,0
Graduate,Equinculture,Tidak Beasiswa,Lunas,Tidak Menunggak,Perempuan,5-6,13-14,15-20,0
Dropout,Social Service (Evening),Tidak Beasiswa,Belum Lunas,Tidak Menunggak,Perempuan,0,0,31+,1
Enrolled,Nursing,Tidak Beasiswa,Lunas,Tidak Menunggak,Perempuan,7+,13-14,24-30,0
Graduate,Nursing,Tidak Beasiswa,Lunas,Tidak Menunggak,Perempuan,7+,13-14,15-20,0
Dropout,Journalism & Communication,Beasiswa,Lunas,Tidak Menunggak,Perempuan,5-6,13-14,15-20,1
Dropout,Oral Hygiene,Beasiswa,Lunas,Tidak Menunggak,Perempuan,7+,13-14,15-20,1
Graduate,Management,Beasiswa,Lunas,Menunggak,Perempuan,5-6,13-14,15-20,0
Graduate,Nursing,Beasiswa,Lunas,Tidak Menunggak,Perempuan,7+,15+,15-20,0
Graduate,Management,Tidak Beasiswa,Lunas,Tidak Menunggak,Perempuan,3-4,11-12,15-20,0
Enrolled,Management,Beasiswa,Lunas,Tidak Menunggak,Perempuan,3-4,11-12,15-20,0
Dropout,Equinculture,Tidak Beasiswa,Lunas,Tidak Menunggak,Perempuan,3-4,15+,15-20,1
Graduate,Nursing,Tidak Beasiswa,Lunas,Tidak Menunggak,Perempuan,7+,15+,15-20,0
Graduate,Veterinary Nursing,Tidak Beasiswa,Lunas,Tidak Menunggak,Perempuan,5-6,13-14,15-20,0
Dropout,Veterinary Nursing,Tidak Beasiswa,Lunas,Tidak Menunggak,Perempuan,3-4,13-14,15-20,1
Graduate,Nursing,Tidak Beasiswa,Lunas,Tidak Menunggak,Perempuan,7+,13-14,15-20,0
Graduate,Advertising & Marketing Mgmt,Beasiswa,Lunas,Tidak Menunggak,Perempuan,5-6,13-14,15-20,0
Dropout,Nursing,Tidak Beasiswa,Lunas,Tidak Menunggak,Perempuan,0,0,15-20,1
Graduate,Nursing,Tidak Beasiswa,Lunas,Tidak Menunggak,Perempuan,7+,15+,15-20,0
Graduate,Veterinary Nursing,Tidak Beasiswa,Lunas,Tidak Menunggak,Perempuan,7+,13-14,15-20,0
Graduate,Nursing,Tidak Beasiswa,Lunas,Tidak Menunggak,Perempuan,7+,15+,15-20,0
Graduate,Veterinary Nursing,Beasiswa,Lunas,Tidak Menunggak,Perempuan,5-6,13-14,15-20,0
Graduate,Social Service,Tidak Beasiswa,Lunas,Tidak Menunggak,Perempuan,5-6,11-12,15-20,0
Graduate,Equinculture,Tidak Beasiswa,Lunas,Tidak Menunggak,Perempuan,5-6,13-14,15-20,0
Graduate,Nursing,Tidak Beasiswa,Lunas,Tidak Menunggak,Perempuan,7+,15+,15-20,0
Dropout,Basic Education,Tidak Beasiswa,Lunas,Tidak Menunggak,Perempuan,3-4,13-14,15-20,1
Graduate,Animation & Multimedia Design,Beasiswa,Lunas,Tidak Menunggak,Perempuan,0,0,24-30,0
Graduate,Animation & Multimedia Design,Beasiswa,Lunas,Tidak Menunggak,Perempuan,0,0,15-20,0
Graduate,Nursing,Beasiswa,Lunas,Tidak Menunggak,Perempuan,7+,13-14,15-20,0
Enrolled,Journalism & Communication,Tidak Beasiswa,Lunas,Tidak Menunggak,Perempuan,5-6,13-14,15-20,0
Dropout,Journalism & Communication,Tidak Beasiswa,Lunas,Tidak Menunggak,Perempuan,3-4,11-12,15-20,1
Graduate,Social Service (Evening),Beasiswa,Lunas,Tidak Menunggak,Perempuan,7+,13-14,31+,0
Graduate,Management,Tidak Beasiswa,Lunas,Tidak Menunggak,Perempuan,3-4,1-10,15-20,0
Dropout,Basic Education,Tidak Beasiswa,Lunas,Tidak Menunggak,Perempuan,7+,11-12,24-30,1
Graduate,Nursing,Tidak Beasiswa,Lunas,Tidak Menunggak,Perempuan,7+,15+,21-23,0
Graduate,Nursing,Beasiswa,Lunas,Tidak Menunggak,Perempuan,7+,13-14,15-20,0
Graduate,Social Service,Tidak Beasiswa,Lunas,Tidak Menunggak,Perempuan,5-6,13-14,15-20,0
Graduate,Veterinary Nursing,Tidak Beasiswa,Lunas,Tidak Menunggak,Perempuan,5-6,11-12,15-20,0
Graduate,Tourism,Tidak Beasiswa,Lunas,Tidak Menunggak,Perempuan,5-6,11-12,15-20,0
Dropout,Nursing,Tidak Beasiswa,Belum Lunas,Tidak Menunggak,Perempuan,0,0,15-20,1
Graduate,Advertising & Marketing Mgmt,Beasiswa,Lunas,Tidak Menunggak,Perempuan,5-6,13-14,15-20,0
Graduate,Journalism & Communication,Tidak Beasiswa,Lunas,Tidak Menunggak,Perempuan,5-6,13-14,15-20,0
Dropout,Basic Education,Tidak Beasiswa,Belum Lunas,Menunggak,Perempuan,5-6,11-12,15-20,1
Dropout,Journalism & Communication,Beasiswa,Lunas,Tidak Menunggak,Perempuan,5-6,13-14,15-20,1
Enrolled,Nursing,Tidak Beasiswa,Lunas,Tidak Menunggak,Perempuan,7+,13-14,15-20,0
Graduate,Advertising & Marketing Mgmt,Tidak Beasiswa,Belum Lunas,Tidak Menunggak,Perempuan,5-6,13-14,15-20,0
Graduate,Communication Design,Beasiswa,Lunas,Tidak Menunggak,Perempuan,5-6,11-12,21-23,0
Graduate,Tourism,Beasiswa,Lunas,Tidak Menunggak,Perempuan,5-6,13-14,15-20,0
Graduate,Basic Education,Tidak Beasiswa,Lunas,Tidak Menunggak,Perempuan,3-4,11-12,15-20,0
Enrolled,Veterinary Nursing,Tidak Beasiswa,Lunas,Tidak Menunggak,Perempuan,3-4,11-12,15-20,0
Dropout,Journalism & Communication,Tidak Beasiswa,Lunas,Tidak Menunggak,Perempuan,5-6,15+,15-20,1
Graduate,Management,Beasiswa,Lunas,Tidak Menunggak,Perempuan,5-6,13-14,15-20,0
Graduate,Veterinary Nursing,Tidak Beasiswa,Lunas,Tidak Menunggak,Perempuan,5-6,13-14,15-20,0
Dropout,Oral Hygiene,Tidak Beasiswa,Lunas,Tidak Menunggak,Perempuan,3-4,11-12,31+,1
Enrolled,Management,Tidak Beasiswa,Lunas,Tidak Menunggak,Perempuan,3-4,11-12,15-20,0
Graduate,Veterinary Nursing,Beasiswa,Lunas,Tidak Menunggak,Perempuan,5-6,15+,15-20,0
Dropout,Veterinary Nursing,Beasiswa,Lunas,Tidak Menunggak,Perempuan,3-4,13-14,15-20,1
Graduate,Social Service,Beasiswa,Lunas,Tidak Menunggak,Perempuan,5-6,15+,15-20,0
Dropout,Equinculture,Tidak Beasiswa,Belum Lunas,Tidak Menunggak,Perempuan,1-2,13-14,24-30,1
Graduate,Journalism & Communication,Beasiswa,Lunas,Tidak Menunggak,Perempuan,5-6,13-14,15-20,0
Dropout,Social Service (Evening),Tidak Beasiswa,Lunas,Tidak Menunggak,Perempuan,0,0,31+,1
Graduate,Nursing,Tidak Beasiswa,Lunas,Tidak Menunggak,Perempuan,7+,13-14,15-20,0
Graduate,Nursing,Beasiswa,Lunas,Tidak Menunggak,Perempuan,7+,15+,15-20,0
Enrolled,Journalism & Communication,Tidak Beasiswa,Lunas,Tidak Menunggak,Perempuan,5-6,13-14,15-20,0
Dropout,Tourism,Tidak Beasiswa,Lunas,Tidak Menunggak,Perempuan,0,0,15-20,1
Dropout,Advertising & Marketing Mgmt,Beasiswa,Lunas,Tidak Menunggak,Perempuan,3-4,11-12,15-20,1
Graduate,Journalism & Communication,Beasiswa,Belum Lunas,Menunggak,Perempuan,5-6,13-14,24-30,0
Graduate,Social Service,Beasiswa,Lunas,Tidak Menunggak,Perempuan,5-6,11-12,15-20,0
Dropout,Tourism,Tidak Beasiswa,Lunas,Menunggak,Perempuan,0,0,21-23,1
Graduate,Communication Design,Tidak Beasiswa,Lunas,Tidak Menunggak,Perempuan,7+,13-14,15-20,0
Enrolled,Nursing,Tidak Beasiswa,Lunas,Tidak Menunggak,Perempuan,5-6,11-12,15-20,0
Graduate,Oral Hygiene,Beasiswa,Lunas,Tidak Menunggak,Perempuan,5-6,13-14,31+,0
Dropout,Veterinary Nursing,Tidak Beasiswa,Lunas,Tidak Menunggak,Laki-laki,0,0,31+,1
Enrolled,Advertising & Marketing Mgmt,Beasiswa,Lunas,Tidak Menunggak,Laki-laki,3-4,11-12,15-20,0
Dropout,Social Service (Evening),Tidak Beasiswa,Belum Lunas,Menunggak,Laki-laki,0,0,24-30,1
Dropout,Social Service,Tidak Beasiswa,Belum Lunas,Menunggak,Laki-laki,5-6,11-12,24-30,1
Enrolled,Informatics Engineering,Tidak Beasiswa,Lunas,Tidak Menunggak,Laki-laki,3-4,13-14,31+,0
Dropout,Management,Tidak Beasiswa,Belum Lunas,Tidak Menunggak,Laki-laki,7+,13-14,31+,1
Enrolled,Advertising & Marketing Mgmt,Tidak Beasiswa,Lunas,Tidak Menunggak,Laki-laki,5-6,11-12,15-20,0
Dropout,Advertising & Marketing Mgmt,Tidak Beasiswa,Lunas,Tidak Menunggak,Laki-laki,3-4,13-14,24-30,1
Enrolled,Informatics Engineering,Tidak Beasiswa,Belum Lunas,Menunggak,Laki-laki,0,0,24-30,0
Graduate,Advertising & Marketing Mgmt,Tidak Beasiswa,Lunas,Tidak Menunggak,Laki-laki,3-4,13-14,15-20,0
Dropout,Veterinary Nursing,Tidak Beasiswa,Lunas,Tidak Menunggak,Laki-laki,1-2,13-14,21-23,1
Graduate,Management (Evening),Tidak Beasiswa,Lunas,Tidak Menunggak,Laki-laki,5-6,15+,24-30,0
Graduate,Nursing,Beasiswa,Lunas,Menunggak,Laki-laki,7+,13-14,15-20,0
Graduate,Communication Design,Beasiswa,Lunas,Tidak Menunggak,Perempuan,7+,13-14,15-20,0
Dropout,Equinculture,Tidak Beasiswa,Belum Lunas,Menunggak,Perempuan,0,0,15-20,1
Graduate,Communication Design,Tidak Beasiswa,Lunas,Tidak Menunggak,Perempuan,5-6,11-12,15-20,0
Enrolled,Management,Tidak Beasiswa,Lunas,Tidak Menunggak,Perempuan,3-4,11-12,31+,0
Graduate,Management (Evening),Tidak Beasiswa,Lunas,Tidak Menunggak,Perempuan,7+,13-14,21-23,0
Graduate,Management,Tidak Beasiswa,Lunas,Tidak Menunggak,Perempuan,3-4,11-12,15-20,0
Graduate,Nursing,Tidak Beasiswa,Lunas,Tidak Menunggak,Perempuan,7+,15+,24-30,0
Dropout,Management (Evening),Tidak Beasiswa,Lunas,Tidak Menunggak,Perempuan,0,0,24-30,1
Graduate,Social Service,Tidak Beasiswa,Lunas,Tidak Menunggak,Perempuan,5-6,11-12,15-20,0
Enrolled,Basic Education,Beasiswa,Lunas,Tidak Menunggak,Perempuan,5-6,13-14,15-20,0
Graduate,Social Service (Evening),Beasiswa,Lunas,Tidak Menunggak,Perempuan,5-6,13-14,21-23,0
Graduate,Nursing,Beasiswa,Lunas,Tidak Menunggak,Perempuan,7+,15+,21-23,0
Dropout,Tourism,Beasiswa,Lunas,Tidak Menunggak,Perempuan,0,0,15-20,1
Graduate,Social Service,Beasiswa,Lunas,Tidak Menunggak,Perempuan,5-6,11-12,15-20,0
Graduate,Social Service (Evening),Beasiswa,Lunas,Tidak Menunggak,Perempuan,5-6,13-14,31+,0
Dropout,Journalism & Communication,Tidak Beasiswa,Lunas,Tidak Menunggak,Perempuan,0,0,15-20,1
Enrolled,Social Service,Tidak Beasiswa,Lunas,Tidak Menunggak,Perempuan,5-6,11-12,15-20,0
Dropout,Social Service (Evening),Tidak Beasiswa,Lunas,Tidak Menunggak,Perempuan,0,0,24-30,1
Graduate,Nursing,Tidak Beasiswa,Lunas,Tidak Menunggak,Perempuan,7+,13-14,15-20,0
Graduate,Management,Tidak Beasiswa,Lunas,Tidak Menunggak,Perempuan,5-6,13-14,15-20,0
Dropout,Advertising & Marketing Mgmt,Tidak Beasiswa,Belum Lunas,Tidak Menunggak,Perempuan,3-4,11-12,24-30,1
Dropout,Animation & Multimedia Design,Tidak Beasiswa,Belum Lunas,Menunggak,Laki-laki,0,0,24-30,1
Graduate,Social Service,Tidak Beasiswa,Lunas,Tidak Menunggak,Perempuan,5-6,13-14,15-20,0
Dropout,Veterinary Nursing,Tidak Beasiswa,Lunas,Tidak Menunggak,Perempuan,5-6,15+,24-30,1
Graduate,Nursing,Beasiswa,Lunas,Tidak Menunggak,Perempuan,7+,13-14,15-20,0
Graduate,Nursing,Tidak Beasiswa,Lunas,Tidak Menunggak,Perempuan,7+,15+,15-20,0
Enrolled,Journalism & Communication,Tidak Beasiswa,Lunas,Tidak Menunggak,Perempuan,5-6,13-14,15-20,0
Graduate,Management,Beasiswa,Lunas,Tidak Menunggak,Perempuan,5-6,15+,15-20,0
Dropout,Animation & Multimedia Design,Tidak Beasiswa,Lunas,Tidak Menunggak,Perempuan,0,0,15-20,1
Graduate,Nursing,Tidak Beasiswa,Lunas,Tidak Menunggak,Perempuan,7+,15+,15-20,0
Dropout,Tourism,Tidak Beasiswa,Lunas,Tidak Menunggak,Perempuan,5-6,13-14,15-20,1
Enrolled,Advertising & Marketing Mgmt,Tidak Beasiswa,Lunas,Tidak Menunggak,Perempuan,5-6,13-14,15-20,0
Graduate,Journalism & Communication,Tidak Beasiswa,Lunas,Tidak Menunggak,Perempuan,5-6,11-12,15-20,0
Graduate,Social Service,Beasiswa,Lunas,Tidak Menunggak,Perempuan,5-6,13-14,15-20,0
Dropout,Nursing,Tidak Beasiswa,Belum Lunas,Menunggak,Perempuan,0,0,15-20,1
Graduate,Journalism & Communication,Tidak Beasiswa,Lunas,Tidak Menunggak,Perempuan,5-6,13-14,15-20,0
Graduate,Tourism,Tidak Beasiswa,Lunas,Tidak Menunggak,Perempuan,3-4,11-12,15-20,0
Enrolled,Veterinary Nursing,Tidak Beasiswa,Lunas,Tidak Menunggak,Perempuan,3-4,13-14,21-23,0
Dropout,Management (Evening),Tidak Beasiswa,Lunas,Tidak Menunggak,Perempuan,5-6,13-14,31+,1
Graduate,Oral Hygiene,Beasiswa,Lunas,Tidak Menunggak,Perempuan,7+,11-12,15-20,0
Enrolled,Advertising & Marketing Mgmt,Beasiswa,Lunas,Tidak Menunggak,Perempuan,3-4,11-12,15-20,0
Graduate,Nursing,Tidak Beasiswa,Lunas,Tidak Menunggak,Perempuan,5-6,15+,15-20,0
Graduate,Nursing,Beasiswa,Lunas,Tidak Menunggak,Perempuan,7+,15+,15-20,0
Graduate,Social Service,Tidak Beasiswa,Lunas,Tidak Menunggak,Perempuan,7+,13-14,24-30,0
Enrolled,Social Service,Tidak Beasiswa,Lunas,Tidak Menunggak,Perempuan,3-4,11-12,21-23,0
Graduate,Management,Tidak Beasiswa,Lunas,Tidak Menunggak,Perempuan,5-6,15+,15-20,0
Graduate,Management,Tidak Beasiswa,Lunas,Menunggak,Perempuan,5-6,13-14,21-23,0
Graduate,Journalism & Communication,Beasiswa,Lunas,Tidak Menunggak,Perempuan,5-6,13-14,15-20,0
Graduate,Social Service,Tidak Beasiswa,Lunas,Tidak Menunggak,Perempuan,5-6,11-12,15-20,0
Graduate,Nursing,Beasiswa,Lunas,Tidak Menunggak,Perempuan,7+,13-14,15-20,0
Graduate,Equinculture,Tidak Beasiswa,Lunas,Tidak Menunggak,Perempuan,5-6,13-14,15-20,0
Enrolled,Nursing,Tidak Beasiswa,Lunas,Tidak Menunggak,Perempuan,7+,13-14,21-23,0
Enrolled,Nursing,Tidak Beasiswa,Lunas,Tidak Menunggak,Perempuan,5-6,13-14,15-20,0
Graduate,Animation & Multimedia Design,Tidak Beasiswa,Lunas,Tidak Menunggak,Perempuan,0,0,15-20,0
Graduate,Veterinary Nursing,Tidak Beasiswa,Lunas,Tidak Menunggak,Perempuan,3-4,11-12,15-20,0
Graduate,Veterinary Nursing,Tidak Beasiswa,Lunas,Tidak Menunggak,Perempuan,5-6,15+,24-30,0
Graduate,Journalism & Communication,Tidak Beasiswa,Lunas,Tidak Menunggak,Perempuan,5-6,15+,15-20,0
Enrolled,Basic Education,Beasiswa,Lunas,Tidak Menunggak,Perempuan,3-4,11-12,15-20,0
Graduate,Veterinary Nursing,Tidak Beasiswa,Lunas,Tidak Menunggak,Perempuan,5-6,15+,24-30,0
Graduate,Management,Tidak Beasiswa,Lunas,Tidak Menunggak,Perempuan,5-6,11-12,21-23,0
Dropout,Management,Tidak Beasiswa,Lunas,Tidak Menunggak,Perempuan,0,0,15-20,1
Graduate,Nursing,Beasiswa,Lunas,Tidak Menunggak,Perempuan,7+,15+,15-20,0
Graduate,Social Service,Beasiswa,Lunas,Tidak Menunggak,Perempuan,5-6,15+,15-20,0
Graduate,Management (Evening),Beasiswa,Lunas,Tidak Menunggak,Perempuan,7+,11-12,31+,0
Graduate,Social Service,Beasiswa,Lunas,Tidak Menunggak,Perempuan,5-6,11-12,15-20,0
Enrolled,Nursing,Tidak Beasiswa,Lunas,Tidak Menunggak,Perempuan,5-6,11-12,15-20,0
Enrolled,Management,Tidak Beasiswa,Lunas,Tidak Menunggak,Perempuan,3-4,11-12,15-20,0
Graduate,Advertising & Marketing Mgmt,Beasiswa,Lunas,Menunggak,Perempuan,3-4,11-12,31+,0
Enrolled,Equinculture,Tidak Beasiswa,Lunas,Tidak Menunggak,Perempuan,1-2,13-14,15-20,0
Dropout,Animation & Multimedia Design,Tidak Beasiswa,Belum Lunas,Menunggak,Perempuan,0,0,15-20,1
Graduate,Journalism & Communication,Beasiswa,Lunas,Menunggak,Perempuan,5-6,13-14,15-20,0
Graduate,Animation & Multimedia Design,Tidak Beasiswa,Lunas,Tidak Menunggak,Perempuan,7+,15+,21-23,0
Enrolled,Nursing,Tidak Beasiswa,Lunas,Tidak Menunggak,Perempuan,5-6,11-12,15-20,0
Enrolled,Management,Tidak Beasiswa,Lunas,Tidak Menunggak,Perempuan,3-4,11-12,15-20,0
Graduate,Agronomy,Tidak Beasiswa,Lunas,Tidak Menunggak,Perempuan,7+,11-12,21-23,0
Dropout,Management,Tidak Beasiswa,Lunas,Tidak Menunggak,Perempuan,1-2,1-10,21-23,1
Enrolled,Tourism,Tidak Beasiswa,Lunas,Tidak Menunggak,Laki-laki,3-4,15+,21-23,0
Enrolled,Communication Design,Beasiswa,Lunas,Tidak Menunggak,Laki-laki,1-2,11-12,15-20,0
Graduate,Animation & Multimedia Design,Beasiswa,Lunas,Tidak Menunggak,Laki-laki,0,0,21-23,0
Graduate,Tourism,Beasiswa,Lunas,Tidak Menunggak,Perempuan,5-6,11-12,15-20,0
Graduate,Nursing,Tidak Beasiswa,Lunas,Tidak Menunggak,Perempuan,7+,15+,15-20,0
Graduate,Social Service,Beasiswa,Lunas,Tidak Menunggak,Perempuan,5-6,15+,15-20,0
Graduate,Veterinary Nursing,Tidak Beasiswa,Lunas,Tidak Menunggak,Perempuan,5-6,13-14,15-20,0
Graduate,Veterinary Nursing,Beasiswa,Lunas,Tidak Menunggak,Perempuan,3-4,13-14,15-20,0
Dropout,Basic Education,Tidak Beasiswa,Lunas,Tidak Menunggak,Perempuan,1-2,1-10,15-20,1
Dropout,Management (Evening),Tidak Beasiswa,Lunas,Tidak Menunggak,Perempuan,3-4,11-12,24-30,1
Dropout,Tourism,Beasiswa,Belum Lunas,Menunggak,Perempuan,5-6,11-12,21-23,1
Graduate,Nursing,Beasiswa,Lunas,Tidak Menunggak,Laki-laki,3-4,11-12,15-20,0
Graduate,Management,Beasiswa,Lunas,Tidak Menunggak,Laki-laki,5-6,13-14,15-20,0
Dropout,Basic Education,Tidak Beasiswa,Belum Lunas,Menunggak,Perempuan,3-4,11-12,15-20,1
Dropout,Tourism,Tidak Beasiswa,Lunas,Menunggak,Perempuan,3-4,13-14,15-20,1
Graduate,Oral Hygiene,Beasiswa,Lunas,Tidak Menunggak,Perempuan,5-6,13-14,24-30,0
Enrolled,Social Service,Beasiswa,Lunas,Tidak Menunggak,Perempuan,5-6,11-12,15-20,0
Dropout,Biofuel Production,Tidak Beasiswa,Lunas,Menunggak,Laki-laki,0,0,31+,1
Graduate,Nursing,Beasiswa,Lunas,Tidak Menunggak,Perempuan,7+,13-14,15-20,0
Dropout,Advertising & Marketing Mgmt,Beasiswa,Lunas,Tidak Menunggak,Laki-laki,5-6,13-14,15-20,1
Graduate,Nursing,Tidak Beasiswa,Lunas,Tidak Menunggak,Laki-laki,7+,15+,15-20,0
Enrolled,Nursing,Beasiswa,Lunas,Tidak Menunggak,Laki-laki,5-6,11-12,15-20,0
Graduate,Communication Design,Tidak Beasiswa,Lunas,Tidak Menunggak,Laki-laki,5-6,13-14,15-20,0
Dropout,Equinculture,Tidak Beasiswa,Lunas,Menunggak,Laki-laki,3-4,13-14,24-30,1
Graduate,Social Service (Evening),Tidak Beasiswa,Lunas,Tidak Menunggak,Laki-laki,7+,11-12,24-30,0
Enrolled,Informatics Engineering,Tidak Beasiswa,Lunas,Tidak Menunggak,Laki-laki,3-4,11-12,24-30,0
Graduate,Veterinary Nursing,Beasiswa,Lunas,Tidak Menunggak,Laki-laki,5-6,13-14,15-20,0
Dropout,Informatics Engineering,Tidak Beasiswa,Lunas,Tidak Menunggak,Laki-laki,0,0,15-20,1
Dropout,Equinculture,Beasiswa,Belum Lunas,Tidak Menunggak,Laki-laki,0,0,24-30,1
Dropout,Nursing,Tidak Beasiswa,Lunas,Tidak Menunggak,Laki-laki,0,0,15-20,1
Dropout,Management,Tidak Beasiswa,Lunas,Tidak Menunggak,Laki-laki,0,0,21-23,1
Dropout,Animation & Multimedia Design,Tidak Beasiswa,Lunas,Tidak Menunggak,Laki-laki,0,0,15-20,1
Dropout,Agronomy,Tidak Beasiswa,Belum Lunas,Tidak Menunggak,Laki-laki,0,0,24-30,1
Dropout,Advertising & Marketing Mgmt,Tidak Beasiswa,Lunas,Tidak Menunggak,Laki-laki,3-4,13-14,15-20,1
Enrolled,Management,Tidak Beasiswa,Lunas,Tidak Menunggak,Laki-laki,3-4,11-12,21-23,0
Dropout,Communication Design,Tidak Beasiswa,Lunas,Tidak Menunggak,Laki-laki,3-4,11-12,15-20,1
Enrolled,Management (Evening),Tidak Beasiswa,Lunas,Menunggak,Laki-laki,7+,13-14,24-30,0
Dropout,Journalism & Communication,Tidak Beasiswa,Belum Lunas,Tidak Menunggak,Laki-laki,0,0,15-20,1
Enrolled,Agronomy,Tidak Beasiswa,Lunas,Tidak Menunggak,Laki-laki,5-6,13-14,21-23,0
Graduate,Management,Tidak Beasiswa,Lunas,Tidak Menunggak,Laki-laki,3-4,13-14,15-20,0
Dropout,Tourism,Tidak Beasiswa,Lunas,Tidak Menunggak,Laki-laki,0,0,31+,1
Graduate,Nursing,Tidak Beasiswa,Lunas,Tidak Menunggak,Laki-laki,7+,13-14,15-20,0
Dropout,Social Service,Tidak Beasiswa,Lunas,Tidak Menunggak,Laki-laki,0,0,31+,1
Graduate,Journalism & Communication,Tidak Beasiswa,Lunas,Tidak Menunggak,Laki-laki,5-6,13-14,15-20,0
Enrolled,Journalism & Communication,Tidak Beasiswa,Lunas,Tidak Menunggak,Laki-laki,3-4,11-12,15-20,0
Dropout,Journalism & Communication,Tidak Beasiswa,Lunas,Tidak Menunggak,Laki-laki,3-4,11-12,15-20,1
Dropout,Journalism & Communication,Tidak Beasiswa,Lunas,Tidak Menunggak,Laki-laki,0,0,15-20,1
Dropout,Management (Evening),Tidak Beasiswa,Belum Lunas,Tidak Menunggak,Laki-laki,0,0,24-30,1
Graduate,Management,Tidak Beasiswa,Lunas,Tidak Menunggak,Laki-laki,5-6,13-14,15-20,0
Dropout,Journalism & Communication,Tidak Beasiswa,Lunas,Menunggak,Laki-laki,5-6,11-12,24-30,1
Dropout,Social Service,Tidak Beasiswa,Belum Lunas,Menunggak,Laki-laki,5-6,11-12,15-20,1
Graduate,Communication Design,Tidak Beasiswa,Lunas,Tidak Menunggak,Laki-laki,3-4,11-12,15-20,0
Graduate,Agronomy,Tidak Beasiswa,Lunas,Tidak Menunggak,Laki-laki,5-6,15+,24-30,0
Enrolled,Animation & Multimedia Design,Tidak Beasiswa,Lunas,Tidak Menunggak,Laki-laki,0,0,15-20,0
Graduate,Tourism,Beasiswa,Lunas,Tidak Menunggak,Laki-laki,5-6,13-14,15-20,0
Dropout,Agronomy,Tidak Beasiswa,Lunas,Tidak Menunggak,Laki-laki,0,0,15-20,1
Graduate,Communication Design,Tidak Beasiswa,Lunas,Tidak Menunggak,Laki-laki,5-6,15+,15-20,0
Graduate,Tourism,Beasiswa,Lunas,Tidak Menunggak,Laki-laki,5-6,13-14,21-23,0
Dropout,Tourism,Tidak Beasiswa,Belum Lunas,Tidak Menunggak,Laki-laki,1-2,1-10,15-20,1
Graduate,Informatics Engineering,Tidak Beasiswa,Lunas,Tidak Menunggak,Laki-laki,3-4,13-14,15-20,0
Enrolled,Social Service (Evening),Tidak Beasiswa,Lunas,Tidak Menunggak,Perempuan,7+,11-12,21-23,0
Dropout,Management (Evening),Tidak Beasiswa,Lunas,Tidak Menunggak,Perempuan,0,0,24-30,1
Dropout,Advertising & Marketing Mgmt,Tidak Beasiswa,Lunas,Menunggak,Perempuan,0,0,15-20,1
Dropout,Oral Hygiene,Beasiswa,Belum Lunas,Menunggak,Perempuan,5-6,11-12,24-30,1
Graduate,Advertising & Marketing Mgmt,Beasiswa,Lunas,Tidak Menunggak,Perempuan,5-6,15+,15-20,0
Dropout,Management (Evening),Tidak Beasiswa,Belum Lunas,Menunggak,Perempuan,0,0,24-30,1
Dropout,Management,Tidak Beasiswa,Lunas,Tidak Menunggak,Perempuan,3-4,13-14,31+,1
Graduate,Nursing,Tidak Beasiswa,Lunas,Tidak Menunggak,Perempuan,7+,13-14,24-30,0
Graduate,Veterinary Nursing,Tidak Beasiswa,Lunas,Menunggak,Perempuan,5-6,13-14,24-30,0
Enrolled,Veterinary Nursing,Tidak Beasiswa,Lunas,Tidak Menunggak,Perempuan,3-4,13-14,21-23,0
Graduate,Nursing,Beasiswa,Lunas,Tidak Menunggak,Perempuan,7+,13-14,15-20,0
Graduate,Nursing,Tidak Beasiswa,Lunas,Tidak Menunggak,Perempuan,5-6,13-14,15-20,0
Graduate,Nursing,Tidak Beasiswa,Lunas,Tidak Menunggak,Perempuan,7+,15+,24-30,0
Enrolled,Management,Tidak Beasiswa,Lunas,Tidak Menunggak,Perempuan,3-4,11-12,31+,0
Graduate,Journalism & Communication,Tidak Beasiswa,Lunas,Tidak Menunggak,Perempuan,5-6,13-14,15-20,0
Dropout,Veterinary Nursing,Tidak Beasiswa,Lunas,Tidak Menunggak,Perempuan,0,0,15-20,1
Graduate,Nursing,Tidak Beasiswa,Lunas,Tidak Menunggak,Perempuan,7+,13-14,15-20,0
Graduate,Nursing,Tidak Beasiswa,Lunas,Tidak Menunggak,Perempuan,7+,15+,15-20,0
Graduate,Veterinary Nursing,Tidak Beasiswa,Lunas,Tidak Menunggak,Perempuan,5-6,13-14,15-20,0
Enrolled,Advertising & Marketing Mgmt,Tidak Beasiswa,Lunas,Tidak Menunggak,Perempuan,3-4,11-12,21-23,0
Graduate,Nursing,Tidak Beasiswa,Lunas,Tidak Menunggak,Perempuan,7+,13-14,15-20,0
Graduate,Social Service,Beasiswa,Lunas,Tidak Menunggak,Perempuan,5-6,13-14,15-20,0
Enrolled,Management (Evening),Tidak Beasiswa,Lunas,Tidak Menunggak,Perempuan,5-6,11-12,24-30,0
Graduate,Social Service,Tidak Beasiswa,Lunas,Tidak Menunggak,Perempuan,7+,13-14,31+,0
Dropout,Social Service (Evening),Tidak Beasiswa,Lunas,Tidak Menunggak,Perempuan,1-2,11-12,31+,1
Graduate,Nursing,Beasiswa,Lunas,Tidak Menunggak,Perempuan,7+,15+,15-20,0
Dropout,Basic Education,Tidak Beasiswa,Lunas,Tidak Menunggak,Perempuan,3-4,11-12,15-20,1
Dropout,Journalism & Communication,Tidak Beasiswa,Belum Lunas,Tidak Menunggak,Perempuan,5-6,11-12,21-23,1
Graduate,Journalism & Communication,Beasiswa,Lunas,Tidak Menunggak,Perempuan,5-6,13-14,15-20,0
Graduate,Veterinary Nursing,Beasiswa,Lunas,Tidak Menunggak,Perempuan,5-6,13-14,15-20,0
Graduate,Management,Beasiswa,Lunas,Tidak Menunggak,Perempuan,5-6,11-12,15-20,0
Graduate,Communication Design,Tidak Beasiswa,Lunas,Tidak Menunggak,Perempuan,5-6,13-14,15-20,0
Dropout,Oral Hygiene,Beasiswa,Lunas,Tidak Menunggak,Perempuan,0,0,31+,1
Graduate,Management,Beasiswa,Lunas,Tidak Menunggak,Perempuan,3-4,11-12,15-20,0
Dropout,Equinculture,Beasiswa,Lunas,Tidak Menunggak,Perempuan,0,0,21-23,1
Dropout,Equinculture,Beasiswa,Lunas,Menunggak,Perempuan,1-2,13-14,21-23,1
Graduate,Veterinary Nursing,Tidak Beasiswa,Lunas,Tidak Menunggak,Perempuan,5-6,13-14,15-20,0
Graduate,Advertising & Marketing Mgmt,Tidak Beasiswa,Lunas,Tidak Menunggak,Perempuan,3-4,11-12,15-20,0
Graduate,Nursing,Tidak Beasiswa,Lunas,Tidak Menunggak,Perempuan,5-6,13-14,15-20,0
Graduate,Agronomy,Tidak Beasiswa,Lunas,Menunggak,Perempuan,5-6,13-14,24-30,0
Graduate,Management,Beasiswa,Lunas,Tidak Menunggak,Perempuan,5-6,13-14,15-20,0
Graduate,Nursing,Tidak Beasiswa,Lunas,Tidak Menunggak,Perempuan,5-6,15+,15-20,0
Graduate,Veterinary Nursing,Tidak Beasiswa,Lunas,Tidak Menunggak,Perempuan,5-6,11-12,15-20,0
Graduate,Management,Beasiswa,Lunas,Tidak Menunggak,Perempuan,5-6,13-14,15-20,0
Dropout,Social Service (Evening),Tidak Beasiswa,Belum Lunas,Menunggak,Perempuan,0,0,31+,1
Graduate,Veterinary Nursing,Beasiswa,Lunas,Tidak Menunggak,Perempuan,5-6,13-14,15-20,0
Dropout,Basic Education,Tidak Beasiswa,Lunas,Tidak Menunggak,Perempuan,1-2,11-12,21-23,1
Graduate,Social Service,Beasiswa,Lunas,Tidak Menunggak,Perempuan,5-6,13-14,15-20,0
Graduate,Advertising & Marketing Mgmt,Tidak Beasiswa,Lunas,Tidak Menunggak,Perempuan,5-6,13-14,15-20,0
Enrolled,Management (Evening),Beasiswa,Lunas,Tidak Menunggak,Perempuan,5-6,11-12,31+,0
Dropout,Nursing,Tidak Beasiswa,Lunas,Tidak Menunggak,Perempuan,0,0,24-30,1
Dropout,Journalism & Communication,Tidak Beasiswa,Lunas,Tidak Menunggak,Perempuan,5-6,11-12,24-30,1
Dropout,Tourism,Beasiswa,Lunas,Tidak Menunggak,Perempuan,1-2,11-12,31+,1
Graduate,Social Service (Evening),Beasiswa,Lunas,Tidak Menunggak,Perempuan,7+,11-12,31+,0
Graduate,Management,Tidak Beasiswa,Lunas,Tidak Menunggak,Perempuan,7+,13-14,31+,0
Enrolled,Nursing,Tidak Beasiswa,Lunas,Tidak Menunggak,Perempuan,5-6,11-12,24-30,0
Dropout,Agronomy,Tidak Beasiswa,Lunas,Tidak Menunggak,Perempuan,0,0,31+,1
Graduate,Management,Tidak Beasiswa,Lunas,Tidak Menunggak,Perempuan,7+,11-12,21-23,0
Dropout,Biofuel Production,Tidak Beasiswa,Lunas,Tidak Menunggak,Perempuan,5-6,11-12,31+,1
Graduate,Management,Beasiswa,Lunas,Tidak Menunggak,Perempuan,5-6,15+,21-23,0
Dropout,Management,Tidak Beasiswa,Lunas,Tidak Menunggak,Perempuan,1-2,13-14,21-23,1
Graduate,Social Service (Evening),Beasiswa,Lunas,Tidak Menunggak,Perempuan,5-6,11-12,31+,0
Graduate,Oral Hygiene,Tidak Beasiswa,Lunas,Tidak Menunggak,Perempuan,7+,15+,15-20,0
Dropout,Social Service (Evening),Tidak Beasiswa,Belum Lunas,Tidak Menunggak,Perempuan,7+,13-14,31+,1
Enrolled,Management,Tidak Beasiswa,Lunas,Tidak Menunggak,Perempuan,7+,11-12,24-30,0
Graduate,Tourism,Beasiswa,Lunas,Tidak Menunggak,Perempuan,5-6,11-12,15-20,0
Enrolled,Management (Evening),Tidak Beasiswa,Lunas,Menunggak,Laki-laki,3-4,11-12,24-30,0
Graduate,Management (Evening),Tidak Beasiswa,Lunas,Tidak Menunggak,Laki-laki,5-6,13-14,31+,0
Dropout,Oral Hygiene,Tidak Beasiswa,Lunas,Tidak Menunggak,Laki-laki,0,0,31+,1
Dropout,Advertising & Marketing Mgmt,Tidak Beasiswa,Belum Lunas,Tidak Menunggak,Laki-laki,3-4,11-12,15-20,1
Graduate,Management (Evening),Tidak Beasiswa,Lunas,Tidak Menunggak,Laki-laki,5-6,11-12,24-30,0
Graduate,Agronomy,Tidak Beasiswa,Lunas,Tidak Menunggak,Laki-laki,7+,11-12,31+,0
Dropout,Social Service,Tidak Beasiswa,Lunas,Tidak Menunggak,Laki-laki,0,0,15-20,1
Dropout,Agronomy,Tidak Beasiswa,Belum Lunas,Tidak Menunggak,Laki-laki,0,0,31+,1
Dropout,Social Service,Tidak Beasiswa,Lunas,Tidak Menunggak,Perempuan,1-2,11-12,24-30,1
Enrolled,Nursing,Tidak Beasiswa,Lunas,Tidak Menunggak,Perempuan,7+,13-14,15-20,0
Enrolled,Nursing,Tidak Beasiswa,Lunas,Tidak Menunggak,Perempuan,5-6,13-14,21-23,0
Graduate,Social Service (Evening),Tidak Beasiswa,Lunas,Tidak Menunggak,Perempuan,3-4,11-12,15-20,0
Enrolled,Nursing,Beasiswa,Lunas,Tidak Menunggak,Perempuan,5-6,13-14,15-20,0
Dropout,Nursing,Tidak Beasiswa,Belum Lunas,Menunggak,Perempuan,5-6,11-12,24-30,1
Graduate,Social Service,Tidak Beasiswa,Lunas,Tidak Menunggak,Perempuan,5-6,13-14,15-20,0
Dropout,Nursing,Tidak Beasiswa,Belum Lunas,Tidak Menunggak,Perempuan,0,0,15-20,1
Dropout,Animation & Multimedia Design,Tidak Beasiswa,Lunas,Tidak Menunggak,Perempuan,0,0,15-20,1
Graduate,Nursing,Beasiswa,Lunas,Tidak Menunggak,Perempuan,7+,15+,15-20,0
Graduate,Nursing,Beasiswa,Lunas,Tidak Menunggak,Perempuan,7+,13-14,15-20,0
Graduate,Veterinary Nursing,Beasiswa,Lunas,Tidak Menunggak,Perempuan,5-6,15+,15-20,0
Graduate,Social Service (Evening),Beasiswa,Lunas,Tidak Menunggak,Perempuan,5-6,13-14,21-23,0
Graduate,Journalism & Communication,Tidak Beasiswa,Lunas,Tidak Menunggak,Perempuan,5-6,13-14,15-20,0
Graduate,Tourism,Tidak Beasiswa,Lunas,Tidak Menunggak,Perempuan,7+,13-14,31+,0
Graduate,Social Service (Evening),Tidak Beasiswa,Lunas,Tidak Menunggak,Perempuan,7+,13-14,31+,0
Graduate,Nursing,Beasiswa,Lunas,Tidak Menunggak,Perempuan,7+,13-14,15-20,0
Dropout,Nursing,Tidak Beasiswa,Lunas,Tidak Menunggak,Perempuan,0,0,31+,1
Graduate,Social Service (Evening),Beasiswa,Lunas,Tidak Menunggak,Perempuan,5-6,13-14,31+,0
Dropout,Veterinary Nursing,Tidak Beasiswa,Lunas,Tidak Menunggak,Perempuan,5-6,15+,15-20,1
Enrolled,Communication Design,Tidak Beasiswa,Lunas,Menunggak,Perempuan,5-6,11-12,31+,0
Enrolled,Tourism,Tidak Beasiswa,Lunas,Tidak Menunggak,Laki-laki,5-6,13-14,15-20,0
Dropout,Management (Evening),Tidak Beasiswa,Belum Lunas,Tidak Menunggak,Laki-laki,0,0,31+,1
Graduate,Management (Evening),Tidak Beasiswa,Lunas,Tidak Menunggak,Laki-laki,5-6,15+,31+,0
Dropout,Informatics Engineering,Tidak Beasiswa,Belum Lunas,Tidak Menunggak,Laki-laki,1-2,13-14,31+,1
Graduate,Animation & Multimedia Design,Beasiswa,Lunas,Tidak Menunggak,Laki-laki,0,0,15-20,0
Dropout,Management (Evening),Tidak Beasiswa,Belum Lunas,Menunggak,Laki-laki,1-2,1-10,24-30,1
Graduate,Communication Design,Tidak Beasiswa,Lunas,Menunggak,Laki-laki,5-6,11-12,15-20,0
Graduate,Journalism & Communication,Beasiswa,Lunas,Tidak Menunggak,Laki-laki,3-4,13-14,15-20,0
Dropout,Management,Tidak Beasiswa,Lunas,Tidak Menunggak,Laki-laki,0,0,21-23,1
Dropout,Management,Tidak Beasiswa,Lunas,Tidak Menunggak,Laki-laki,0,0,21-23,1
Dropout,Informatics Engineering,Tidak Beasiswa,Belum Lunas,Tidak Menunggak,Laki-laki,5-6,13-14,15-20,1
Dropout,Animation & Multimedia Design,Tidak Beasiswa,Lunas,Tidak Menunggak,Laki-laki,0,0,24-30,1
Enrolled,Animation & Multimedia Design,Tidak Beasiswa,Lunas,Tidak Menunggak,Laki-laki,1-2,1-10,15-20,0
Graduate,Management (Evening),Tidak Beasiswa,Lunas,Tidak Menunggak,Laki-laki,7+,11-12,24-30,0
Dropout,Equinculture,Tidak Beasiswa,Lunas,Tidak Menunggak,Laki-laki,1-2,1-10,24-30,1
Enrolled,Informatics Engineering,Beasiswa,Lunas,Menunggak,Laki-laki,1-2,11-12,31+,0
Enrolled,Management,Tidak Beasiswa,Lunas,Tidak Menunggak,Laki-laki,3-4,11-12,21-23,0
Graduate,Social Service,Beasiswa,Lunas,Tidak Menunggak,Laki-laki,5-6,11-12,15-20,0
Dropout,Tourism,Tidak Beasiswa,Belum Lunas,Tidak Menunggak,Laki-laki,5-6,11-12,31+,1
Dropout,Informatics Engineering,Tidak Beasiswa,Belum Lunas,Menunggak,Laki-laki,1-2,11-12,21-23,1
Dropout,Advertising & Marketing Mgmt,Tidak Beasiswa,Belum Lunas,Tidak Menunggak,Laki-laki,3-4,11-12,24-30,1
Graduate,Journalism & Communication,Tidak Beasiswa,Lunas,Tidak Menunggak,Laki-laki,5-6,11-12,15-20,0
Enrolled,Journalism & Communication,Tidak Beasiswa,Lunas,Tidak Menunggak,Laki-laki,1-2,1-10,21-23,0
Dropout,Agronomy,Tidak Beasiswa,Belum Lunas,Tidak Menunggak,Laki-laki,0,0,21-23,1
Dropout,Advertising & Marketing Mgmt,Tidak Beasiswa,Belum Lunas,Tidak Menunggak,Laki-laki,3-4,13-14,31+,1
Dropout,Veterinary Nursing,Tidak Beasiswa,Lunas,Tidak Menunggak,Laki-laki,3-4,11-12,24-30,1
Enrolled,Advertising & Marketing Mgmt,Tidak Beasiswa,Lunas,Tidak Menunggak,Laki-laki,3-4,11-12,24-30,0
Dropout,Journalism & Communication,Tidak Beasiswa,Belum Lunas,Tidak Menunggak,Laki-laki,0,0,15-20,1
Enrolled,Advertising & Marketing Mgmt,Tidak Beasiswa,Belum Lunas,Menunggak,Laki-laki,3-4,13-14,15-20,0
Graduate,Communication Design,Beasiswa,Lunas,Tidak Menunggak,Laki-laki,5-6,13-14,15-20,0
Enrolled,Informatics Engineering,Tidak Beasiswa,Lunas,Tidak Menunggak,Laki-laki,1-2,1-10,15-20,0
Dropout,Veterinary Nursing,Tidak Beasiswa,Belum Lunas,Menunggak,Laki-laki,3-4,11-12,31+,1
Dropout,Tourism,Tidak Beasiswa,Lunas,Tidak Menunggak,Laki-laki,1-2,13-14,15-20,1
Dropout,Nursing,Tidak Beasiswa,Lunas,Tidak Menunggak,Laki-laki,0,0,31+,1
Dropout,Management,Tidak Beasiswa,Lunas,Tidak Menunggak,Laki-laki,0,0,24-30,1
Graduate,Agronomy,Tidak Beasiswa,Lunas,Tidak Menunggak,Laki-laki,5-6,11-12,24-30,0
Dropout,Advertising & Marketing Mgmt,Tidak Beasiswa,Lunas,Menunggak,Laki-laki,0,0,31+,1
Enrolled,Social Service (Evening),Tidak Beasiswa,Lunas,Tidak Menunggak,Laki-laki,5-6,11-12,24-30,0
Dropout,Agronomy,Tidak Beasiswa,Lunas,Tidak Menunggak,Laki-laki,1-2,11-12,31+,1
Dropout,Informatics Engineering,Tidak Beasiswa,Lunas,Tidak Menunggak,Laki-laki,1-2,11-12,24-30,1
Graduate,Journalism & Communication,Beasiswa,Lunas,Tidak Menunggak,Laki-laki,5-6,11-12,15-20,0
Graduate,Nursing,Beasiswa,Lunas,Tidak Menunggak,Laki-laki,7+,15+,15-20,0
Dropout,Agronomy,Tidak Beasiswa,Belum Lunas,Tidak Menunggak,Laki-laki,0,0,31+,1
Enrolled,Informatics Engineering,Tidak Beasiswa,Lunas,Tidak Menunggak,Laki-laki,3-4,13-14,15-20,0
Dropout,Agronomy,Tidak Beasiswa,Lunas,Tidak Menunggak,Laki-laki,0,0,21-23,1
Dropout,Nursing,Tidak Beasiswa,Lunas,Tidak Menunggak,Perempuan,0,0,31+,1
Enrolled,Management,Tidak Beasiswa,Lunas,Tidak Menunggak,Perempuan,5-6,11-12,21-23,0
Dropout,Advertising & Marketing Mgmt,Tidak Beasiswa,Belum Lunas,Tidak Menunggak,Perempuan,5-6,13-14,15-20,1
Graduate,Journalism & Communication,Beasiswa,Lunas,Tidak Menunggak,Perempuan,5-6,13-14,15-20,0
Graduate,Management,Beasiswa,Lunas,Tidak Menunggak,Perempuan,5-6,11-12,15-20,0
Dropout,Management,Tidak Beasiswa,Belum Lunas,Menunggak,Perempuan,0,0,31+,1
Dropout,Basic Education,Tidak Beasiswa,Lunas,Tidak Menunggak,Perempuan,3-4,11-12,21-23,1
Dropout,Social Service,Tidak Beasiswa,Belum Lunas,Tidak Menunggak,Perempuan,1-2,13-14,21-23,1
Enrolled,Management (Evening),Tidak Beasiswa,Lunas,Tidak Menunggak,Laki-laki,3-4,11-12,24-30,0
Graduate,Nursing,Tidak Beasiswa,Lunas,Tidak Menunggak,Perempuan,5-6,15+,15-20,0
Enrolled,Nursing,Beasiswa,Lunas,Tidak Menunggak,Perempuan,7+,15+,15-20,0
Dropout,Tourism,Tidak Beasiswa,Lunas,Menunggak,Perempuan,3-4,11-12,15-20,1
Dropout,Management,Tidak Beasiswa,Lunas,Tidak Menunggak,Perempuan,0,0,24-30,1
Graduate,Nursing,Tidak Beasiswa,Lunas,Tidak Menunggak,Perempuan,7+,13-14,15-20,0
Graduate,Tourism,Beasiswa,Lunas,Tidak Menunggak,Perempuan,5-6,13-14,15-20,0
Graduate,Management,Beasiswa,Lunas,Tidak Menunggak,Perempuan,5-6,11-12,15-20,0
Graduate,Social Service,Beasiswa,Lunas,Tidak Menunggak,Perempuan,5-6,13-14,21-23,0
Graduate,Agronomy,Tidak Beasiswa,Lunas,Tidak Menunggak,Perempuan,5-6,13-14,21-23,0
Graduate,Veterinary Nursing,Beasiswa,Lunas,Tidak Menunggak,Perempuan,5-6,15+,21-23,0
Graduate,Basic Education,Beasiswa,Lunas,Tidak Menunggak,Perempuan,7+,13-14,15-20,0
Enrolled,Management,Tidak Beasiswa,Lunas,Tidak Menunggak,Perempuan,3-4,11-12,15-20,0
Graduate,Nursing,Tidak Beasiswa,Lunas,Tidak Menunggak,Perempuan,5-6,13-14,15-20,0
Dropout,Nursing,Tidak Beasiswa,Lunas,Tidak Menunggak,Perempuan,3-4,13-14,24-30,1
Dropout,Management,Tidak Beasiswa,Lunas,Tidak Menunggak,Perempuan,7+,13-14,31+,1
Graduate,Social Service,Beasiswa,Lunas,Tidak Menunggak,Perempuan,5-6,15+,15-20,0
Dropout,Management,Tidak Beasiswa,Lunas,Tidak Menunggak,Perempuan,0,0,31+,1
Enrolled,Veterinary Nursing,Tidak Beasiswa,Lunas,Tidak Menunggak,Perempuan,3-4,11-12,15-20,0
Graduate,Social Service,Beasiswa,Lunas,Tidak Menunggak,Perempuan,5-6,11-12,15-20,0
Graduate,Nursing,Tidak Beasiswa,Lunas,Tidak Menunggak,Perempuan,7+,15+,15-20,0
Graduate,Veterinary Nursing,Tidak Beasiswa,Lunas,Tidak Menunggak,Perempuan,5-6,11-12,15-20,0
Graduate,Animation & Multimedia Design,Beasiswa,Lunas,Tidak Menunggak,Perempuan,7+,13-14,15-20,0
Enrolled,Social Service,Beasiswa,Lunas,Tidak Menunggak,Perempuan,5-6,13-14,21-23,0
Graduate,Basic Education,Beasiswa,Lunas,Menunggak,Perempuan,7+,13-14,15-20,0
Graduate,Nursing,Tidak Beasiswa,Lunas,Tidak Menunggak,Perempuan,7+,13-14,21-23,0
Graduate,Communication Design,Beasiswa,Lunas,Tidak Menunggak,Perempuan,5-6,13-14,21-23,0
Graduate,Management,Beasiswa,Lunas,Tidak Menunggak,Perempuan,5-6,11-12,15-20,0
Enrolled,Management,Tidak Beasiswa,Lunas,Tidak Menunggak,Perempuan,3-4,15+,15-20,0
Graduate,Veterinary Nursing,Tidak Beasiswa,Lunas,Tidak Menunggak,Perempuan,7+,13-14,15-20,0
Enrolled,Management,Tidak Beasiswa,Lunas,Tidak Menunggak,Perempuan,3-4,13-14,15-20,0
Graduate,Nursing,Beasiswa,Lunas,Tidak Menunggak,Perempuan,7+,15+,15-20,0
Graduate,Nursing,Tidak Beasiswa,Lunas,Tidak Menunggak,Perempuan,5-6,15+,15-20,0
Graduate,Communication Design,Beasiswa,Lunas,Tidak Menunggak,Perempuan,5-6,13-14,21-23,0
Graduate,Social Service,Beasiswa,Lunas,Tidak Menunggak,Perempuan,5-6,15+,15-20,0
Enrolled,Advertising & Marketing Mgmt,Tidak Beasiswa,Lunas,Tidak Menunggak,Perempuan,5-6,13-14,15-20,0
Graduate,Journalism & Communication,Tidak Beasiswa,Lunas,Tidak Menunggak,Perempuan,5-6,13-14,15-20,0
Graduate,Nursing,Beasiswa,Lunas,Tidak Menunggak,Perempuan,7+,15+,15-20,0
Enrolled,Management (Evening),Tidak Beasiswa,Lunas,Tidak Menunggak,Perempuan,3-4,11-12,31+,0
Graduate,Animation & Multimedia Design,Tidak Beasiswa,Lunas,Tidak Menunggak,Perempuan,0,0,15-20,0
Enrolled,Basic Education,Tidak Beasiswa,Lunas,Tidak Menunggak,Perempuan,5-6,11-12,15-20,0
Graduate,Nursing,Beasiswa,Lunas,Tidak Menunggak,Perempuan,7+,15+,15-20,0
Dropout,Nursing,Tidak Beasiswa,Belum Lunas,Tidak Menunggak,Perempuan,0,0,15-20,1
Graduate,Journalism & Communication,Tidak Beasiswa,Lunas,Tidak Menunggak,Perempuan,5-6,13-14,15-20,0
Enrolled,Advertising & Marketing Mgmt,Tidak Beasiswa,Lunas,Tidak Menunggak,Perempuan,3-4,13-14,15-20,0
Graduate,Nursing,Tidak Beasiswa,Lunas,Tidak Menunggak,Perempuan,7+,13-14,15-20,0
Enrolled,Management,Tidak Beasiswa,Lunas,Tidak Menunggak,Perempuan,0,0,15-20,0
Dropout,Nursing,Tidak Beasiswa,Lunas,Tidak Menunggak,Perempuan,0,0,15-20,1
Graduate,Nursing,Beasiswa,Lunas,Tidak Menunggak,Perempuan,7+,13-14,15-20,0
Enrolled,Nursing,Tidak Beasiswa,Lunas,Tidak Menunggak,Perempuan,5-6,15+,15-20,0
Enrolled,Journalism & Communication,Tidak Beasiswa,Lunas,Tidak Menunggak,Perempuan,5-6,13-14,15-20,0
Dropout,Tourism,Tidak Beasiswa,Lunas,Tidak Menunggak,Perempuan,0,0,21-23,1
Graduate,Basic Education,Beasiswa,Lunas,Tidak Menunggak,Perempuan,7+,15+,15-20,0
Graduate,Social Service,Beasiswa,Lunas,Tidak Menunggak,Perempuan,5-6,13-14,15-20,0
Graduate,Nursing,Beasiswa,Lunas,Tidak Menunggak,Perempuan,7+,13-14,21-23,0
Dropout,Veterinary Nursing,Tidak Beasiswa,Lunas,Tidak Menunggak,Perempuan,0,0,21-23,1
Dropout,Social Service,Beasiswa,Belum Lunas,Tidak Menunggak,Perempuan,1-2,11-12,15-20,1
Dropout,Management (Evening),Tidak Beasiswa,Lunas,Tidak Menunggak,Perempuan,5-6,15+,24-30,1
Dropout,Veterinary Nursing,Tidak Beasiswa,Lunas,Tidak Menunggak,Perempuan,0,0,15-20,1
Dropout,Management,Tidak Beasiswa,Belum Lunas,Tidak Menunggak,Perempuan,0,0,24-30,1
Enrolled,Management,Tidak Beasiswa,Lunas,Tidak Menunggak,Perempuan,1-2,11-12,24-30,0
Graduate,Social Service,Tidak Beasiswa,Lunas,Tidak Menunggak,Perempuan,5-6,11-12,15-20,0
Dropout,Social Service (Evening),Tidak Beasiswa,Lunas,Tidak Menunggak,Perempuan,5-6,15+,24-30,1
Dropout,Management,Tidak Beasiswa,Lunas,Tidak Menunggak,Perempuan,0,0,21-23,1
Graduate,Communication Design,Beasiswa,Lunas,Tidak Menunggak,Perempuan,5-6,15+,21-23,0
Graduate,Nursing,Tidak Beasiswa,Lunas,Tidak Menunggak,Perempuan,7+,15+,15-20,0
Graduate,Journalism & Communication,Beasiswa,Lunas,Tidak Menunggak,Perempuan,5-6,15+,15-20,0
Dropout,Nursing,Tidak Beasiswa,Lunas,Tidak Menunggak,Perempuan,7+,15+,15-20,1
Dropout,Journalism & Communication,Beasiswa,Lunas,Tidak Menunggak,Perempuan,5-6,13-14,15-20,1
Graduate,Communication Design,Tidak Beasiswa,Lunas,Tidak Menunggak,Perempuan,5-6,13-14,15-20,0
Graduate,Journalism & Communication,Beasiswa,Lunas,Tidak Menunggak,Perempuan,5-6,13-14,15-20,0
Enrolled,Management (Evening),Tidak Beasiswa,Lunas,Tidak Menunggak,Perempuan,7+,11-12,24-30,0
Graduate,Oral Hygiene,Tidak Beasiswa,Lunas,Tidak Menunggak,Perempuan,7+,11-12,24-30,0
Dropout,Oral Hygiene,Tidak Beasiswa,Lunas,Tidak Menunggak,Perempuan,1-2,11-12,15-20,1
Enrolled,Oral Hygiene,Tidak Beasiswa,Lunas,Tidak Menunggak,Perempuan,7+,13-14,15-20,0
Enrolled,Advertising & Marketing Mgmt,Tidak Beasiswa,Lunas,Tidak Menunggak,Perempuan,5-6,13-14,15-20,0
Graduate,Tourism,Tidak Beasiswa,Lunas,Tidak Menunggak,Perempuan,5-6,13-14,15-20,0
Graduate,Journalism & Communication,Tidak Beasiswa,Lunas,Tidak Menunggak,Perempuan,5-6,13-14,15-20,0
Dropout,Communication Design,Tidak Beasiswa,Belum Lunas,Tidak Menunggak,Perempuan,3-4,11-12,15-20,1
Graduate,Nursing,Beasiswa,Lunas,Tidak Menunggak,Perempuan,7+,13-14,15-20,0
Dropout,Veterinary Nursing,Tidak Beasiswa,Lunas,Tidak Menunggak,Perempuan,5-6,15+,15-20,1
Graduate,Animation & Multimedia Design,Beasiswa,Lunas,Tidak Menunggak,Perempuan,0,0,15-20,0
Graduate,Journalism & Communication,Beasiswa,Lunas,Tidak Menunggak,Perempuan,5-6,13-14,15-20,0
Graduate,Nursing,Beasiswa,Lunas,Tidak Menunggak,Perempuan,7+,15+,15-20,0
Enrolled,Management (Evening),Tidak Beasiswa,Lunas,Tidak Menunggak,Perempuan,5-6,13-14,24-30,0
Enrolled,Nursing,Tidak Beasiswa,Lunas,Menunggak,Perempuan,5-6,13-14,24-30,0
Graduate,Nursing,Tidak Beasiswa,Lunas,Tidak Menunggak,Perempuan,7+,11-12,15-20,0
Graduate,Nursing,Beasiswa,Lunas,Tidak Menunggak,Perempuan,7+,13-14,15-20,0
Dropout,Management,Tidak Beasiswa,Belum Lunas,Tidak Menunggak,Perempuan,1-2,1-10,21-23,1
Graduate,Social Service,Tidak Beasiswa,Lunas,Tidak Menunggak,Perempuan,5-6,13-14,15-20,0
Graduate,Social Service,Tidak Beasiswa,Lunas,Tidak Menunggak,Perempuan,7+,13-14,31+,0
Graduate,Agronomy,Beasiswa,Lunas,Tidak Menunggak,Perempuan,5-6,13-14,15-20,0
Graduate,Social Service,Tidak Beasiswa,Lunas,Tidak Menunggak,Perempuan,5-6,13-14,15-20,0
Dropout,Management (Evening),Tidak Beasiswa,Belum Lunas,Tidak Menunggak,Perempuan,0,0,31+,1
Graduate,Nursing,Beasiswa,Lunas,Tidak Menunggak,Perempuan,5-6,13-14,15-20,0
Enrolled,Nursing,Tidak Beasiswa,Lunas,Tidak Menunggak,Perempuan,5-6,13-14,31+,0
Dropout,Veterinary Nursing,Tidak Beasiswa,Lunas,Tidak Menunggak,Perempuan,3-4,11-12,31+,1
Enrolled,Basic Education,Tidak Beasiswa,Lunas,Tidak Menunggak,Perempuan,5-6,11-12,15-20,0
Graduate,Communication Design,Tidak Beasiswa,Lunas,Tidak Menunggak,Perempuan,5-6,13-14,15-20,0
Dropout,Management,Tidak Beasiswa,Lunas,Tidak Menunggak,Perempuan,0,0,31+,1
Enrolled,Management,Tidak Beasiswa,Lunas,Tidak Menunggak,Perempuan,1-2,11-12,15-20,0
Graduate,Basic Education,Tidak Beasiswa,Lunas,Tidak Menunggak,Perempuan,7+,11-12,24-30,0
Enrolled,Management (Evening),Tidak Beasiswa,Lunas,Tidak Menunggak,Perempuan,3-4,11-12,24-30,0
Enrolled,Nursing,Beasiswa,Lunas,Tidak Menunggak,Perempuan,7+,13-14,15-20,0
Graduate,Nursing,Beasiswa,Lunas,Tidak Menunggak,Perempuan,7+,13-14,15-20,0
Graduate,Social Service (Evening),Tidak Beasiswa,Belum Lunas,Menunggak,Perempuan,5-6,13-14,24-30,0
Dropout,Social Service (Evening),Tidak Beasiswa,Belum Lunas,Menunggak,Perempuan,0,0,31+,1
Dropout,Management,Tidak Beasiswa,Lunas,Tidak Menunggak,Perempuan,7+,13-14,24-30,1
Dropout,Informatics Engineering,Tidak Beasiswa,Lunas,Tidak Menunggak,Perempuan,0,0,15-20,1
Graduate,Veterinary Nursing,Tidak Beasiswa,Lunas,Tidak Menunggak,Perempuan,5-6,15+,15-20,0
Graduate,Agronomy,Beasiswa,Lunas,Menunggak,Perempuan,7+,15+,15-20,0
Dropout,Management (Evening),Tidak Beasiswa,Lunas,Tidak Menunggak,Perempuan,5-6,13-14,21-23,1
Enrolled,Social Service,Tidak Beasiswa,Lunas,Menunggak,Laki-laki,1-2,1-10,24-30,0
Graduate,Tourism,Beasiswa,Lunas,Tidak Menunggak,Laki-laki,5-6,13-14,15-20,0
Graduate,Nursing,Beasiswa,Lunas,Tidak Menunggak,Laki-laki,7+,13-14,15-20,0
Graduate,Animation & Multimedia Design,Tidak Beasiswa,Lunas,Tidak Menunggak,Laki-laki,0,0,21-23,0
Dropout,Agronomy,Tidak Beasiswa,Lunas,Tidak Menunggak,Laki-laki,0,0,24-30,1
Dropout,Nursing,Tidak Beasiswa,Belum Lunas,Tidak Menunggak,Laki-laki,5-6,13-14,31+,1
Dropout,Nursing,Tidak Beasiswa,Belum Lunas,Tidak Menunggak,Laki-laki,3-4,11-12,31+,1
Dropout,Advertising & Marketing Mgmt,Tidak Beasiswa,Lunas,Tidak Menunggak,Laki-laki,5-6,11-12,31+,1
Graduate,Nursing,Tidak Beasiswa,Lunas,Tidak Menunggak,Laki-laki,7+,13-14,15-20,0
Dropout,Advertising & Marketing Mgmt,Tidak Beasiswa,Belum Lunas,Tidak Menunggak,Laki-laki,0,0,15-20,1
Dropout,Equinculture,Tidak Beasiswa,Lunas,Menunggak,Laki-laki,3-4,13-14,24-30,1
Graduate,Social Service,Tidak Beasiswa,Lunas,Tidak Menunggak,Laki-laki,5-6,13-14,15-20,0
Dropout,Animation & Multimedia Design,Tidak Beasiswa,Lunas,Tidak Menunggak,Laki-laki,0,0,21-23,1
Dropout,Management (Evening),Tidak Beasiswa,Lunas,Tidak Menunggak,Laki-laki,0,0,31+,1
Dropout,Management (Evening),Tidak Beasiswa,Lunas,Tidak Menunggak,Laki-laki,1-2,1-10,31+,1
Dropout,Informatics Engineering,Tidak Beasiswa,Belum Lunas,Tidak Menunggak,Laki-laki,0,0,31+,1
Graduate,Advertising & Marketing Mgmt,Beasiswa,Lunas,Tidak Menunggak,Laki-laki,3-4,11-12,15-20,0
Graduate,Agronomy,Tidak Beasiswa,Lunas,Tidak Menunggak,Laki-laki,5-6,15+,15-20,0
Dropout,Management (Evening),Tidak Beasiswa,Belum Lunas,Tidak Menunggak,Laki-laki,3-4,11-12,31+,1
Dropout,Management (Evening),Tidak Beasiswa,Lunas,Tidak Menunggak,Laki-laki,3-4,11-12,31+,1
Graduate,Journalism & Communication,Beasiswa,Lunas,Tidak Menunggak,Laki-laki,5-6,13-14,15-20,0
Enrolled,Agronomy,Tidak Beasiswa,Lunas,Tidak Menunggak,Laki-laki,0,0,24-30,0
Dropout,Management,Beasiswa,Lunas,Tidak Menunggak,Laki-laki,5-6,13-14,15-20,1
Dropout,Communication Design,Beasiswa,Lunas,Menunggak,Laki-laki,0,0,31+,1
Graduate,Advertising & Marketing Mgmt,Tidak Beasiswa,Belum Lunas,Tidak Menunggak,Laki-laki,5-6,13-14,15-20,0
Graduate,Agronomy,Beasiswa,Lunas,Tidak Menunggak,Laki-laki,3-4,11-12,21-23,0
Graduate,Advertising & Marketing Mgmt,Beasiswa,Lunas,Tidak Menunggak,Laki-laki,5-6,13-14,15-20,0
Dropout,Management,Tidak Beasiswa,Lunas,Tidak Menunggak,Laki-laki,0,0,15-20,1
Dropout,Tourism,Tidak Beasiswa,Belum Lunas,Tidak Menunggak,Laki-laki,0,0,24-30,1
Graduate,Advertising & Marketing Mgmt,Tidak Beasiswa,Lunas,Tidak Menunggak,Laki-laki,5-6,11-12,15-20,0
Enrolled,Management,Beasiswa,Lunas,Tidak Menunggak,Laki-laki,3-4,13-14,15-20,0
Graduate,Communication Design,Beasiswa,Lunas,Tidak Menunggak,Laki-laki,7+,13-14,21-23,0
Dropout,Nursing,Beasiswa,Lunas,Tidak Menunggak,Laki-laki,7+,13-14,15-20,1
Enrolled,Equinculture,Tidak Beasiswa,Lunas,Tidak Menunggak,Laki-laki,1-2,15+,15-20,0
Dropout,Animation & Multimedia Design,Tidak Beasiswa,Lunas,Tidak Menunggak,Laki-laki,0,0,15-20,1
Dropout,Advertising & Marketing Mgmt,Beasiswa,Lunas,Menunggak,Laki-laki,0,0,24-30,1
Dropout,Advertising & Marketing Mgmt,Tidak Beasiswa,Lunas,Tidak Menunggak,Laki-laki,3-4,11-12,24-30,1
Enrolled,Journalism & Communication,Tidak Beasiswa,Lunas,Tidak Menunggak,Laki-laki,3-4,11-12,21-23,0
Dropout,Animation & Multimedia Design,Tidak Beasiswa,Lunas,Menunggak,Laki-laki,0,0,15-20,1
Dropout,Informatics Engineering,Tidak Beasiswa,Lunas,Tidak Menunggak,Laki-laki,1-2,11-12,15-20,1
Dropout,Tourism,Tidak Beasiswa,Lunas,Tidak Menunggak,Laki-laki,1-2,13-14,21-23,1
Dropout,Management (Evening),Tidak Beasiswa,Lunas,Menunggak,Laki-laki,5-6,11-12,31+,1
Graduate,Management (Evening),Tidak Beasiswa,Lunas,Tidak Menunggak,Laki-laki,5-6,13-14,24-30,0
Dropout,Animation & Multimedia Design,Tidak Beasiswa,Lunas,Tidak Menunggak,Laki-laki,7+,11-12,24-30,1
Graduate,Advertising & Marketing Mgmt,Beasiswa,Lunas,Tidak Menunggak,Laki-laki,5-6,13-14,15-20,0
Enrolled,Advertising & Marketing Mgmt,Tidak Beasiswa,Lunas,Tidak Menunggak,Laki-laki,3-4,11-12,21-23,0
Enrolled,Management (Evening),Tidak Beasiswa,Lunas,Tidak Menunggak,Laki-laki,5-6,15+,31+,0
Graduate,Agronomy,Tidak Beasiswa,Lunas,Tidak Menunggak,Laki-laki,5-6,13-14,15-20,0
Dropout,Agronomy,Tidak Beasiswa,Belum Lunas,Menunggak,Laki-laki,5-6,11-12,31+,1
Dropout,Nursing,Tidak Beasiswa,Lunas,Tidak Menunggak,Laki-laki,5-6,13-14,21-23,1
Dropout,Informatics Engineering,Tidak Beasiswa,Lunas,Tidak Menunggak,Laki-laki,3-4,15+,15-20,1
Enrolled,Nursing,Tidak Beasiswa,Lunas,Tidak Menunggak,Laki-laki,7+,13-14,15-20,0
Graduate,Advertising & Marketing Mgmt,Tidak Beasiswa,Lunas,Tidak Menunggak,Laki-laki,5-6,13-14,15-20,0
Enrolled,Agronomy,Tidak Beasiswa,Lunas,Tidak Menunggak,Laki-laki,7+,13-14,24-30,0
Graduate,Management,Tidak Beasiswa,Lunas,Tidak Menunggak,Laki-laki,5-6,15+,15-20,0
Dropout,Tourism,Tidak Beasiswa,Belum Lunas,Menunggak,Laki-laki,0,0,31+,1
Dropout,Management (Evening),Tidak Beasiswa,Lunas,Tidak Menunggak,Laki-laki,0,0,24-30,1
Dropout,Management (Evening),Tidak Beasiswa,Lunas,Tidak Menunggak,Laki-laki,7+,11-12,24-30,1
Dropout,Management (Evening),Tidak Beasiswa,Lunas,Tidak Menunggak,Laki-laki,0,0,31+,1
Dropout,Management,Tidak Beasiswa,Belum Lunas,Tidak Menunggak,Laki-laki,0,0,31+,1
Dropout,Tourism,Tidak Beasiswa,Lunas,Tidak Menunggak,Laki-laki,3-4,11-12,15-20,1
Graduate,Communication Design,Tidak Beasiswa,Lunas,Tidak Menunggak,Laki-laki,5-6,13-14,15-20,0
Dropout,Informatics Engineering,Tidak Beasiswa,Lunas,Tidak Menunggak,Laki-laki,0,0,15-20,1
Dropout,Advertising & Marketing Mgmt,Tidak Beasiswa,Belum Lunas,Tidak Menunggak,Laki-laki,1-2,13-14,15-20,1
Enrolled,Management (Evening),Tidak Beasiswa,Lunas,Tidak Menunggak,Laki-laki,3-4,13-14,31+,0
Enrolled,Veterinary Nursing,Tidak Beasiswa,Belum Lunas,Tidak Menunggak,Laki-laki,5-6,13-14,15-20,0
Enrolled,Management (Evening),Tidak Beasiswa,Lunas,Tidak Menunggak,Laki-laki,3-4,11-12,31+,0
Graduate,Nursing,Beasiswa,Lunas,Tidak Menunggak,Laki-laki,5-6,13-14,15-20,0
Graduate,Nursing,Beasiswa,Lunas,Tidak Menunggak,Laki-laki,7+,15+,15-20,0
Dropout,Equinculture,Tidak Beasiswa,Lunas,Tidak Menunggak,Laki-laki,0,0,24-30,1
Dropout,Advertising & Marketing Mgmt,Tidak Beasiswa,Belum Lunas,Tidak Menunggak,Laki-laki,0,0,31+,1
Graduate,Nursing,Tidak Beasiswa,Lunas,Tidak Menunggak,Laki-laki,5-6,13-14,21-23,0
Enrolled,Nursing,Tidak Beasiswa,Lunas,Tidak Menunggak,Laki-laki,5-6,13-14,21-23,0
Dropout,Social Service,Tidak Beasiswa,Belum Lunas,Menunggak,Laki-laki,0,0,31+,1
Dropout,Management,Tidak Beasiswa,Lunas,Tidak Menunggak,Laki-laki,3-4,11-12,21-23,1
Dropout,Informatics Engineering,Tidak Beasiswa,Lunas,Menunggak,Laki-laki,5-6,15+,15-20,1
Enrolled,Advertising & Marketing Mgmt,Tidak Beasiswa,Lunas,Menunggak,Laki-laki,5-6,13-14,15-20,0
Graduate,Veterinary Nursing,Tidak Beasiswa,Lunas,Tidak Menunggak,Laki-laki,5-6,13-14,15-20,0
Enrolled,Tourism,Tidak Beasiswa,Lunas,Tidak Menunggak,Laki-laki,3-4,11-12,24-30,0
Dropout,Agronomy,Tidak Beasiswa,Belum Lunas,Tidak Menunggak,Laki-laki,0,0,24-30,1
Enrolled,Communication Design,Tidak Beasiswa,Lunas,Tidak Menunggak,Laki-laki,5-6,13-14,15-20,0
Graduate,Advertising & Marketing Mgmt,Tidak Beasiswa,Lunas,Tidak Menunggak,Laki-laki,3-4,15+,15-20,0
Enrolled,Nursing,Tidak Beasiswa,Lunas,Tidak Menunggak,Laki-laki,0,0,31+,0
Graduate,Journalism & Communication,Tidak Beasiswa,Lunas,Tidak Menunggak,Laki-laki,5-6,13-14,15-20,0
Dropout,Equinculture,Tidak Beasiswa,Lunas,Tidak Menunggak,Laki-laki,0,0,31+,1
Dropout,Informatics Engineering,Tidak Beasiswa,Belum Lunas,Menunggak,Laki-laki,1-2,15+,24-30,1
Dropout,Informatics Engineering,Tidak Beasiswa,Belum Lunas,Menunggak,Laki-laki,0,0,21-23,1
Dropout,Management (Evening),Beasiswa,Belum Lunas,Tidak Menunggak,Laki-laki,3-4,11-12,24-30,1
Graduate,Communication Design,Tidak Beasiswa,Lunas,Tidak Menunggak,Laki-laki,7+,15+,31+,0
Graduate,Informatics Engineering,Beasiswa,Lunas,Tidak Menunggak,Laki-laki,5-6,13-14,15-20,0
Graduate,Informatics Engineering,Tidak Beasiswa,Lunas,Tidak Menunggak,Laki-laki,5-6,13-14,15-20,0
Dropout,Veterinary Nursing,Tidak Beasiswa,Lunas,Tidak Menunggak,Laki-laki,0,0,24-30,1
Graduate,Communication Design,Tidak Beasiswa,Lunas,Tidak Menunggak,Laki-laki,3-4,11-12,15-20,0
Graduate,Informatics Engineering,Tidak Beasiswa,Lunas,Tidak Menunggak,Laki-laki,5-6,15+,15-20,0
Dropout,Management (Evening),Tidak Beasiswa,Lunas,Tidak Menunggak,Laki-laki,5-6,11-12,24-30,1
Enrolled,Informatics Engineering,Tidak Beasiswa,Lunas,Tidak Menunggak,Laki-laki,0,0,15-20,0
Graduate,Tourism,Beasiswa,Lunas,Tidak Menunggak,Laki-laki,5-6,13-14,15-20,0
Graduate,Equinculture,Tidak Beasiswa,Lunas,Tidak Menunggak,Laki-laki,5-6,15+,15-20,0
Graduate,Management,Tidak Beasiswa,Lunas,Tidak Menunggak,Laki-laki,3-4,11-12,15-20,0
Dropout,Nursing,Tidak Beasiswa,Lunas,Menunggak,Laki-laki,1-2,11-12,24-30,1
Dropout,Veterinary Nursing,Tidak Beasiswa,Lunas,Tidak Menunggak,Laki-laki,0,0,21-23,1
Graduate,Advertising & Marketing Mgmt,Beasiswa,Lunas,Tidak Menunggak,Laki-laki,5-6,15+,15-20,0
Graduate,Agronomy,Tidak Beasiswa,Lunas,Tidak Menunggak,Laki-laki,5-6,13-14,21-23,0
Graduate,Oral Hygiene,Tidak Beasiswa,Lunas,Menunggak,Laki-laki,7+,13-14,24-30,0
Dropout,Management (Evening),Tidak Beasiswa,Lunas,Tidak Menunggak,Laki-laki,0,0,24-30,1
Enrolled,Management,Tidak Beasiswa,Belum Lunas,Menunggak,Laki-laki,5-6,11-12,15-20,0
Graduate,Social Service (Evening),Tidak Beasiswa,Lunas,Tidak Menunggak,Laki-laki,7+,13-14,31+,0
Dropout,Biofuel Production,Tidak Beasiswa,Lunas,Tidak Menunggak,Laki-laki,1-2,11-12,24-30,1
Dropout,Animation & Multimedia Design,Tidak Beasiswa,Belum Lunas,Tidak Menunggak,Laki-laki,0,0,15-20,1
Graduate,Communication Design,Tidak Beasiswa,Lunas,Tidak Menunggak,Laki-laki,7+,13-14,15-20,0
Graduate,Journalism & Communication,Beasiswa,Lunas,Tidak Menunggak,Laki-laki,3-4,13-14,21-23,0
Dropout,Management (Evening),Tidak Beasiswa,Lunas,Tidak Menunggak,Laki-laki,0,0,24-30,1
Enrolled,Management,Tidak Beasiswa,Lunas,Tidak Menunggak,Laki-laki,0,0,15-20,0
Enrolled,Nursing,Tidak Beasiswa,Lunas,Tidak Menunggak,Laki-laki,7+,13-14,15-20,0
Dropout,Advertising & Marketing Mgmt,Tidak Beasiswa,Lunas,Tidak Menunggak,Laki-laki,5-6,13-14,24-30,1
Dropout,Journalism & Communication,Tidak Beasiswa,Lunas,Menunggak,Laki-laki,5-6,11-12,15-20,1
Enrolled,Equinculture,Tidak Beasiswa,Lunas,Tidak Menunggak,Laki-laki,5-6,11-12,15-20,0
Dropout,Agronomy,Tidak Beasiswa,Lunas,Tidak Menunggak,Laki-laki,1-2,11-12,15-20,1
Enrolled,Agronomy,Tidak Beasiswa,Lunas,Tidak Menunggak,Laki-laki,3-4,13-14,21-23,0
Graduate,Social Service,Tidak Beasiswa,Lunas,Tidak Menunggak,Perempuan,5-6,13-14,15-20,0
Graduate,Journalism & Communication,Beasiswa,Lunas,Tidak Menunggak,Perempuan,5-6,13-14,15-20,0
Dropout,Management,Tidak Beasiswa,Lunas,Tidak Menunggak,Perempuan,5-6,15+,21-23,1
Dropout,Animation & Multimedia Design,Tidak Beasiswa,Belum Lunas,Menunggak,Laki-laki,0,0,15-20,1
Graduate,Journalism & Communication,Tidak Beasiswa,Lunas,Tidak Menunggak,Laki-laki,5-6,13-14,15-20,0
Graduate,Journalism & Communication,Tidak Beasiswa,Lunas,Tidak Menunggak,Laki-laki,5-6,13-14,15-20,0
Enrolled,Informatics Engineering,Tidak Beasiswa,Lunas,Tidak Menunggak,Laki-laki,3-4,11-12,15-20,0
Graduate,Journalism & Communication,Tidak Beasiswa,Lunas,Tidak Menunggak,Laki-laki,5-6,13-14,15-20,0
Graduate,Journalism & Communication,Tidak Beasiswa,Lunas,Tidak Menunggak,Laki-laki,3-4,13-14,15-20,0
Dropout,Communication Design,Tidak Beasiswa,Lunas,Tidak Menunggak,Laki-laki,5-6,11-12,21-23,1
Enrolled,Animation & Multimedia Design,Tidak Beasiswa,Lunas,Tidak Menunggak,Laki-laki,0,0,21-23,0
Dropout,Informatics Engineering,Tidak Beasiswa,Lunas,Tidak Menunggak,Laki-laki,5-6,15+,15-20,1
Enrolled,Animation & Multimedia Design,Tidak Beasiswa,Lunas,Menunggak,Laki-laki,0,0,15-20,0
Enrolled,Informatics Engineering,Tidak Beasiswa,Lunas,Tidak Menunggak,Laki-laki,3-4,11-12,15-20,0
Graduate,Advertising & Marketing Mgmt,Tidak Beasiswa,Lunas,Tidak Menunggak,Laki-laki,5-6,13-14,15-20,0
Dropout,Veterinary Nursing,Tidak Beasiswa,Lunas,Tidak Menunggak,Laki-laki,1-2,11-12,15-20,1
Dropout,Informatics Engineering,Tidak Beasiswa,Lunas,Tidak Menunggak,Laki-laki,1-2,11-12,15-20,1
Enrolled,Informatics Engineering,Tidak Beasiswa,Lunas,Menunggak,Laki-laki,5-6,11-12,24-30,0
Dropout,Advertising & Marketing Mgmt,Tidak Beasiswa,Lunas,Menunggak,Laki-laki,3-4,11-12,15-20,1
Enrolled,Informatics Engineering,Beasiswa,Belum Lunas,Tidak Menunggak,Laki-laki,5-6,15+,15-20,0
Dropout,Social Service,Tidak Beasiswa,Lunas,Menunggak,Perempuan,5-6,11-12,15-20,1
Graduate,Journalism & Communication,Tidak Beasiswa,Lunas,Tidak Menunggak,Perempuan,5-6,13-14,15-20,0
Graduate,Social Service,Beasiswa,Lunas,Tidak Menunggak,Perempuan,5-6,13-14,21-23,0
Dropout,Veterinary Nursing,Tidak Beasiswa,Lunas,Tidak Menunggak,Perempuan,5-6,11-12,15-20,1
Graduate,Nursing,Beasiswa,Lunas,Tidak Menunggak,Perempuan,7+,15+,15-20,0
Graduate,Social Service,Beasiswa,Lunas,Tidak Menunggak,Perempuan,5-6,15+,15-20,0
Dropout,Social Service (Evening),Tidak Beasiswa,Lunas,Tidak Menunggak,Perempuan,0,0,21-23,1
Graduate,Management,Tidak Beasiswa,Lunas,Tidak Menunggak,Perempuan,3-4,11-12,21-23,0
Enrolled,Social Service,Tidak Beasiswa,Lunas,Tidak Menunggak,Perempuan,1-2,13-14,15-20,0
Dropout,Social Service (Evening),Tidak Beasiswa,Lunas,Tidak Menunggak,Perempuan,1-2,11-12,24-30,1
Enrolled,Journalism & Communication,Beasiswa,Lunas,Tidak Menunggak,Perempuan,5-6,11-12,15-20,0
Dropout,Animation & Multimedia Design,Tidak Beasiswa,Lunas,Tidak Menunggak,Perempuan,0,0,15-20,1
Graduate,Advertising & Marketing Mgmt,Beasiswa,Belum Lunas,Tidak Menunggak,Perempuan,5-6,15+,15-20,0
Graduate,Nursing,Beasiswa,Lunas,Tidak Menunggak,Perempuan,7+,13-14,15-20,0
Dropout,Journalism & Communication,Tidak Beasiswa,Belum Lunas,Menunggak,Perempuan,1-2,11-12,15-20,1
Enrolled,Social Service,Tidak Beasiswa,Lunas,Menunggak,Perempuan,1-2,13-14,21-23,0
Graduate,Tourism,Tidak Beasiswa,Lunas,Tidak Menunggak,Perempuan,7+,13-14,31+,0
Graduate,Veterinary Nursing,Tidak Beasiswa,Lunas,Tidak Menunggak,Perempuan,3-4,13-14,15-20,0
Graduate,Nursing,Tidak Beasiswa,Lunas,Tidak Menunggak,Perempuan,7+,15+,21-23,0
Graduate,Journalism & Communication,Tidak Beasiswa,Lunas,Tidak Menunggak,Perempuan,5-6,11-12,15-20,0
Enrolled,Basic Education,Tidak Beasiswa,Belum Lunas,Menunggak,Perempuan,5-6,13-14,31+,0
Graduate,Nursing,Tidak Beasiswa,Lunas,Tidak Menunggak,Perempuan,7+,13-14,15-20,0
Graduate,Advertising & Marketing Mgmt,Beasiswa,Lunas,Tidak Menunggak,Perempuan,5-6,13-14,15-20,0
Graduate,Journalism & Communication,Beasiswa,Lunas,Tidak Menunggak,Perempuan,5-6,13-14,15-20,0
Dropout,Tourism,Tidak Beasiswa,Belum Lunas,Tidak Menunggak,Perempuan,0,0,15-20,1
Graduate,Social Service (Evening),Beasiswa,Lunas,Tidak Menunggak,Perempuan,5-6,13-14,15-20,0
Graduate,Veterinary Nursing,Beasiswa,Lunas,Tidak Menunggak,Perempuan,5-6,13-14,15-20,0
Graduate,Social Service,Beasiswa,Lunas,Tidak Menunggak,Perempuan,5-6,11-12,15-20,0
Graduate,Social Service,Tidak Beasiswa,Lunas,Tidak Menunggak,Perempuan,5-6,13-14,21-23,0
Enrolled,Veterinary Nursing,Tidak Beasiswa,Lunas,Tidak Menunggak,Perempuan,3-4,13-14,24-30,0
Dropout,Social Service,Tidak Beasiswa,Lunas,Tidak Menunggak,Perempuan,0,0,21-23,1
Graduate,Nursing,Tidak Beasiswa,Lunas,Tidak Menunggak,Perempuan,7+,13-14,15-20,0
Dropout,Basic Education,Tidak Beasiswa,Lunas,Tidak Menunggak,Perempuan,1-2,1-10,24-30,1
Graduate,Communication Design,Beasiswa,Lunas,Tidak Menunggak,Perempuan,7+,13-14,15-20,0
Enrolled,Advertising & Marketing Mgmt,Tidak Beasiswa,Lunas,Tidak Menunggak,Perempuan,3-4,13-14,21-23,0
Graduate,Oral Hygiene,Beasiswa,Lunas,Tidak Menunggak,Perempuan,7+,15+,15-20,0
Enrolled,Veterinary Nursing,Tidak Beasiswa,Lunas,Tidak Menunggak,Perempuan,5-6,11-12,15-20,0
Graduate,Journalism & Communication,Tidak Beasiswa,Lunas,Tidak Menunggak,Perempuan,5-6,13-14,15-20,0
Graduate,Social Service,Beasiswa,Lunas,Tidak Menunggak,Perempuan,5-6,13-14,15-20,0
Graduate,Veterinary Nursing,Beasiswa,Lunas,Tidak Menunggak,Perempuan,3-4,13-14,15-20,0
Graduate,Nursing,Tidak Beasiswa,Lunas,Tidak Menunggak,Perempuan,7+,15+,15-20,0
Graduate,Management (Evening),Beasiswa,Lunas,Tidak Menunggak,Perempuan,5-6,13-14,15-20,0
Enrolled,Veterinary Nursing,Tidak Beasiswa,Lunas,Tidak Menunggak,Perempuan,3-4,11-12,15-20,0
Dropout,Social Service,Tidak Beasiswa,Lunas,Menunggak,Perempuan,0,0,15-20,1
Graduate,Journalism & Communication,Tidak Beasiswa,Lunas,Tidak Menunggak,Perempuan,5-6,13-14,15-20,0
Graduate,Veterinary Nursing,Tidak Beasiswa,Lunas,Tidak Menunggak,Perempuan,5-6,13-14,15-20,0
Graduate,Nursing,Beasiswa,Lunas,Tidak Menunggak,Perempuan,7+,13-14,15-20,0
Dropout,Nursing,Tidak Beasiswa,Lunas,Tidak Menunggak,Perempuan,7+,13-14,15-20,1
Enrolled,Agronomy,Tidak Beasiswa,Lunas,Tidak Menunggak,Laki-laki,5-6,13-14,31+,0
Dropout,Communication Design,Tidak Beasiswa,Lunas,Tidak Menunggak,Laki-laki,5-6,13-14,31+,1
Dropout,Management,Tidak Beasiswa,Belum Lunas,Tidak Menunggak,Laki-laki,0,0,21-23,1
Graduate,Social Service,Beasiswa,Lunas,Menunggak,Perempuan,5-6,13-14,15-20,0
Graduate,Nursing,Tidak Beasiswa,Lunas,Tidak Menunggak,Perempuan,5-6,13-14,15-20,0
Graduate,Animation & Multimedia Design,Beasiswa,Lunas,Tidak Menunggak,Perempuan,7+,15+,15-20,0
Graduate,Veterinary Nursing,Tidak Beasiswa,Lunas,Tidak Menunggak,Perempuan,5-6,15+,15-20,0
Graduate,Veterinary Nursing,Tidak Beasiswa,Lunas,Tidak Menunggak,Perempuan,5-6,13-14,15-20,0
Graduate,Social Service (Evening),Beasiswa,Lunas,Menunggak,Perempuan,3-4,13-14,31+,0
Graduate,Communication Design,Beasiswa,Lunas,Tidak Menunggak,Perempuan,5-6,13-14,15-20,0
Graduate,Communication Design,Tidak Beasiswa,Lunas,Tidak Menunggak,Perempuan,5-6,13-14,21-23,0
Graduate,Social Service,Tidak Beasiswa,Belum Lunas,Menunggak,Perempuan,3-4,11-12,21-23,0
Dropout,Journalism & Communication,Tidak Beasiswa,Lunas,Tidak Menunggak,Perempuan,0,0,15-20,1
Graduate,Advertising & Marketing Mgmt,Tidak Beasiswa,Lunas,Tidak Menunggak,Perempuan,5-6,15+,21-23,0
Graduate,Basic Education,Beasiswa,Lunas,Tidak Menunggak,Perempuan,5-6,11-12,15-20,0
Dropout,Animation & Multimedia Design,Tidak Beasiswa,Lunas,Menunggak,Laki-laki,0,0,15-20,1
Enrolled,Management,Tidak Beasiswa,Lunas,Tidak Menunggak,Laki-laki,5-6,11-12,24-30,0
Dropout,Management (Evening),Tidak Beasiswa,Belum Lunas,Tidak Menunggak,Laki-laki,0,0,31+,1
Graduate,Animation & Multimedia Design,Beasiswa,Lunas,Menunggak,Laki-laki,0,0,15-20,0
Dropout,Management,Tidak Beasiswa,Lunas,Tidak Menunggak,Laki-laki,3-4,11-12,24-30,1
Dropout,Agronomy,Tidak Beasiswa,Lunas,Tidak Menunggak,Laki-laki,5-6,15+,24-30,1
Dropout,Management,Tidak Beasiswa,Lunas,Tidak Menunggak,Laki-laki,7+,11-12,24-30,1
Dropout,Management,Tidak Beasiswa,Belum Lunas,Tidak Menunggak,Laki-laki,0,0,15-20,1
Graduate,Social Service,Tidak Beasiswa,Lunas,Tidak Menunggak,Laki-laki,3-4,11-12,31+,0
Enrolled,Equinculture,Tidak Beasiswa,Lunas,Tidak Menunggak,Laki-laki,3-4,13-14,31+,0
Graduate,Management,Tidak Beasiswa,Lunas,Tidak Menunggak,Laki-laki,3-4,11-12,15-20,0
Dropout,Informatics Engineering,Tidak Beasiswa,Belum Lunas,Menunggak,Laki-laki,1-2,11-12,24-30,1
Dropout,Advertising & Marketing Mgmt,Tidak Beasiswa,Lunas,Tidak Menunggak,Laki-laki,0,0,24-30,1
Dropout,Informatics Engineering,Beasiswa,Lunas,Tidak Menunggak,Laki-laki,1-2,13-14,15-20,1
Dropout,Animation & Multimedia Design,Tidak Beasiswa,Lunas,Tidak Menunggak,Laki-laki,0,0,15-20,1
Dropout,Management (Evening),Tidak Beasiswa,Belum Lunas,Tidak Menunggak,Laki-laki,1-2,11-12,24-30,1
Graduate,Tourism,Tidak Beasiswa,Lunas,Tidak Menunggak,Laki-laki,5-6,11-12,21-23,0
Enrolled,Tourism,Tidak Beasiswa,Lunas,Tidak Menunggak,Laki-laki,1-2,11-12,15-20,0
Graduate,Nursing,Tidak Beasiswa,Lunas,Tidak Menunggak,Laki-laki,7+,11-12,15-20,0
Dropout,Veterinary Nursing,Tidak Beasiswa,Lunas,Tidak Menunggak,Laki-laki,0,0,15-20,1
Enrolled,Communication Design,Tidak Beasiswa,Lunas,Tidak Menunggak,Laki-laki,5-6,11-12,15-20,0
Enrolled,Management,Beasiswa,Lunas,Menunggak,Laki-laki,3-4,13-14,21-23,0
Dropout,Management,Tidak Beasiswa,Lunas,Tidak Menunggak,Laki-laki,0,0,15-20,1
Dropout,Informatics Engineering,Beasiswa,Lunas,Tidak Menunggak,Laki-laki,0,0,24-30,1
Graduate,Advertising & Marketing Mgmt,Tidak Beasiswa,Lunas,Tidak Menunggak,Laki-laki,5-6,13-14,15-20,0
Dropout,Management,Tidak Beasiswa,Lunas,Tidak Menunggak,Laki-laki,3-4,13-14,24-30,1
Graduate,Management,Beasiswa,Lunas,Tidak Menunggak,Laki-laki,3-4,11-12,21-23,0
Graduate,Animation & Multimedia Design,Tidak Beasiswa,Lunas,Tidak Menunggak,Laki-laki,0,0,21-23,0
Dropout,Communication Design,Tidak Beasiswa,Belum Lunas,Menunggak,Laki-laki,5-6,11-12,15-20,1
Dropout,Advertising & Marketing Mgmt,Tidak Beasiswa,Lunas,Tidak Menunggak,Laki-laki,3-4,11-12,21-23,1
Graduate,Veterinary Nursing,Tidak Beasiswa,Lunas,Tidak Menunggak,Laki-laki,5-6,11-12,21-23,0
Dropout,Animation & Multimedia Design,Beasiswa,Lunas,Menunggak,Laki-laki,0,0,21-23,1
Dropout,Management,Tidak Beasiswa,Lunas,Tidak Menunggak,Laki-laki,3-4,11-12,24-30,1
Dropout,Biofuel Production,Tidak Beasiswa,Lunas,Tidak Menunggak,Laki-laki,0,0,31+,1
Dropout,Advertising & Marketing Mgmt,Tidak Beasiswa,Belum Lunas,Menunggak,Laki-laki,0,0,31+,1
Enrolled,Management,Tidak Beasiswa,Lunas,Tidak Menunggak,Laki-laki,1-2,13-14,15-20,0
Dropout,Equinculture,Tidak Beasiswa,Lunas,Tidak Menunggak,Laki-laki,1-2,11-12,15-20,1
Graduate,Animation & Multimedia Design,Tidak Beasiswa,Lunas,Tidak Menunggak,Laki-laki,0,0,15-20,0
Dropout,Management,Tidak Beasiswa,Lunas,Tidak Menunggak,Laki-laki,0,0,21-23,1
Dropout,Advertising & Marketing Mgmt,Tidak Beasiswa,Lunas,Tidak Menunggak,Laki-laki,0,0,15-20,1
Enrolled,Agronomy,Tidak Beasiswa,Lunas,Tidak Menunggak,Laki-laki,0,0,15-20,0
Dropout,Communication Design,Tidak Beasiswa,Belum Lunas,Tidak Menunggak,Laki-laki,0,0,24-30,1
Dropout,Agronomy,Tidak Beasiswa,Lunas,Tidak Menunggak,Laki-laki,0,0,24-30,1
Dropout,Informatics Engineering,Tidak Beasiswa,Lunas,Menunggak,Laki-laki,3-4,11-12,15-20,1
Dropout,Advertising & Marketing Mgmt,Beasiswa,Lunas,Tidak Menunggak,Laki-laki,5-6,13-14,15-20,1
Dropout,Agronomy,Tidak Beasiswa,Lunas,Tidak Menunggak,Laki-laki,5-6,11-12,21-23,1
Dropout,Management (Evening),Tidak Beasiswa,Belum Lunas,Tidak Menunggak,Laki-laki,0,0,24-30,1
Graduate,Advertising & Marketing Mgmt,Tidak Beasiswa,Lunas,Tidak Menunggak,Laki-laki,5-6,13-14,15-20,0
Graduate,Social Service (Evening),Tidak Beasiswa,Lunas,Tidak Menunggak,Laki-laki,7+,15+,31+,0
Graduate,Agronomy,Tidak Beasiswa,Lunas,Menunggak,Laki-laki,7+,15+,21-23,0
Graduate,Nursing,Tidak Beasiswa,Lunas,Tidak Menunggak,Laki-laki,7+,11-12,21-23,0
Dropout,Communication Design,Tidak Beasiswa,Lunas,Tidak Menunggak,Laki-laki,3-4,13-14,21-23,1
Graduate,Animation & Multimedia Design,Tidak Beasiswa,Lunas,Tidak Menunggak,Laki-laki,0,0,15-20,0
Dropout,Social Service,Beasiswa,Lunas,Tidak Menunggak,Laki-laki,3-4,13-14,31+,1
Dropout,Management,Tidak Beasiswa,Lunas,Tidak Menunggak,Laki-laki,7+,11-12,21-23,1
Graduate,Nursing,Tidak Beasiswa,Lunas,Tidak Menunggak,Laki-laki,5-6,13-14,15-20,0
Enrolled,Informatics Engineering,Beasiswa,Lunas,Tidak Menunggak,Laki-laki,3-4,13-14,24-30,0
Enrolled,Tourism,Tidak Beasiswa,Lunas,Tidak Menunggak,Laki-laki,1-2,11-12,21-23,0
Graduate,Informatics Engineering,Tidak Beasiswa,Lunas,Tidak Menunggak,Laki-laki,5-6,15+,15-20,0
Dropout,Informatics Engineering,Tidak Beasiswa,Lunas,Tidak Menunggak,Laki-laki,1-2,11-12,15-20,1
Dropout,Advertising & Marketing Mgmt,Tidak Beasiswa,Lunas,Tidak Menunggak,Laki-laki,5-6,13-14,24-30,1
Enrolled,Informatics Engineering,Beasiswa,Lunas,Tidak Menunggak,Laki-laki,5-6,13-14,24-30,0
Graduate,Advertising & Marketing Mgmt,Beasiswa,Lunas,Tidak Menunggak,Perempuan,5-6,13-14,15-20,0
Enrolled,Veterinary Nursing,Tidak Beasiswa,Lunas,Tidak Menunggak,Perempuan,3-4,15+,24-30,0
Dropout,Basic Education,Tidak Beasiswa,Lunas,Tidak Menunggak,Perempuan,0,0,15-20,1
Graduate,Animation & Multimedia Design,Tidak Beasiswa,Belum Lunas,Tidak Menunggak,Perempuan,0,0,15-20,0
Graduate,Nursing,Beasiswa,Lunas,Tidak Menunggak,Perempuan,7+,13-14,15-20,0
Graduate,Equinculture,Tidak Beasiswa,Lunas,Tidak Menunggak,Perempuan,3-4,13-14,21-23,0
Dropout,Nursing,Tidak Beasiswa,Lunas,Menunggak,Perempuan,0,0,15-20,1
Graduate,Communication Design,Tidak Beasiswa,Lunas,Tidak Menunggak,Perempuan,5-6,13-14,15-20,0
Graduate,Nursing,Tidak Beasiswa,Lunas,Tidak Menunggak,Perempuan,7+,13-14,15-20,0
Graduate,Communication Design,Tidak Beasiswa,Lunas,Tidak Menunggak,Perempuan,7+,15+,15-20,0
Graduate,Journalism & Communication,Tidak Beasiswa,Lunas,Tidak Menunggak,Perempuan,5-6,13-14,15-20,0
Graduate,Nursing,Tidak Beasiswa,Lunas,Tidak Menunggak,Perempuan,5-6,15+,15-20,0
Dropout,Veterinary Nursing,Tidak Beasiswa,Lunas,Tidak Menunggak,Perempuan,0,0,24-30,1
Dropout,Nursing,Tidak Beasiswa,Lunas,Tidak Menunggak,Perempuan,7+,15+,15-20,1
Graduate,Social Service (Evening),Tidak Beasiswa,Lunas,Tidak Menunggak,Perempuan,5-6,11-12,31+,0
Graduate,Nursing,Tidak Beasiswa,Lunas,Tidak Menunggak,Perempuan,7+,13-14,15-20,0
Enrolled,Veterinary Nursing,Tidak Beasiswa,Lunas,Tidak Menunggak,Perempuan,3-4,11-12,15-20,0
Dropout,Management (Evening),Tidak Beasiswa,Lunas,Tidak Menunggak,Perempuan,0,0,15-20,1
Graduate,Management,Tidak Beasiswa,Lunas,Tidak Menunggak,Perempuan,7+,11-12,24-30,0
Dropout,Social Service,Tidak Beasiswa,Belum Lunas,Menunggak,Perempuan,0,0,24-30,1
Graduate,Veterinary Nursing,Beasiswa,Lunas,Tidak Menunggak,Perempuan,5-6,13-14,21-23,0
Graduate,Social Service,Beasiswa,Lunas,Tidak Menunggak,Perempuan,5-6,11-12,15-20,0
Graduate,Social Service,Beasiswa,Lunas,Tidak Menunggak,Perempuan,5-6,13-14,15-20,0
Graduate,Nursing,Beasiswa,Lunas,Tidak Menunggak,Perempuan,5-6,13-14,21-23,0
Graduate,Communication Design,Beasiswa,Lunas,Tidak Menunggak,Perempuan,5-6,13-14,15-20,0
Dropout,Journalism & Communication,Tidak Beasiswa,Belum Lunas,Menunggak,Perempuan,0,0,15-20,1
Enrolled,Basic Education,Tidak Beasiswa,Lunas,Tidak Menunggak,Perempuan,5-6,11-12,21-23,0
Dropout,Journalism & Communication,Beasiswa,Lunas,Tidak Menunggak,Perempuan,5-6,13-14,15-20,1
Dropout,Equinculture,Tidak Beasiswa,Lunas,Tidak Menunggak,Perempuan,0,0,15-20,1
Graduate,Agronomy,Tidak Beasiswa,Lunas,Tidak Menunggak,Perempuan,5-6,13-14,15-20,0
Graduate,Social Service,Beasiswa,Lunas,Tidak Menunggak,Perempuan,5-6,13-14,15-20,0
Dropout,Veterinary Nursing,Beasiswa,Belum Lunas,Menunggak,Perempuan,0,0,24-30,1
Graduate,Social Service,Beasiswa,Lunas,Tidak Menunggak,Perempuan,5-6,15+,15-20,0
Dropout,Veterinary Nursing,Tidak Beasiswa,Lunas,Menunggak,Perempuan,1-2,13-14,24-30,1
Graduate,Agronomy,Tidak Beasiswa,Belum Lunas,Tidak Menunggak,Perempuan,5-6,13-14,15-20,0
Graduate,Communication Design,Tidak Beasiswa,Lunas,Tidak Menunggak,Perempuan,5-6,13-14,15-20,0
Enrolled,Veterinary Nursing,Tidak Beasiswa,Lunas,Tidak Menunggak,Perempuan,1-2,13-14,21-23,0
Enrolled,Oral Hygiene,Tidak Beasiswa,Lunas,Tidak Menunggak,Perempuan,3-4,11-12,24-30,0
Graduate,Nursing,Tidak Beasiswa,Lunas,Tidak Menunggak,Perempuan,7+,13-14,15-20,0
Graduate,Communication Design,Beasiswa,Lunas,Tidak Menunggak,Perempuan,5-6,13-14,15-20,0
Graduate,Basic Education,Tidak Beasiswa,Lunas,Tidak Menunggak,Perempuan,7+,13-14,15-20,0
Enrolled,Nursing,Beasiswa,Lunas,Tidak Menunggak,Perempuan,5-6,13-14,15-20,0
Dropout,Social Service (Evening),Tidak Beasiswa,Lunas,Tidak Menunggak,Perempuan,3-4,13-14,31+,1
Enrolled,Agronomy,Beasiswa,Lunas,Tidak Menunggak,Laki-laki,3-4,11-12,15-20,0
Dropout,Animation & Multimedia Design,Tidak Beasiswa,Lunas,Tidak Menunggak,Laki-laki,0,0,15-20,1
Dropout,Social Service,Tidak Beasiswa,Lunas,Tidak Menunggak,Laki-laki,0,0,15-20,1
Enrolled,Agronomy,Tidak Beasiswa,Lunas,Tidak Menunggak,Laki-laki,5-6,11-12,15-20,0
Dropout,Social Service,Tidak Beasiswa,Belum Lunas,Menunggak,Laki-laki,1-2,13-14,15-20,1
Graduate,Nursing,Tidak Beasiswa,Lunas,Tidak Menunggak,Laki-laki,7+,13-14,15-20,0
Dropout,Equinculture,Tidak Beasiswa,Lunas,Menunggak,Laki-laki,3-4,11-12,15-20,1
Dropout,Informatics Engineering,Tidak Beasiswa,Belum Lunas,Menunggak,Laki-laki,0,0,24-30,1
Dropout,Journalism & Communication,Tidak Beasiswa,Lunas,Tidak Menunggak,Laki-laki,0,0,15-20,1
Dropout,Informatics Engineering,Tidak Beasiswa,Lunas,Tidak Menunggak,Laki-laki,1-2,11-12,15-20,1
Graduate,Informatics Engineering,Tidak Beasiswa,Lunas,Tidak Menunggak,Laki-laki,5-6,13-14,15-20,0
Graduate,Tourism,Tidak Beasiswa,Lunas,Tidak Menunggak,Laki-laki,5-6,11-12,15-20,0
Dropout,Advertising & Marketing Mgmt,Tidak Beasiswa,Lunas,Tidak Menunggak,Laki-laki,0,0,21-23,1
Graduate,Advertising & Marketing Mgmt,Tidak Beasiswa,Lunas,Tidak Menunggak,Laki-laki,5-6,13-14,15-20,0
Dropout,Veterinary Nursing,Tidak Beasiswa,Belum Lunas,Menunggak,Perempuan,0,0,31+,1
Dropout,Basic Education,Beasiswa,Lunas,Tidak Menunggak,Perempuan,0,0,21-23,1
Graduate,Nursing,Beasiswa,Lunas,Tidak Menunggak,Perempuan,7+,13-14,15-20,0
Graduate,Social Service (Evening),Beasiswa,Lunas,Tidak Menunggak,Perempuan,7+,11-12,31+,0
Graduate,Social Service (Evening),Tidak Beasiswa,Lunas,Tidak Menunggak,Perempuan,7+,13-14,24-30,0
Dropout,Management,Tidak Beasiswa,Lunas,Tidak Menunggak,Perempuan,1-2,1-10,15-20,1
Dropout,Management (Evening),Tidak Beasiswa,Lunas,Tidak Menunggak,Perempuan,1-2,1-10,31+,1
Graduate,Communication Design,Tidak Beasiswa,Lunas,Tidak Menunggak,Perempuan,5-6,13-14,15-20,0
Graduate,Social Service (Evening),Tidak Beasiswa,Lunas,Tidak Menunggak,Perempuan,5-6,13-14,31+,0
Dropout,Communication Design,Tidak Beasiswa,Lunas,Tidak Menunggak,Perempuan,7+,13-14,31+,1
Dropout,Social Service (Evening),Tidak Beasiswa,Lunas,Tidak Menunggak,Perempuan,5-6,13-14,31+,1
Enrolled,Nursing,Beasiswa,Lunas,Tidak Menunggak,Perempuan,5-6,13-14,15-20,0
Dropout,Social Service (Evening),Tidak Beasiswa,Belum Lunas,Menunggak,Perempuan,3-4,11-12,31+,1
Graduate,Social Service,Tidak Beasiswa,Lunas,Tidak Menunggak,Perempuan,7+,13-14,24-30,0
Graduate,Social Service (Evening),Tidak Beasiswa,Lunas,Tidak Menunggak,Perempuan,7+,15+,31+,0
Graduate,Social Service,Tidak Beasiswa,Lunas,Tidak Menunggak,Perempuan,7+,11-12,15-20,0
Enrolled,Nursing,Tidak Beasiswa,Lunas,Tidak Menunggak,Perempuan,7+,13-14,15-20,0
Dropout,Social Service,Tidak Beasiswa,Lunas,Tidak Menunggak,Laki-laki,3-4,11-12,15-20,1
Graduate,Agronomy,Beasiswa,Lunas,Tidak Menunggak,Laki-laki,7+,13-14,21-23,0
Dropout,Social Service,Tidak Beasiswa,Lunas,Tidak Menunggak,Laki-laki,0,0,21-23,1
Dropout,Tourism,Tidak Beasiswa,Belum Lunas,Tidak Menunggak,Laki-laki,0,0,24-30,1
Enrolled,Agronomy,Tidak Beasiswa,Lunas,Tidak Menunggak,Laki-laki,1-2,11-12,21-23,0
Dropout,Agronomy,Tidak Beasiswa,Lunas,Tidak Menunggak,Laki-laki,0,0,24-30,1
Graduate,Journalism & Communication,Tidak Beasiswa,Lunas,Tidak Menunggak,Laki-laki,5-6,15+,15-20,0
Dropout,Equinculture,Tidak Beasiswa,Lunas,Tidak Menunggak,Laki-laki,1-2,13-14,24-30,1
Enrolled,Informatics Engineering,Tidak Beasiswa,Lunas,Tidak Menunggak,Laki-laki,1-2,15+,15-20,0
Dropout,Animation & Multimedia Design,Tidak Beasiswa,Lunas,Tidak Menunggak,Laki-laki,0,0,24-30,1
Dropout,Tourism,Tidak Beasiswa,Lunas,Tidak Menunggak,Laki-laki,3-4,15+,24-30,1
Graduate,Agronomy,Beasiswa,Lunas,Tidak Menunggak,Laki-laki,5-6,13-14,15-20,0
Dropout,Informatics Engineering,Tidak Beasiswa,Lunas,Tidak Menunggak,Laki-laki,1-2,13-14,15-20,1
Dropout,Veterinary Nursing,Beasiswa,Lunas,Tidak Menunggak,Laki-laki,3-4,15+,15-20,1
Graduate,Nursing,Tidak Beasiswa,Lunas,Tidak Menunggak,Laki-laki,7+,13-14,15-20,0
Enrolled,Advertising & Marketing Mgmt,Tidak Beasiswa,Lunas,Tidak Menunggak,Laki-laki,5-6,13-14,15-20,0
Enrolled,Communication Design,Tidak Beasiswa,Lunas,Tidak Menunggak,Laki-laki,7+,11-12,31+,0
Dropout,Social Service,Tidak Beasiswa,Lunas,Tidak Menunggak,Laki-laki,0,0,15-20,1
Graduate,Journalism & Communication,Beasiswa,Lunas,Tidak Menunggak,Laki-laki,5-6,13-14,15-20,0
Dropout,Agronomy,Tidak Beasiswa,Lunas,Tidak Menunggak,Laki-laki,5-6,11-12,24-30,1
Dropout,Journalism & Communication,Tidak Beasiswa,Belum Lunas,Tidak Menunggak,Laki-laki,3-4,11-12,21-23,1
Dropout,Management,Tidak Beasiswa,Belum Lunas,Tidak Menunggak,Laki-laki,3-4,11-12,15-20,1
Dropout,Management,Tidak Beasiswa,Lunas,Tidak Menunggak,Laki-laki,1-2,1-10,21-23,1
Dropout,Animation & Multimedia Design,Tidak Beasiswa,Belum Lunas,Tidak Menunggak,Laki-laki,0,0,21-23,1
Enrolled,Tourism,Beasiswa,Lunas,Tidak Menunggak,Laki-laki,3-4,11-12,15-20,0
Enrolled,Social Service,Tidak Beasiswa,Lunas,Tidak Menunggak,Laki-laki,3-4,11-12,15-20,0
Dropout,Agronomy,Tidak Beasiswa,Lunas,Tidak Menunggak,Laki-laki,0,0,31+,1
Dropout,Management,Tidak Beasiswa,Lunas,Tidak Menunggak,Laki-laki,1-2,11-12,15-20,1
Graduate,Equinculture,Tidak Beasiswa,Lunas,Tidak Menunggak,Laki-laki,5-6,13-14,21-23,0
Dropout,Veterinary Nursing,Tidak Beasiswa,Belum Lunas,Menunggak,Laki-laki,0,0,24-30,1
Dropout,Journalism & Communication,Tidak Beasiswa,Belum Lunas,Tidak Menunggak,Laki-laki,0,0,24-30,1
Dropout,Journalism & Communication,Tidak Beasiswa,Belum Lunas,Tidak Menunggak,Laki-laki,0,0,15-20,1
Dropout,Agronomy,Tidak Beasiswa,Belum Lunas,Menunggak,Laki-laki,5-6,11-12,24-30,1
Graduate,Journalism & Communication,Tidak Beasiswa,Lunas,Tidak Menunggak,Laki-laki,5-6,13-14,15-20,0
Dropout,Management (Evening),Tidak Beasiswa,Belum Lunas,Tidak Menunggak,Laki-laki,0,0,31+,1
Dropout,Journalism & Communication,Tidak Beasiswa,Belum Lunas,Tidak Menunggak,Laki-laki,5-6,13-14,31+,1
Dropout,Agronomy,Tidak Beasiswa,Lunas,Tidak Menunggak,Laki-laki,1-2,11-12,31+,1
Dropout,Agronomy,Tidak Beasiswa,Lunas,Menunggak,Laki-laki,7+,11-12,31+,1
Dropout,Social Service,Tidak Beasiswa,Belum Lunas,Tidak Menunggak,Laki-laki,0,0,31+,1
Graduate,Journalism & Communication,Tidak Beasiswa,Lunas,Tidak Menunggak,Laki-laki,5-6,15+,15-20,0
Graduate,Tourism,Tidak Beasiswa,Lunas,Tidak Menunggak,Laki-laki,5-6,13-14,31+,0
Graduate,Management (Evening),Beasiswa,Lunas,Menunggak,Laki-laki,5-6,15+,31+,0
Dropout,Advertising & Marketing Mgmt,Tidak Beasiswa,Lunas,Tidak Menunggak,Laki-laki,0,0,21-23,1
Dropout,Management (Evening),Beasiswa,Lunas,Tidak Menunggak,Laki-laki,1-2,11-12,31+,1
Dropout,Agronomy,Tidak Beasiswa,Lunas,Tidak Menunggak,Laki-laki,3-4,11-12,24-30,1
Dropout,Journalism & Communication,Beasiswa,Lunas,Tidak Menunggak,Laki-laki,0,0,15-20,1
Graduate,Journalism & Communication,Beasiswa,Lunas,Tidak Menunggak,Laki-laki,5-6,13-14,15-20,0
Graduate,Social Service,Tidak Beasiswa,Lunas,Tidak Menunggak,Laki-laki,5-6,11-12,15-20,0
Dropout,Veterinary Nursing,Tidak Beasiswa,Belum Lunas,Menunggak,Laki-laki,1-2,11-12,31+,1
Dropout,Journalism & Communication,Tidak Beasiswa,Lunas,Tidak Menunggak,Laki-laki,0,0,15-20,1
Dropout,Nursing,Tidak Beasiswa,Lunas,Tidak Menunggak,Laki-laki,0,0,15-20,1
Graduate,Nursing,Tidak Beasiswa,Lunas,Tidak Menunggak,Laki-laki,7+,15+,21-23,0
Graduate,Agronomy,Tidak Beasiswa,Lunas,Tidak Menunggak,Laki-laki,3-4,13-14,15-20,0
Dropout,Veterinary Nursing,Tidak Beasiswa,Belum Lunas,Menunggak,Laki-laki,3-4,11-12,31+,1
Graduate,Advertising & Marketing Mgmt,Tidak Beasiswa,Lunas,Tidak Menunggak,Laki-laki,5-6,15+,21-23,0
Graduate,Management,Beasiswa,Lunas,Tidak Menunggak,Laki-laki,5-6,11-12,15-20,0
Graduate,Nursing,Tidak Beasiswa,Lunas,Tidak Menunggak,Laki-laki,5-6,13-14,21-23,0
Dropout,Communication Design,Tidak Beasiswa,Belum Lunas,Tidak Menunggak,Laki-laki,0,0,15-20,1
Dropout,Equinculture,Tidak Beasiswa,Belum Lunas,Menunggak,Laki-laki,0,0,31+,1
Dropout,Nursing,Tidak Beasiswa,Lunas,Tidak Menunggak,Laki-laki,0,0,24-30,1
Dropout,Nursing,Tidak Beasiswa,Lunas,Tidak Menunggak,Perempuan,7+,13-14,15-20,1
Graduate,Nursing,Beasiswa,Lunas,Tidak Menunggak,Perempuan,7+,15+,15-20,0
Graduate,Nursing,Beasiswa,Lunas,Tidak Menunggak,Perempuan,5-6,13-14,15-20,0
Graduate,Management (Evening),Tidak Beasiswa,Lunas,Tidak Menunggak,Perempuan,5-6,11-12,31+,0
Graduate,Journalism & Communication,Tidak Beasiswa,Lunas,Tidak Menunggak,Perempuan,5-6,15+,21-23,0
Graduate,Tourism,Beasiswa,Lunas,Tidak Menunggak,Perempuan,5-6,15+,15-20,0
Dropout,Advertising & Marketing Mgmt,Tidak Beasiswa,Belum Lunas,Menunggak,Perempuan,3-4,11-12,15-20,1
Graduate,Social Service,Beasiswa,Lunas,Tidak Menunggak,Perempuan,3-4,11-12,15-20,0
Graduate,Nursing,Tidak Beasiswa,Lunas,Tidak Menunggak,Perempuan,7+,15+,24-30,0
Graduate,Social Service,Beasiswa,Lunas,Menunggak,Perempuan,5-6,11-12,15-20,0
Enrolled,Tourism,Beasiswa,Lunas,Tidak Menunggak,Perempuan,5-6,15+,15-20,0
Enrolled,Social Service,Beasiswa,Lunas,Tidak Menunggak,Perempuan,3-4,11-12,15-20,0
Graduate,Veterinary Nursing,Tidak Beasiswa,Lunas,Tidak Menunggak,Perempuan,5-6,13-14,15-20,0
Graduate,Oral Hygiene,Beasiswa,Lunas,Tidak Menunggak,Perempuan,7+,15+,21-23,0
Enrolled,Basic Education,Tidak Beasiswa,Lunas,Menunggak,Perempuan,5-6,13-14,21-23,0
Enrolled,Advertising & Marketing Mgmt,Tidak Beasiswa,Lunas,Tidak Menunggak,Perempuan,5-6,13-14,15-20,0
Graduate,Management,Beasiswa,Lunas,Tidak Menunggak,Perempuan,3-4,13-14,15-20,0
Dropout,Veterinary Nursing,Tidak Beasiswa,Belum Lunas,Tidak Menunggak,Perempuan,1-2,11-12,31+,1
Enrolled,Nursing,Tidak Beasiswa,Lunas,Tidak Menunggak,Perempuan,5-6,13-14,21-23,0
Graduate,Nursing,Beasiswa,Lunas,Tidak Menunggak,Laki-laki,5-6,13-14,15-20,0
Enrolled,Communication Design,Tidak Beasiswa,Lunas,Tidak Menunggak,Laki-laki,0,0,21-23,0
Graduate,Nursing,Beasiswa,Lunas,Tidak Menunggak,Laki-laki,7+,13-14,15-20,0
Graduate,Tourism,Tidak Beasiswa,Lunas,Tidak Menunggak,Perempuan,5-6,13-14,31+,0
Enrolled,Management,Tidak Beasiswa,Lunas,Tidak Menunggak,Perempuan,5-6,11-12,31+,0
Graduate,Nursing,Beasiswa,Lunas,Tidak Menunggak,Perempuan,5-6,13-14,21-23,0
Enrolled,Tourism,Beasiswa,Lunas,Tidak Menunggak,Perempuan,3-4,11-12,15-20,0
Enrolled,Management,Tidak Beasiswa,Lunas,Tidak Menunggak,Perempuan,3-4,11-12,31+,0
Dropout,Management,Tidak Beasiswa,Belum Lunas,Tidak Menunggak,Perempuan,3-4,11-12,31+,1
Dropout,Nursing,Tidak Beasiswa,Belum Lunas,Tidak Menunggak,Perempuan,0,0,15-20,1
Graduate,Tourism,Beasiswa,Lunas,Tidak Menunggak,Perempuan,3-4,11-12,31+,0
Graduate,Nursing,Beasiswa,Lunas,Tidak Menunggak,Perempuan,7+,13-14,21-23,0
Enrolled,Social Service,Tidak Beasiswa,Lunas,Tidak Menunggak,Perempuan,3-4,13-14,21-23,0
Graduate,Social Service,Beasiswa,Lunas,Menunggak,Perempuan,5-6,15+,31+,0
Dropout,Informatics Engineering,Tidak Beasiswa,Lunas,Tidak Menunggak,Perempuan,0,0,31+,1
Enrolled,Journalism & Communication,Tidak Beasiswa,Lunas,Tidak Menunggak,Perempuan,5-6,11-12,15-20,0
Graduate,Social Service (Evening),Tidak Beasiswa,Lunas,Tidak Menunggak,Perempuan,5-6,15+,31+,0
Graduate,Tourism,Tidak Beasiswa,Lunas,Tidak Menunggak,Perempuan,5-6,11-12,15-20,0
Graduate,Advertising & Marketing Mgmt,Tidak Beasiswa,Lunas,Menunggak,Perempuan,3-4,13-14,15-20,0
Dropout,Management (Evening),Tidak Beasiswa,Lunas,Menunggak,Perempuan,7+,13-14,31+,1
Graduate,Management,Tidak Beasiswa,Lunas,Tidak Menunggak,Perempuan,5-6,13-14,15-20,0
Graduate,Social Service (Evening),Beasiswa,Lunas,Tidak Menunggak,Perempuan,5-6,13-14,24-30,0
Graduate,Basic Education,Tidak Beasiswa,Lunas,Tidak Menunggak,Perempuan,5-6,13-14,15-20,0
Enrolled,Advertising & Marketing Mgmt,Tidak Beasiswa,Lunas,Tidak Menunggak,Perempuan,3-4,13-14,15-20,0
Graduate,Nursing,Tidak Beasiswa,Lunas,Tidak Menunggak,Perempuan,7+,13-14,21-23,0
Graduate,Social Service,Beasiswa,Lunas,Tidak Menunggak,Perempuan,3-4,11-12,15-20,0
Graduate,Nursing,Beasiswa,Lunas,Tidak Menunggak,Perempuan,7+,13-14,15-20,0
Graduate,Social Service,Beasiswa,Lunas,Tidak Menunggak,Perempuan,5-6,13-14,15-20,0
Graduate,Social Service (Evening),Beasiswa,Lunas,Tidak Menunggak,Perempuan,7+,13-14,31+,0
Enrolled,Animation & Multimedia Design,Tidak Beasiswa,Lunas,Menunggak,Laki-laki,7+,11-12,21-23,0
Enrolled,Management,Tidak Beasiswa,Lunas,Tidak Menunggak,Laki-laki,0,0,21-23,0
Graduate,Nursing,Tidak Beasiswa,Lunas,Tidak Menunggak,Perempuan,7+,15+,15-20,0
Dropout,Journalism & Communication,Tidak Beasiswa,Belum Lunas,Menunggak,Perempuan,5-6,11-12,15-20,1
Graduate,Animation & Multimedia Design,Beasiswa,Lunas,Tidak Menunggak,Perempuan,0,0,15-20,0
Enrolled,Agronomy,Tidak Beasiswa,Lunas,Tidak Menunggak,Perempuan,3-4,11-12,24-30,0
Graduate,Journalism & Communication,Beasiswa,Lunas,Tidak Menunggak,Perempuan,5-6,15+,15-20,0
Graduate,Equinculture,Tidak Beasiswa,Lunas,Tidak Menunggak,Perempuan,5-6,13-14,15-20,0
Graduate,Management (Evening),Tidak Beasiswa,Lunas,Tidak Menunggak,Perempuan,7+,13-14,24-30,0
Enrolled,Management,Tidak Beasiswa,Lunas,Menunggak,Perempuan,1-2,1-10,15-20,0
Dropout,Advertising & Marketing Mgmt,Beasiswa,Lunas,Tidak Menunggak,Perempuan,0,0,15-20,1
Enrolled,Tourism,Tidak Beasiswa,Lunas,Tidak Menunggak,Perempuan,3-4,13-14,15-20,0
Dropout,Equinculture,Tidak Beasiswa,Lunas,Menunggak,Perempuan,3-4,11-12,15-20,1
Enrolled,Tourism,Tidak Beasiswa,Lunas,Tidak Menunggak,Perempuan,1-2,13-14,21-23,0
Graduate,Nursing,Tidak Beasiswa,Lunas,Tidak Menunggak,Perempuan,7+,15+,15-20,0
Graduate,Nursing,Tidak Beasiswa,Lunas,Tidak Menunggak,Perempuan,7+,15+,15-20,0
Enrolled,Management,Tidak Beasiswa,Lunas,Tidak Menunggak,Perempuan,3-4,13-14,31+,0
Dropout,Basic Education,Tidak Beasiswa,Lunas,Tidak Menunggak,Perempuan,0,0,24-30,1
Graduate,Social Service,Tidak Beasiswa,Lunas,Tidak Menunggak,Perempuan,3-4,11-12,15-20,0
Dropout,Management,Tidak Beasiswa,Belum Lunas,Menunggak,Perempuan,0,0,24-30,1
Dropout,Agronomy,Tidak Beasiswa,Belum Lunas,Menunggak,Perempuan,0,0,24-30,1
Graduate,Journalism & Communication,Beasiswa,Lunas,Tidak Menunggak,Perempuan,5-6,15+,15-20,0
Graduate,Animation & Multimedia Design,Beasiswa,Lunas,Tidak Menunggak,Perempuan,0,0,15-20,0
Dropout,Oral Hygiene,Tidak Beasiswa,Lunas,Tidak Menunggak,Perempuan,0,0,21-23,1
Graduate,Advertising & Marketing Mgmt,Beasiswa,Lunas,Tidak Menunggak,Perempuan,5-6,13-14,31+,0
Graduate,Management,Beasiswa,Lunas,Tidak Menunggak,Perempuan,5-6,15+,15-20,0
Dropout,Veterinary Nursing,Beasiswa,Lunas,Tidak Menunggak,Perempuan,3-4,15+,21-23,1
Dropout,Management,Tidak Beasiswa,Lunas,Tidak Menunggak,Perempuan,0,0,24-30,1
Graduate,Nursing,Beasiswa,Lunas,Tidak Menunggak,Perempuan,7+,15+,15-20,0
Graduate,Veterinary Nursing,Tidak Beasiswa,Lunas,Tidak Menunggak,Perempuan,5-6,13-14,15-20,0
Dropout,Journalism & Communication,Tidak Beasiswa,Lunas,Tidak Menunggak,Perempuan,1-2,1-10,21-23,1
Dropout,Nursing,Tidak Beasiswa,Lunas,Tidak Menunggak,Perempuan,0,0,24-30,1
Graduate,Management,Tidak Beasiswa,Lunas,Tidak Menunggak,Perempuan,5-6,13-14,15-20,0
Graduate,Veterinary Nursing,Tidak Beasiswa,Lunas,Tidak Menunggak,Perempuan,3-4,13-14,15-20,0
Graduate,Nursing,Tidak Beasiswa,Lunas,Tidak Menunggak,Perempuan,7+,15+,15-20,0
Graduate,Veterinary Nursing,Beasiswa,Lunas,Tidak Menunggak,Perempuan,5-6,15+,15-20,0
Dropout,Veterinary Nursing,Tidak Beasiswa,Belum Lunas,Tidak Menunggak,Perempuan,0,0,31+,1
Graduate,Nursing,Tidak Beasiswa,Lunas,Tidak Menunggak,Perempuan,7+,15+,21-23,0
Graduate,Nursing,Tidak Beasiswa,Lunas,Tidak Menunggak,Perempuan,5-6,13-14,15-20,0
Graduate,Animation & Multimedia Design,Tidak Beasiswa,Lunas,Menunggak,Perempuan,7+,13-14,15-20,0
Dropout,Social Service,Tidak Beasiswa,Belum Lunas,Menunggak,Perempuan,1-2,11-12,15-20,1
Graduate,Nursing,Beasiswa,Lunas,Tidak Menunggak,Perempuan,7+,13-14,15-20,0
Dropout,Agronomy,Tidak Beasiswa,Lunas,Tidak Menunggak,Perempuan,3-4,11-12,21-23,1
Enrolled,Nursing,Beasiswa,Lunas,Tidak Menunggak,Perempuan,0,0,15-20,0
Graduate,Veterinary Nursing,Tidak Beasiswa,Lunas,Tidak Menunggak,Perempuan,3-4,13-14,21-23,0
Graduate,Management (Evening),Tidak Beasiswa,Lunas,Tidak Menunggak,Perempuan,5-6,11-12,24-30,0
Graduate,Communication Design,Tidak Beasiswa,Lunas,Tidak Menunggak,Perempuan,5-6,13-14,15-20,0
Graduate,Nursing,Tidak Beasiswa,Lunas,Tidak Menunggak,Perempuan,7+,13-14,15-20,0
Graduate,Management (Evening),Tidak Beasiswa,Lunas,Tidak Menunggak,Perempuan,5-6,11-12,31+,0
Graduate,Nursing,Beasiswa,Lunas,Menunggak,Perempuan,7+,11-12,15-20,0
Graduate,Veterinary Nursing,Tidak Beasiswa,Lunas,Tidak Menunggak,Perempuan,5-6,13-14,15-20,0
Graduate,Nursing,Tidak Beasiswa,Lunas,Tidak Menunggak,Perempuan,7+,15+,21-23,0
Graduate,Nursing,Tidak Beasiswa,Lunas,Tidak Menunggak,Perempuan,7+,13-14,15-20,0
Graduate,Nursing,Beasiswa,Lunas,Tidak Menunggak,Perempuan,5-6,13-14,15-20,0
Graduate,Basic Education,Beasiswa,Lunas,Tidak Menunggak,Perempuan,7+,15+,15-20,0
Enrolled,Journalism & Communication,Tidak Beasiswa,Lunas,Tidak Menunggak,Perempuan,5-6,13-14,31+,0
Graduate,Social Service,Beasiswa,Lunas,Tidak Menunggak,Perempuan,5-6,13-14,15-20,0
Graduate,Veterinary Nursing,Tidak Beasiswa,Lunas,Tidak Menunggak,Perempuan,5-6,15+,15-20,0
Graduate,Nursing,Tidak Beasiswa,Lunas,Tidak Menunggak,Perempuan,7+,13-14,15-20,0
Graduate,Social Service,Beasiswa,Lunas,Tidak Menunggak,Perempuan,5-6,13-14,15-20,0
Dropout,Agronomy,Tidak Beasiswa,Belum Lunas,Menunggak,Perempuan,0,0,24-30,1
Graduate,Communication Design,Tidak Beasiswa,Lunas,Tidak Menunggak,Perempuan,5-6,13-14,15-20,0
Graduate,Journalism & Communication,Tidak Beasiswa,Lunas,Tidak Menunggak,Perempuan,5-6,13-14,15-20,0
Graduate,Nursing,Tidak Beasiswa,Lunas,Tidak Menunggak,Perempuan,5-6,15+,15-20,0
Graduate,Veterinary Nursing,Beasiswa,Lunas,Tidak Menunggak,Perempuan,3-4,11-12,15-20,0
Graduate,Social Service,Tidak Beasiswa,Lunas,Menunggak,Perempuan,7+,13-14,24-30,0
Graduate,Basic Education,Tidak Beasiswa,Lunas,Tidak Menunggak,Perempuan,7+,15+,21-23,0
Dropout,Basic Education,Tidak Beasiswa,Lunas,Tidak Menunggak,Perempuan,1-2,11-12,15-20,1
Graduate,Social Service,Beasiswa,Lunas,Tidak Menunggak,Perempuan,5-6,13-14,15-20,0
Graduate,Journalism & Communication,Beasiswa,Belum Lunas,Menunggak,Perempuan,5-6,11-12,15-20,0
Graduate,Animation & Multimedia Design,Tidak Beasiswa,Lunas,Tidak Menunggak,Perempuan,7+,13-14,15-20,0
Dropout,Management (Evening),Tidak Beasiswa,Lunas,Tidak Menunggak,Perempuan,0,0,24-30,1
Dropout,Basic Education,Tidak Beasiswa,Lunas,Tidak Menunggak,Perempuan,1-2,11-12,15-20,1
Graduate,Oral Hygiene,Beasiswa,Lunas,Tidak Menunggak,Perempuan,7+,13-14,31+,0
Dropout,Nursing,Tidak Beasiswa,Belum Lunas,Tidak Menunggak,Perempuan,3-4,15+,31+,1
Dropout,Nursing,Tidak Beasiswa,Lunas,Tidak Menunggak,Perempuan,7+,15+,15-20,1
Dropout,Informatics Engineering,Tidak Beasiswa,Belum Lunas,Tidak Menunggak,Laki-laki,0,0,31+,1
Dropout,Informatics Engineering,Tidak Beasiswa,Lunas,Tidak Menunggak,Laki-laki,0,0,21-23,1
Graduate,Tourism,Tidak Beasiswa,Lunas,Tidak Menunggak,Laki-laki,5-6,13-14,31+,0
Graduate,Nursing,Beasiswa,Lunas,Tidak Menunggak,Laki-laki,5-6,13-14,15-20,0
Graduate,Communication Design,Beasiswa,Lunas,Tidak Menunggak,Laki-laki,5-6,13-14,21-23,0
Dropout,Veterinary Nursing,Tidak Beasiswa,Lunas,Tidak Menunggak,Laki-laki,0,0,31+,1
Graduate,Agronomy,Beasiswa,Lunas,Tidak Menunggak,Laki-laki,5-6,13-14,21-23,0
Dropout,Agronomy,Tidak Beasiswa,Lunas,Tidak Menunggak,Laki-laki,0,0,31+,1
Dropout,Basic Education,Tidak Beasiswa,Belum Lunas,Tidak Menunggak,Laki-laki,0,0,15-20,1
Dropout,Tourism,Tidak Beasiswa,Lunas,Tidak Menunggak,Laki-laki,0,0,15-20,1
Dropout,Oral Hygiene,Tidak Beasiswa,Lunas,Tidak Menunggak,Laki-laki,0,0,31+,1
Enrolled,Management,Tidak Beasiswa,Lunas,Tidak Menunggak,Perempuan,3-4,11-12,15-20,0
Dropout,Advertising & Marketing Mgmt,Tidak Beasiswa,Lunas,Tidak Menunggak,Perempuan,0,0,24-30,1
Graduate,Nursing,Beasiswa,Lunas,Tidak Menunggak,Perempuan,7+,15+,15-20,0
Graduate,Nursing,Beasiswa,Lunas,Tidak Menunggak,Perempuan,7+,15+,15-20,0
Dropout,Management (Evening),Tidak Beasiswa,Lunas,Tidak Menunggak,Perempuan,3-4,11-12,31+,1
Dropout,Tourism,Tidak Beasiswa,Lunas,Tidak Menunggak,Perempuan,3-4,11-12,15-20,1
Dropout,Social Service (Evening),Beasiswa,Lunas,Tidak Menunggak,Perempuan,0,0,31+,1
Graduate,Tourism,Beasiswa,Lunas,Tidak Menunggak,Perempuan,5-6,13-14,15-20,0
Graduate,Nursing,Beasiswa,Lunas,Tidak Menunggak,Perempuan,7+,13-14,15-20,0
Dropout,Advertising & Marketing Mgmt,Tidak Beasiswa,Lunas,Tidak Menunggak,Perempuan,0,0,21-23,1
Graduate,Social Service (Evening),Tidak Beasiswa,Lunas,Tidak Menunggak,Perempuan,7+,13-14,24-30,0
Graduate,Management,Beasiswa,Lunas,Tidak Menunggak,Perempuan,5-6,11-12,15-20,0
Dropout,Nursing,Tidak Beasiswa,Lunas,Tidak Menunggak,Perempuan,5-6,13-14,24-30,1
Enrolled,Oral Hygiene,Tidak Beasiswa,Lunas,Tidak Menunggak,Perempuan,1-2,11-12,15-20,0
Enrolled,Management (Evening),Beasiswa,Lunas,Tidak Menunggak,Perempuan,5-6,11-12,31+,0
Graduate,Agronomy,Tidak Beasiswa,Lunas,Tidak Menunggak,Perempuan,7+,13-14,31+,0
Dropout,Nursing,Tidak Beasiswa,Lunas,Tidak Menunggak,Perempuan,5-6,13-14,15-20,1
Graduate,Communication Design,Tidak Beasiswa,Lunas,Menunggak,Perempuan,5-6,13-14,15-20,0
Dropout,Nursing,Tidak Beasiswa,Lunas,Tidak Menunggak,Perempuan,0,0,31+,1
Graduate,Equinculture,Tidak Beasiswa,Lunas,Tidak Menunggak,Perempuan,5-6,13-14,15-20,0
Enrolled,Animation & Multimedia Design,Beasiswa,Lunas,Tidak Menunggak,Laki-laki,7+,13-14,15-20,0
Graduate,Nursing,Tidak Beasiswa,Lunas,Tidak Menunggak,Laki-laki,7+,13-14,15-20,0
Dropout,Animation & Multimedia Design,Tidak Beasiswa,Lunas,Tidak Menunggak,Laki-laki,0,0,15-20,1
Dropout,Social Service (Evening),Tidak Beasiswa,Lunas,Tidak Menunggak,Laki-laki,0,0,31+,1
Dropout,Equinculture,Tidak Beasiswa,Lunas,Tidak Menunggak,Laki-laki,0,0,31+,1
Graduate,Advertising & Marketing Mgmt,Beasiswa,Lunas,Tidak Menunggak,Perempuan,5-6,15+,24-30,0
Enrolled,Social Service,Beasiswa,Lunas,Tidak Menunggak,Perempuan,5-6,11-12,21-23,0
Graduate,Veterinary Nursing,Beasiswa,Lunas,Tidak Menunggak,Perempuan,5-6,15+,15-20,0
Graduate,Basic Education,Tidak Beasiswa,Lunas,Tidak Menunggak,Perempuan,7+,11-12,15-20,0
Graduate,Veterinary Nursing,Tidak Beasiswa,Lunas,Tidak Menunggak,Perempuan,5-6,13-14,15-20,0
Graduate,Social Service,Tidak Beasiswa,Lunas,Tidak Menunggak,Perempuan,5-6,13-14,15-20,0
Graduate,Journalism & Communication,Tidak Beasiswa,Lunas,Tidak Menunggak,Perempuan,5-6,11-12,15-20,0
Enrolled,Nursing,Tidak Beasiswa,Lunas,Tidak Menunggak,Perempuan,7+,13-14,15-20,0
Graduate,Social Service,Beasiswa,Lunas,Menunggak,Perempuan,5-6,13-14,15-20,0
Dropout,Nursing,Tidak Beasiswa,Lunas,Tidak Menunggak,Perempuan,0,0,15-20,1
Graduate,Tourism,Beasiswa,Lunas,Tidak Menunggak,Perempuan,3-4,13-14,15-20,0
Graduate,Nursing,Tidak Beasiswa,Lunas,Tidak Menunggak,Perempuan,7+,13-14,15-20,0
Graduate,Nursing,Beasiswa,Lunas,Tidak Menunggak,Perempuan,7+,13-14,15-20,0
Graduate,Oral Hygiene,Beasiswa,Lunas,Tidak Menunggak,Perempuan,7+,13-14,21-23,0
Dropout,Equinculture,Tidak Beasiswa,Lunas,Tidak Menunggak,Perempuan,0,0,15-20,1
Graduate,Tourism,Beasiswa,Lunas,Tidak Menunggak,Perempuan,5-6,13-14,15-20,0
Dropout,Tourism,Beasiswa,Belum Lunas,Tidak Menunggak,Perempuan,3-4,11-12,15-20,1
Enrolled,Communication Design,Tidak Beasiswa,Lunas,Tidak Menunggak,Perempuan,5-6,13-14,15-20,0
Graduate,Journalism & Communication,Beasiswa,Lunas,Tidak Menunggak,Perempuan,5-6,15+,15-20,0
Dropout,Veterinary Nursing,Tidak Beasiswa,Lunas,Tidak Menunggak,Perempuan,3-4,11-12,24-30,1
Graduate,Veterinary Nursing,Tidak Beasiswa,Lunas,Tidak Menunggak,Perempuan,3-4,13-14,15-20,0
Enrolled,Agronomy,Tidak Beasiswa,Lunas,Tidak Menunggak,Perempuan,3-4,13-14,21-23,0
Graduate,Veterinary Nursing,Tidak Beasiswa,Lunas,Tidak Menunggak,Perempuan,5-6,13-14,15-20,0
Dropout,Journalism & Communication,Tidak Beasiswa,Belum Lunas,Tidak Menunggak,Perempuan,0,0,15-20,1
Graduate,Equinculture,Tidak Beasiswa,Lunas,Tidak Menunggak,Perempuan,5-6,15+,15-20,0
Graduate,Equinculture,Tidak Beasiswa,Lunas,Tidak Menunggak,Perempuan,5-6,13-14,21-23,0
Graduate,Veterinary Nursing,Tidak Beasiswa,Lunas,Tidak Menunggak,Perempuan,7+,15+,15-20,0
Graduate,Management (Evening),Beasiswa,Lunas,Tidak Menunggak,Perempuan,5-6,13-14,24-30,0
Enrolled,Animation & Multimedia Design,Tidak Beasiswa,Lunas,Menunggak,Perempuan,7+,11-12,21-23,0
Enrolled,Social Service (Evening),Tidak Beasiswa,Lunas,Tidak Menunggak,Perempuan,5-6,13-14,15-20,0
Graduate,Oral Hygiene,Beasiswa,Lunas,Tidak Menunggak,Perempuan,7+,11-12,15-20,0
Dropout,Social Service (Evening),Tidak Beasiswa,Belum Lunas,Tidak Menunggak,Perempuan,0,0,31+,1
Graduate,Advertising & Marketing Mgmt,Beasiswa,Lunas,Tidak Menunggak,Perempuan,5-6,13-14,15-20,0
Graduate,Social Service,Tidak Beasiswa,Lunas,Tidak Menunggak,Perempuan,5-6,11-12,15-20,0
Graduate,Nursing,Tidak Beasiswa,Lunas,Tidak Menunggak,Perempuan,7+,15+,15-20,0
Dropout,Tourism,Tidak Beasiswa,Lunas,Tidak Menunggak,Perempuan,3-4,1-10,15-20,1
Enrolled,Social Service,Tidak Beasiswa,Lunas,Tidak Menunggak,Perempuan,5-6,13-14,31+,0
Graduate,Social Service,Beasiswa,Lunas,Tidak Menunggak,Perempuan,5-6,13-14,15-20,0
Graduate,Nursing,Beasiswa,Lunas,Tidak Menunggak,Perempuan,7+,13-14,15-20,0
Dropout,Veterinary Nursing,Tidak Beasiswa,Lunas,Tidak Menunggak,Perempuan,0,0,21-23,1
Graduate,Nursing,Beasiswa,Lunas,Tidak Menunggak,Perempuan,7+,13-14,15-20,0
Dropout,Communication Design,Tidak Beasiswa,Lunas,Tidak Menunggak,Perempuan,0,0,15-20,1
Graduate,Management (Evening),Tidak Beasiswa,Lunas,Tidak Menunggak,Perempuan,5-6,15+,31+,0
Enrolled,Advertising & Marketing Mgmt,Beasiswa,Lunas,Tidak Menunggak,Perempuan,5-6,13-14,15-20,0
Dropout,Animation & Multimedia Design,Beasiswa,Belum Lunas,Tidak Menunggak,Perempuan,0,0,15-20,1
Enrolled,Veterinary Nursing,Tidak Beasiswa,Lunas,Menunggak,Perempuan,3-4,11-12,21-23,0
Enrolled,Tourism,Tidak Beasiswa,Lunas,Tidak Menunggak,Perempuan,3-4,11-12,15-20,0
Graduate,Management (Evening),Tidak Beasiswa,Lunas,Tidak Menunggak,Perempuan,5-6,13-14,24-30,0
Dropout,Management,Tidak Beasiswa,Belum Lunas,Tidak Menunggak,Perempuan,0,0,24-30,1
Dropout,Equinculture,Tidak Beasiswa,Belum Lunas,Menunggak,Perempuan,3-4,15+,31+,1
Graduate,Social Service (Evening),Beasiswa,Lunas,Tidak Menunggak,Perempuan,5-6,13-14,31+,0
Enrolled,Nursing,Beasiswa,Lunas,Tidak Menunggak,Perempuan,7+,13-14,24-30,0
Enrolled,Management (Evening),Tidak Beasiswa,Lunas,Tidak Menunggak,Perempuan,7+,11-12,31+,0
Dropout,Social Service (Evening),Tidak Beasiswa,Belum Lunas,Tidak Menunggak,Perempuan,1-2,13-14,31+,1
Graduate,Social Service (Evening),Tidak Beasiswa,Lunas,Tidak Menunggak,Perempuan,5-6,11-12,31+,0
Dropout,Management (Evening),Tidak Beasiswa,Belum Lunas,Menunggak,Perempuan,3-4,13-14,24-30,1
Dropout,Nursing,Tidak Beasiswa,Lunas,Tidak Menunggak,Perempuan,0,0,15-20,1
Graduate,Journalism & Communication,Beasiswa,Lunas,Tidak Menunggak,Perempuan,5-6,13-14,15-20,0
Graduate,Social Service,Tidak Beasiswa,Lunas,Tidak Menunggak,Perempuan,5-6,15+,31+,0
Graduate,Nursing,Beasiswa,Lunas,Tidak Menunggak,Perempuan,5-6,15+,15-20,0
Graduate,Social Service (Evening),Beasiswa,Lunas,Tidak Menunggak,Perempuan,5-6,15+,31+,0
Graduate,Management (Evening),Tidak Beasiswa,Lunas,Tidak Menunggak,Perempuan,7+,11-12,31+,0
Dropout,Oral Hygiene,Tidak Beasiswa,Lunas,Tidak Menunggak,Perempuan,0,0,31+,1
Dropout,Social Service,Tidak Beasiswa,Lunas,Tidak Menunggak,Perempuan,0,0,15-20,1
Enrolled,Oral Hygiene,Tidak Beasiswa,Lunas,Tidak Menunggak,Perempuan,7+,13-14,15-20,0
Graduate,Communication Design,Tidak Beasiswa,Lunas,Tidak Menunggak,Perempuan,5-6,13-14,15-20,0
Graduate,Veterinary Nursing,Beasiswa,Lunas,Tidak Menunggak,Perempuan,5-6,13-14,21-23,0
Enrolled,Management,Tidak Beasiswa,Lunas,Tidak Menunggak,Perempuan,3-4,11-12,15-20,0
Graduate,Social Service,Tidak Beasiswa,Lunas,Tidak Menunggak,Perempuan,5-6,15+,15-20,0
Graduate,Management,Tidak Beasiswa,Lunas,Tidak Menunggak,Laki-laki,5-6,11-12,15-20,0
Graduate,Journalism & Communication,Tidak Beasiswa,Lunas,Tidak Menunggak,Perempuan,5-6,11-12,15-20,0
Dropout,Nursing,Tidak Beasiswa,Lunas,Tidak Menunggak,Perempuan,5-6,13-14,15-20,1
Graduate,Nursing,Tidak Beasiswa,Lunas,Tidak Menunggak,Perempuan,7+,15+,15-20,0
Graduate,Social Service,Tidak Beasiswa,Lunas,Tidak Menunggak,Perempuan,5-6,11-12,15-20,0
Graduate,Nursing,Beasiswa,Lunas,Tidak Menunggak,Perempuan,7+,15+,15-20,0
Graduate,Nursing,Tidak Beasiswa,Lunas,Tidak Menunggak,Perempuan,7+,15+,15-20,0
Graduate,Nursing,Tidak Beasiswa,Lunas,Tidak Menunggak,Perempuan,7+,13-14,24-30,0
Dropout,Oral Hygiene,Tidak Beasiswa,Lunas,Tidak Menunggak,Perempuan,0,0,24-30,1
Graduate,Journalism & Communication,Tidak Beasiswa,Lunas,Tidak Menunggak,Perempuan,5-6,15+,15-20,0
Enrolled,Communication Design,Tidak Beasiswa,Lunas,Tidak Menunggak,Perempuan,3-4,13-14,15-20,0
Enrolled,Veterinary Nursing,Tidak Beasiswa,Belum Lunas,Tidak Menunggak,Perempuan,5-6,13-14,15-20,0
Graduate,Nursing,Tidak Beasiswa,Lunas,Tidak Menunggak,Perempuan,7+,15+,15-20,0
Graduate,Veterinary Nursing,Tidak Beasiswa,Lunas,Tidak Menunggak,Perempuan,5-6,13-14,21-23,0
Graduate,Basic Education,Tidak Beasiswa,Lunas,Tidak Menunggak,Perempuan,5-6,13-14,15-20,0
Graduate,Nursing,Beasiswa,Lunas,Tidak Menunggak,Perempuan,7+,13-14,15-20,0
Graduate,Veterinary Nursing,Tidak Beasiswa,Lunas,Tidak Menunggak,Perempuan,5-6,15+,21-23,0
Graduate,Social Service,Tidak Beasiswa,Lunas,Tidak Menunggak,Perempuan,5-6,11-12,15-20,0
Graduate,Nursing,Tidak Beasiswa,Lunas,Tidak Menunggak,Perempuan,5-6,15+,15-20,0
Enrolled,Veterinary Nursing,Beasiswa,Lunas,Tidak Menunggak,Perempuan,5-6,11-12,15-20,0
Enrolled,Nursing,Beasiswa,Lunas,Tidak Menunggak,Perempuan,7+,11-12,24-30,0
Enrolled,Veterinary Nursing,Tidak Beasiswa,Lunas,Tidak Menunggak,Perempuan,3-4,13-14,15-20,0
Graduate,Social Service (Evening),Tidak Beasiswa,Lunas,Tidak Menunggak,Perempuan,5-6,11-12,31+,0
Graduate,Veterinary Nursing,Tidak Beasiswa,Lunas,Tidak Menunggak,Perempuan,5-6,13-14,15-20,0
Graduate,Nursing,Beasiswa,Lunas,Tidak Menunggak,Perempuan,5-6,13-14,15-20,0
Graduate,Nursing,Beasiswa,Lunas,Tidak Menunggak,Perempuan,7+,15+,15-20,0
Graduate,Nursing,Tidak Beasiswa,Lunas,Tidak Menunggak,Perempuan,7+,13-14,24-30,0
Enrolled,Veterinary Nursing,Tidak Beasiswa,Lunas,Tidak Menunggak,Perempuan,7+,13-14,21-23,0
Enrolled,Tourism,Tidak Beasiswa,Lunas,Tidak Menunggak,Perempuan,5-6,11-12,15-20,0
Graduate,Social Service,Beasiswa,Lunas,Tidak Menunggak,Perempuan,5-6,11-12,15-20,0
Graduate,Social Service (Evening),Tidak Beasiswa,Lunas,Tidak Menunggak,Perempuan,5-6,11-12,24-30,0
Graduate,Nursing,Beasiswa,Lunas,Tidak Menunggak,Perempuan,7+,11-12,15-20,0
Graduate,Tourism,Tidak Beasiswa,Lunas,Tidak Menunggak,Perempuan,5-6,13-14,31+,0
Dropout,Basic Education,Tidak Beasiswa,Lunas,Tidak Menunggak,Perempuan,3-4,13-14,15-20,1
Graduate,Social Service,Beasiswa,Lunas,Tidak Menunggak,Perempuan,3-4,11-12,21-23,0
Dropout,Social Service,Tidak Beasiswa,Lunas,Menunggak,Perempuan,0,0,31+,1
Dropout,Communication Design,Tidak Beasiswa,Lunas,Tidak Menunggak,Perempuan,1-2,15+,31+,1
Graduate,Social Service (Evening),Tidak Beasiswa,Lunas,Tidak Menunggak,Perempuan,5-6,11-12,24-30,0
Enrolled,Oral Hygiene,Tidak Beasiswa,Lunas,Tidak Menunggak,Perempuan,7+,13-14,24-30,0
Enrolled,Oral Hygiene,Tidak Beasiswa,Lunas,Tidak Menunggak,Perempuan,7+,11-12,21-23,0
Dropout,Social Service,Tidak Beasiswa,Lunas,Tidak Menunggak,Perempuan,0,0,21-23,1
Dropout,Nursing,Tidak Beasiswa,Lunas,Tidak Menunggak,Perempuan,3-4,13-14,31+,1
Enrolled,Veterinary Nursing,Beasiswa,Belum Lunas,Tidak Menunggak,Perempuan,1-2,1-10,31+,0
Enrolled,Management,Tidak Beasiswa,Lunas,Tidak Menunggak,Perempuan,1-2,11-12,15-20,0
Graduate,Nursing,Tidak Beasiswa,Lunas,Tidak Menunggak,Perempuan,7+,13-14,21-23,0
Graduate,Journalism & Communication,Tidak Beasiswa,Lunas,Tidak Menunggak,Perempuan,5-6,15+,15-20,0
Graduate,Agronomy,Tidak Beasiswa,Lunas,Menunggak,Perempuan,5-6,13-14,31+,0
Graduate,Veterinary Nursing,Tidak Beasiswa,Lunas,Tidak Menunggak,Perempuan,3-4,15+,15-20,0
Enrolled,Animation & Multimedia Design,Tidak Beasiswa,Lunas,Menunggak,Perempuan,0,0,15-20,0
Dropout,Basic Education,Tidak Beasiswa,Lunas,Tidak Menunggak,Perempuan,3-4,11-12,15-20,1
Graduate,Veterinary Nursing,Tidak Beasiswa,Lunas,Tidak Menunggak,Perempuan,5-6,13-14,15-20,0
Enrolled,Nursing,Beasiswa,Lunas,Tidak Menunggak,Perempuan,7+,13-14,15-20,0
Dropout,Equinculture,Tidak Beasiswa,Lunas,Tidak Menunggak,Perempuan,1-2,13-14,15-20,1
Graduate,Nursing,Beasiswa,Lunas,Tidak Menunggak,Perempuan,7+,13-14,15-20,0
Graduate,Advertising & Marketing Mgmt,Beasiswa,Lunas,Tidak Menunggak,Perempuan,5-6,13-14,15-20,0
Graduate,Management (Evening),Beasiswa,Lunas,Tidak Menunggak,Perempuan,5-6,13-14,21-23,0
Enrolled,Tourism,Tidak Beasiswa,Belum Lunas,Tidak Menunggak,Perempuan,5-6,11-12,15-20,0
Dropout,Basic Education,Tidak Beasiswa,Lunas,Tidak Menunggak,Perempuan,3-4,11-12,31+,1
Graduate,Social Service,Tidak Beasiswa,Lunas,Tidak Menunggak,Perempuan,5-6,11-12,15-20,0
Dropout,Animation & Multimedia Design,Tidak Beasiswa,Lunas,Tidak Menunggak,Perempuan,0,0,21-23,1
Graduate,Nursing,Tidak Beasiswa,Lunas,Tidak Menunggak,Perempuan,7+,13-14,15-20,0
Enrolled,Management (Evening),Beasiswa,Lunas,Tidak Menunggak,Perempuan,3-4,11-12,21-23,0
Graduate,Communication Design,Tidak Beasiswa,Lunas,Tidak Menunggak,Perempuan,5-6,13-14,15-20,0
Graduate,Journalism & Communication,Tidak Beasiswa,Lunas,Tidak Menunggak,Perempuan,3-4,11-12,15-20,0
Dropout,Journalism & Communication,Tidak Beasiswa,Lunas,Tidak Menunggak,Perempuan,0,0,15-20,1
Enrolled,Basic Education,Tidak Beasiswa,Lunas,Tidak Menunggak,Perempuan,3-4,11-12,15-20,0
Enrolled,Social Service,Beasiswa,Lunas,Tidak Menunggak,Perempuan,3-4,11-12,15-20,0
Enrolled,Management,Tidak Beasiswa,Lunas,Tidak Menunggak,Perempuan,1-2,13-14,15-20,0
Graduate,Nursing,Beasiswa,Lunas,Tidak Menunggak,Perempuan,7+,15+,15-20,0
Graduate,Social Service,Beasiswa,Lunas,Tidak Menunggak,Perempuan,5-6,13-14,21-23,0
Graduate,Nursing,Tidak Beasiswa,Lunas,Tidak Menunggak,Perempuan,7+,13-14,15-20,0
Graduate,Tourism,Beasiswa,Lunas,Tidak Menunggak,Perempuan,5-6,13-14,15-20,0
Enrolled,Veterinary Nursing,Tidak Beasiswa,Lunas,Menunggak,Perempuan,5-6,11-12,24-30,0
Graduate,Nursing,Beasiswa,Lunas,Tidak Menunggak,Perempuan,7+,13-14,21-23,0
Graduate,Nursing,Beasiswa,Lunas,Tidak Menunggak,Perempuan,7+,15+,15-20,0
Enrolled,Basic Education,Tidak Beasiswa,Lunas,Menunggak,Perempuan,3-4,11-12,15-20,0
Dropout,Basic Education,Tidak Beasiswa,Belum Lunas,Menunggak,Perempuan,0,0,24-30,1
Dropout,Oral Hygiene,Tidak Beasiswa,Lunas,Tidak Menunggak,Perempuan,3-4,11-12,31+,1
Graduate,Veterinary Nursing,Tidak Beasiswa,Lunas,Tidak Menunggak,Perempuan,5-6,13-14,15-20,0
Graduate,Social Service,Tidak Beasiswa,Lunas,Tidak Menunggak,Perempuan,5-6,11-12,15-20,0
Enrolled,Management (Evening),Tidak Beasiswa,Lunas,Tidak Menunggak,Perempuan,0,0,15-20,0
Enrolled,Veterinary Nursing,Tidak Beasiswa,Lunas,Tidak Menunggak,Perempuan,3-4,11-12,15-20,0
Graduate,Social Service (Evening),Tidak Beasiswa,Lunas,Tidak Menunggak,Perempuan,5-6,13-14,24-30,0
Graduate,Advertising & Marketing Mgmt,Tidak Beasiswa,Lunas,Tidak Menunggak,Perempuan,5-6,11-12,15-20,0
Graduate,Tourism,Tidak Beasiswa,Lunas,Tidak Menunggak,Perempuan,7+,11-12,24-30,0
Dropout,Management (Evening),Tidak Beasiswa,Lunas,Tidak Menunggak,Perempuan,5-6,11-12,24-30,1
Enrolled,Veterinary Nursing,Tidak Beasiswa,Lunas,Tidak Menunggak,Perempuan,3-4,11-12,15-20,0
Enrolled,Basic Education,Tidak Beasiswa,Lunas,Tidak Menunggak,Perempuan,5-6,11-12,21-23,0
Graduate,Tourism,Beasiswa,Lunas,Tidak Menunggak,Perempuan,3-4,13-14,15-20,0
Dropout,Management,Tidak Beasiswa,Belum Lunas,Menunggak,Perempuan,0,0,21-23,1
Graduate,Tourism,Beasiswa,Lunas,Tidak Menunggak,Perempuan,3-4,13-14,15-20,0
Graduate,Nursing,Beasiswa,Lunas,Tidak Menunggak,Perempuan,7+,13-14,21-23,0
Graduate,Journalism & Communication,Tidak Beasiswa,Lunas,Tidak Menunggak,Perempuan,5-6,13-14,15-20,0
Enrolled,Basic Education,Tidak Beasiswa,Lunas,Tidak Menunggak,Perempuan,3-4,11-12,21-23,0
Graduate,Nursing,Beasiswa,Lunas,Tidak Menunggak,Perempuan,7+,13-14,15-20,0
Graduate,Management,Tidak Beasiswa,Lunas,Tidak Menunggak,Perempuan,5-6,11-12,15-20,0
Graduate,Social Service (Evening),Tidak Beasiswa,Lunas,Menunggak,Perempuan,5-6,11-12,15-20,0
Enrolled,Animation & Multimedia Design,Tidak Beasiswa,Lunas,Tidak Menunggak,Perempuan,0,0,15-20,0
Graduate,Communication Design,Beasiswa,Lunas,Tidak Menunggak,Perempuan,5-6,13-14,15-20,0
Dropout,Social Service,Tidak Beasiswa,Lunas,Tidak Menunggak,Perempuan,3-4,11-12,15-20,1
Graduate,Nursing,Tidak Beasiswa,Lunas,Tidak Menunggak,Perempuan,5-6,13-14,15-20,0
Graduate,Tourism,Beasiswa,Lunas,Tidak Menunggak,Perempuan,3-4,13-14,15-20,0
Graduate,Nursing,Beasiswa,Lunas,Tidak Menunggak,Perempuan,7+,15+,15-20,0
Dropout,Animation & Multimedia Design,Tidak Beasiswa,Belum Lunas,Tidak Menunggak,Perempuan,0,0,15-20,1
Graduate,Management,Tidak Beasiswa,Lunas,Tidak Menunggak,Laki-laki,5-6,13-14,15-20,0
Graduate,Tourism,Beasiswa,Lunas,Tidak Menunggak,Perempuan,3-4,13-14,21-23,0
Graduate,Social Service,Beasiswa,Lunas,Tidak Menunggak,Perempuan,5-6,15+,15-20,0
Graduate,Journalism & Communication,Tidak Beasiswa,Lunas,Tidak Menunggak,Perempuan,5-6,15+,15-20,0
Graduate,Social Service,Beasiswa,Belum Lunas,Tidak Menunggak,Perempuan,5-6,11-12,15-20,0
Graduate,Nursing,Beasiswa,Lunas,Tidak Menunggak,Perempuan,7+,15+,15-20,0
Dropout,Animation & Multimedia Design,Tidak Beasiswa,Belum Lunas,Menunggak,Perempuan,0,0,15-20,1
Dropout,Journalism & Communication,Tidak Beasiswa,Belum Lunas,Menunggak,Perempuan,0,0,15-20,1
Graduate,Journalism & Communication,Beasiswa,Lunas,Tidak Menunggak,Perempuan,5-6,13-14,15-20,0
Enrolled,Journalism & Communication,Tidak Beasiswa,Lunas,Tidak Menunggak,Perempuan,5-6,13-14,15-20,0
Graduate,Social Service,Tidak Beasiswa,Lunas,Tidak Menunggak,Perempuan,5-6,11-12,15-20,0
Dropout,Advertising & Marketing Mgmt,Tidak Beasiswa,Lunas,Tidak Menunggak,Perempuan,0,0,21-23,1
Graduate,Social Service,Tidak Beasiswa,Lunas,Tidak Menunggak,Perempuan,5-6,15+,15-20,0
Graduate,Social Service,Tidak Beasiswa,Lunas,Tidak Menunggak,Perempuan,5-6,13-14,15-20,0
Graduate,Tourism,Tidak Beasiswa,Lunas,Tidak Menunggak,Perempuan,5-6,11-12,15-20,0
Graduate,Nursing,Beasiswa,Lunas,Tidak Menunggak,Perempuan,7+,13-14,15-20,0
Graduate,Social Service,Tidak Beasiswa,Lunas,Tidak Menunggak,Perempuan,5-6,13-14,21-23,0
Dropout,Social Service (Evening),Beasiswa,Lunas,Tidak Menunggak,Perempuan,5-6,11-12,15-20,1
Graduate,Social Service,Beasiswa,Lunas,Tidak Menunggak,Perempuan,5-6,13-14,15-20,0
Enrolled,Social Service (Evening),Tidak Beasiswa,Lunas,Tidak Menunggak,Perempuan,5-6,13-14,31+,0
Dropout,Veterinary Nursing,Beasiswa,Belum Lunas,Tidak Menunggak,Perempuan,0,0,24-30,1
Graduate,Nursing,Tidak Beasiswa,Lunas,Tidak Menunggak,Perempuan,7+,15+,24-30,0
Enrolled,Management (Evening),Tidak Beasiswa,Lunas,Menunggak,Perempuan,3-4,11-12,24-30,0
Dropout,Advertising & Marketing Mgmt,Tidak Beasiswa,Belum Lunas,Menunggak,Perempuan,3-4,13-14,15-20,1
Graduate,Nursing,Tidak Beasiswa,Lunas,Tidak Menunggak,Perempuan,7+,15+,15-20,0
Enrolled,Management,Tidak Beasiswa,Lunas,Tidak Menunggak,Laki-laki,3-4,11-12,15-20,0
Enrolled,Social Service,Tidak Beasiswa,Lunas,Tidak Menunggak,Laki-laki,3-4,11-12,21-23,0
Graduate,Journalism & Communication,Beasiswa,Lunas,Tidak Menunggak,Laki-laki,5-6,13-14,15-20,0
Enrolled,Nursing,Tidak Beasiswa,Lunas,Tidak Menunggak,Laki-laki,5-6,13-14,15-20,0
Dropout,Veterinary Nursing,Tidak Beasiswa,Belum Lunas,Menunggak,Laki-laki,1-2,11-12,15-20,1
Graduate,Veterinary Nursing,Tidak Beasiswa,Lunas,Tidak Menunggak,Perempuan,5-6,15+,24-30,0
Graduate,Veterinary Nursing,Tidak Beasiswa,Lunas,Tidak Menunggak,Perempuan,5-6,13-14,21-23,0
Dropout,Nursing,Tidak Beasiswa,Belum Lunas,Menunggak,Perempuan,7+,13-14,15-20,1
Dropout,Social Service,Tidak Beasiswa,Belum Lunas,Tidak Menunggak,Perempuan,1-2,11-12,15-20,1
Enrolled,Communication Design,Tidak Beasiswa,Lunas,Tidak Menunggak,Perempuan,5-6,11-12,15-20,0
Dropout,Animation & Multimedia Design,Tidak Beasiswa,Lunas,Tidak Menunggak,Perempuan,7+,13-14,15-20,1
Dropout,Basic Education,Tidak Beasiswa,Belum Lunas,Menunggak,Perempuan,0,0,15-20,1
Dropout,Management (Evening),Tidak Beasiswa,Belum Lunas,Tidak Menunggak,Perempuan,7+,11-12,31+,1
Graduate,Social Service (Evening),Tidak Beasiswa,Lunas,Menunggak,Perempuan,5-6,11-12,31+,0
Dropout,Nursing,Tidak Beasiswa,Belum Lunas,Menunggak,Perempuan,3-4,11-12,24-30,1
Graduate,Management (Evening),Tidak Beasiswa,Lunas,Tidak Menunggak,Perempuan,7+,15+,31+,0
Dropout,Nursing,Tidak Beasiswa,Belum Lunas,Tidak Menunggak,Perempuan,5-6,11-12,31+,1
Dropout,Management,Tidak Beasiswa,Lunas,Tidak Menunggak,Perempuan,0,0,15-20,1
Graduate,Management (Evening),Tidak Beasiswa,Lunas,Tidak Menunggak,Perempuan,5-6,11-12,24-30,0
Dropout,Basic Education,Tidak Beasiswa,Belum Lunas,Menunggak,Perempuan,0,0,15-20,1
Dropout,Advertising & Marketing Mgmt,Tidak Beasiswa,Lunas,Tidak Menunggak,Perempuan,3-4,11-12,21-23,1
Dropout,Social Service (Evening),Tidak Beasiswa,Lunas,Tidak Menunggak,Perempuan,7+,13-14,15-20,1
Graduate,Nursing,Tidak Beasiswa,Lunas,Tidak Menunggak,Perempuan,7+,13-14,24-30,0
Enrolled,Advertising & Marketing Mgmt,Tidak Beasiswa,Lunas,Tidak Menunggak,Perempuan,3-4,13-14,21-23,0
Graduate,Nursing,Tidak Beasiswa,Lunas,Tidak Menunggak,Perempuan,7+,13-14,15-20,0
Dropout,Journalism & Communication,Tidak Beasiswa,Lunas,Tidak Menunggak,Perempuan,1-2,13-14,15-20,1
Dropout,Agronomy,Tidak Beasiswa,Belum Lunas,Menunggak,Perempuan,0,0,31+,1
Dropout,Management (Evening),Tidak Beasiswa,Belum Lunas,Tidak Menunggak,Perempuan,7+,13-14,31+,1
Graduate,Management,Tidak Beasiswa,Lunas,Tidak Menunggak,Perempuan,5-6,13-14,15-20,0
Dropout,Management (Evening),Tidak Beasiswa,Lunas,Tidak Menunggak,Laki-laki,1-2,11-12,24-30,1
Graduate,Agronomy,Beasiswa,Lunas,Tidak Menunggak,Laki-laki,5-6,13-14,24-30,0
Graduate,Journalism & Communication,Tidak Beasiswa,Lunas,Tidak Menunggak,Laki-laki,5-6,13-14,15-20,0
Enrolled,Animation & Multimedia Design,Tidak Beasiswa,Lunas,Tidak Menunggak,Laki-laki,0,0,21-23,0
Graduate,Tourism,Beasiswa,Lunas,Tidak Menunggak,Laki-laki,5-6,13-14,21-23,0
Dropout,Management (Evening),Tidak Beasiswa,Lunas,Tidak Menunggak,Laki-laki,3-4,13-14,15-20,1
Enrolled,Communication Design,Tidak Beasiswa,Lunas,Tidak Menunggak,Laki-laki,1-2,1-10,15-20,0
Graduate,Communication Design,Beasiswa,Lunas,Tidak Menunggak,Laki-laki,5-6,11-12,15-20,0
Dropout,Informatics Engineering,Tidak Beasiswa,Lunas,Tidak Menunggak,Laki-laki,5-6,15+,15-20,1
Graduate,Nursing,Beasiswa,Lunas,Tidak Menunggak,Laki-laki,7+,13-14,15-20,0
Enrolled,Veterinary Nursing,Tidak Beasiswa,Lunas,Tidak Menunggak,Laki-laki,3-4,13-14,15-20,0
Enrolled,Tourism,Tidak Beasiswa,Lunas,Tidak Menunggak,Laki-laki,5-6,13-14,24-30,0
Enrolled,Informatics Engineering,Tidak Beasiswa,Lunas,Tidak Menunggak,Laki-laki,3-4,13-14,15-20,0
Dropout,Management,Tidak Beasiswa,Belum Lunas,Tidak Menunggak,Laki-laki,0,0,24-30,1
Dropout,Informatics Engineering,Tidak Beasiswa,Lunas,Tidak Menunggak,Laki-laki,3-4,13-14,21-23,1
Graduate,Journalism & Communication,Beasiswa,Lunas,Menunggak,Laki-laki,5-6,15+,15-20,0
Dropout,Tourism,Beasiswa,Lunas,Tidak Menunggak,Laki-laki,0,0,15-20,1
Dropout,Management (Evening),Tidak Beasiswa,Lunas,Tidak Menunggak,Laki-laki,0,0,24-30,1
Enrolled,Veterinary Nursing,Tidak Beasiswa,Lunas,Tidak Menunggak,Laki-laki,0,0,21-23,0
Dropout,Management,Tidak Beasiswa,Lunas,Tidak Menunggak,Laki-laki,3-4,11-12,15-20,1
Dropout,Management,Tidak Beasiswa,Belum Lunas,Menunggak,Laki-laki,0,0,24-30,1
Enrolled,Oral Hygiene,Beasiswa,Lunas,Tidak Menunggak,Laki-laki,7+,11-12,24-30,0
Enrolled,Management,Tidak Beasiswa,Lunas,Tidak Menunggak,Laki-laki,3-4,11-12,21-23,0
Graduate,Veterinary Nursing,Tidak Beasiswa,Lunas,Tidak Menunggak,Laki-laki,3-4,13-14,15-20,0
Graduate,Veterinary Nursing,Tidak Beasiswa,Lunas,Tidak Menunggak,Laki-laki,5-6,11-12,21-23,0
Dropout,Agronomy,Tidak Beasiswa,Belum Lunas,Menunggak,Laki-laki,1-2,13-14,21-23,1
Graduate,Social Service,Tidak Beasiswa,Lunas,Tidak Menunggak,Laki-laki,5-6,11-12,15-20,0
Graduate,Animation & Multimedia Design,Beasiswa,Lunas,Tidak Menunggak,Laki-laki,7+,13-14,15-20,0
Graduate,Animation & Multimedia Design,Tidak Beasiswa,Lunas,Tidak Menunggak,Laki-laki,0,0,15-20,0
Graduate,Nursing,Tidak Beasiswa,Lunas,Tidak Menunggak,Laki-laki,7+,13-14,31+,0
Dropout,Tourism,Tidak Beasiswa,Lunas,Tidak Menunggak,Laki-laki,1-2,11-12,15-20,1
Graduate,Agronomy,Tidak Beasiswa,Lunas,Tidak Menunggak,Laki-laki,7+,13-14,31+,0
Enrolled,Agronomy,Tidak Beasiswa,Lunas,Tidak Menunggak,Laki-laki,5-6,11-12,24-30,0
Graduate,Communication Design,Beasiswa,Lunas,Tidak Menunggak,Laki-laki,7+,13-14,21-23,0
Graduate,Journalism & Communication,Beasiswa,Lunas,Tidak Menunggak,Laki-laki,5-6,13-14,15-20,0
Dropout,Management (Evening),Tidak Beasiswa,Lunas,Tidak Menunggak,Laki-laki,0,0,24-30,1
Dropout,Management,Tidak Beasiswa,Lunas,Tidak Menunggak,Laki-laki,1-2,1-10,15-20,1
Graduate,Agronomy,Tidak Beasiswa,Lunas,Tidak Menunggak,Laki-laki,5-6,11-12,15-20,0
Dropout,Animation & Multimedia Design,Tidak Beasiswa,Belum Lunas,Tidak Menunggak,Laki-laki,0,0,24-30,1
Dropout,Management,Tidak Beasiswa,Lunas,Tidak Menunggak,Laki-laki,7+,11-12,24-30,1
Dropout,Journalism & Communication,Tidak Beasiswa,Lunas,Tidak Menunggak,Laki-laki,5-6,11-12,15-20,1
Dropout,Management,Tidak Beasiswa,Lunas,Tidak Menunggak,Laki-laki,0,0,15-20,1
Dropout,Management,Tidak Beasiswa,Lunas,Tidak Menunggak,Laki-laki,5-6,11-12,15-20,1
Dropout,Management,Tidak Beasiswa,Belum Lunas,Tidak Menunggak,Laki-laki,0,0,24-30,1
Dropout,Animation & Multimedia Design,Tidak Beasiswa,Lunas,Tidak Menunggak,Laki-laki,0,0,31+,1
Dropout,Animation & Multimedia Design,Tidak Beasiswa,Lunas,Tidak Menunggak,Laki-laki,0,0,15-20,1
Graduate,Journalism & Communication,Tidak Beasiswa,Lunas,Tidak Menunggak,Laki-laki,5-6,13-14,15-20,0
Graduate,Veterinary Nursing,Beasiswa,Lunas,Tidak Menunggak,Laki-laki,5-6,13-14,21-23,0
Enrolled,Informatics Engineering,Tidak Beasiswa,Lunas,Tidak Menunggak,Laki-laki,1-2,1-10,15-20,0
Dropout,Management (Evening),Tidak Beasiswa,Belum Lunas,Tidak Menunggak,Laki-laki,1-2,15+,31+,1
Graduate,Basic Education,Tidak Beasiswa,Lunas,Tidak Menunggak,Laki-laki,7+,13-14,31+,0
Dropout,Informatics Engineering,Tidak Beasiswa,Lunas,Tidak Menunggak,Laki-laki,0,0,21-23,1
Dropout,Tourism,Tidak Beasiswa,Lunas,Tidak Menunggak,Laki-laki,1-2,13-14,15-20,1
Graduate,Communication Design,Tidak Beasiswa,Lunas,Menunggak,Laki-laki,5-6,13-14,15-20,0
Graduate,Advertising & Marketing Mgmt,Beasiswa,Lunas,Tidak Menunggak,Laki-laki,5-6,13-14,15-20,0
Graduate,Animation & Multimedia Design,Tidak Beasiswa,Belum Lunas,Tidak Menunggak,Perempuan,7+,15+,15-20,0
Graduate,Journalism & Communication,Beasiswa,Lunas,Tidak Menunggak,Laki-laki,5-6,13-14,15-20,0
Enrolled,Management,Tidak Beasiswa,Lunas,Menunggak,Laki-laki,3-4,11-12,21-23,0
Enrolled,Management (Evening),Tidak Beasiswa,Lunas,Tidak Menunggak,Perempuan,3-4,11-12,24-30,0
Dropout,Journalism & Communication,Tidak Beasiswa,Belum Lunas,Menunggak,Perempuan,3-4,11-12,15-20,1
Dropout,Management (Evening),Tidak Beasiswa,Lunas,Menunggak,Perempuan,0,0,24-30,1
Graduate,Nursing,Beasiswa,Lunas,Tidak Menunggak,Perempuan,7+,15+,15-20,0
Graduate,Social Service (Evening),Tidak Beasiswa,Lunas,Tidak Menunggak,Perempuan,7+,13-14,31+,0
Dropout,Social Service (Evening),Tidak Beasiswa,Belum Lunas,Menunggak,Perempuan,5-6,13-14,24-30,1
Dropout,Management,Tidak Beasiswa,Lunas,Tidak Menunggak,Perempuan,0,0,24-30,1
Dropout,Basic Education,Tidak Beasiswa,Lunas,Tidak Menunggak,Perempuan,5-6,13-14,31+,1
Graduate,Social Service,Beasiswa,Lunas,Tidak Menunggak,Perempuan,5-6,11-12,15-20,0
Dropout,Social Service,Tidak Beasiswa,Lunas,Tidak Menunggak,Perempuan,0,0,15-20,1
Dropout,Animation & Multimedia Design,Tidak Beasiswa,Lunas,Tidak Menunggak,Perempuan,0,0,21-23,1
Graduate,Social Service,Tidak Beasiswa,Lunas,Tidak Menunggak,Perempuan,5-6,11-12,15-20,0
Dropout,Social Service,Beasiswa,Lunas,Tidak Menunggak,Perempuan,5-6,11-12,15-20,1
Graduate,Tourism,Tidak Beasiswa,Lunas,Tidak Menunggak,Perempuan,5-6,13-14,15-20,0
Enrolled,Management,Tidak Beasiswa,Lunas,Tidak Menunggak,Perempuan,1-2,13-14,21-23,0
Enrolled,Journalism & Communication,Tidak Beasiswa,Lunas,Tidak Menunggak,Perempuan,1-2,15+,15-20,0
Graduate,Veterinary Nursing,Tidak Beasiswa,Lunas,Tidak Menunggak,Perempuan,3-4,13-14,24-30,0
Enrolled,Advertising & Marketing Mgmt,Beasiswa,Lunas,Tidak Menunggak,Perempuan,3-4,13-14,15-20,0
Graduate,Nursing,Tidak Beasiswa,Lunas,Tidak Menunggak,Perempuan,7+,13-14,24-30,0
Graduate,Veterinary Nursing,Tidak Beasiswa,Lunas,Tidak Menunggak,Perempuan,3-4,11-12,15-20,0
Graduate,Nursing,Tidak Beasiswa,Lunas,Tidak Menunggak,Perempuan,7+,15+,15-20,0
Dropout,Advertising & Marketing Mgmt,Tidak Beasiswa,Lunas,Tidak Menunggak,Perempuan,3-4,11-12,24-30,1
Enrolled,Nursing,Tidak Beasiswa,Lunas,Tidak Menunggak,Perempuan,5-6,13-14,15-20,0
Dropout,Social Service,Tidak Beasiswa,Belum Lunas,Menunggak,Perempuan,5-6,13-14,21-23,1
Graduate,Journalism & Communication,Tidak Beasiswa,Lunas,Tidak Menunggak,Perempuan,5-6,13-14,15-20,0
Dropout,Tourism,Tidak Beasiswa,Lunas,Tidak Menunggak,Perempuan,0,0,15-20,1
Dropout,Management,Tidak Beasiswa,Lunas,Tidak Menunggak,Perempuan,1-2,1-10,15-20,1
Graduate,Nursing,Tidak Beasiswa,Lunas,Tidak Menunggak,Perempuan,7+,13-14,15-20,0
Graduate,Nursing,Tidak Beasiswa,Lunas,Tidak Menunggak,Perempuan,7+,13-14,15-20,0
Graduate,Veterinary Nursing,Beasiswa,Lunas,Tidak Menunggak,Perempuan,5-6,11-12,15-20,0
Graduate,Communication Design,Tidak Beasiswa,Lunas,Tidak Menunggak,Perempuan,5-6,13-14,15-20,0
Dropout,Basic Education,Tidak Beasiswa,Lunas,Tidak Menunggak,Perempuan,5-6,13-14,15-20,1
Graduate,Animation & Multimedia Design,Tidak Beasiswa,Lunas,Tidak Menunggak,Perempuan,0,0,15-20,0
Enrolled,Management (Evening),Tidak Beasiswa,Lunas,Tidak Menunggak,Perempuan,3-4,13-14,24-30,0
Graduate,Veterinary Nursing,Tidak Beasiswa,Lunas,Tidak Menunggak,Perempuan,5-6,15+,15-20,0
Dropout,Veterinary Nursing,Tidak Beasiswa,Lunas,Tidak Menunggak,Perempuan,0,0,31+,1
Dropout,Social Service (Evening),Tidak Beasiswa,Belum Lunas,Menunggak,Perempuan,3-4,13-14,31+,1
Dropout,Tourism,Tidak Beasiswa,Lunas,Menunggak,Perempuan,1-2,11-12,15-20,1
Graduate,Social Service,Tidak Beasiswa,Lunas,Tidak Menunggak,Perempuan,5-6,13-14,15-20,0
Graduate,Nursing,Tidak Beasiswa,Lunas,Tidak Menunggak,Perempuan,5-6,11-12,15-20,0
Graduate,Nursing,Tidak Beasiswa,Lunas,Tidak Menunggak,Perempuan,7+,13-14,15-20,0
Graduate,Veterinary Nursing,Tidak Beasiswa,Lunas,Tidak Menunggak,Perempuan,3-4,13-14,21-23,0
Dropout,Basic Education,Tidak Beasiswa,Lunas,Tidak Menunggak,Perempuan,0,0,15-20,1
Enrolled,Social Service,Tidak Beasiswa,Lunas,Tidak Menunggak,Perempuan,3-4,11-12,15-20,0
Graduate,Animation & Multimedia Design,Tidak Beasiswa,Lunas,Tidak Menunggak,Laki-laki,0,0,15-20,0
Graduate,Advertising & Marketing Mgmt,Tidak Beasiswa,Lunas,Tidak Menunggak,Laki-laki,3-4,13-14,15-20,0
Graduate,Veterinary Nursing,Tidak Beasiswa,Lunas,Tidak Menunggak,Laki-laki,5-6,11-12,15-20,0
Dropout,Management (Evening),Tidak Beasiswa,Belum Lunas,Tidak Menunggak,Laki-laki,0,0,24-30,1
Enrolled,Nursing,Tidak Beasiswa,Lunas,Tidak Menunggak,Laki-laki,5-6,11-12,15-20,0
Graduate,Animation & Multimedia Design,Tidak Beasiswa,Lunas,Tidak Menunggak,Laki-laki,0,0,15-20,0
Graduate,Nursing,Tidak Beasiswa,Lunas,Tidak Menunggak,Laki-laki,7+,15+,15-20,0
Dropout,Agronomy,Tidak Beasiswa,Lunas,Tidak Menunggak,Laki-laki,0,0,24-30,1
Enrolled,Social Service,Tidak Beasiswa,Lunas,Tidak Menunggak,Perempuan,5-6,11-12,15-20,0
Graduate,Nursing,Tidak Beasiswa,Lunas,Tidak Menunggak,Perempuan,7+,13-14,24-30,0
Dropout,Management (Evening),Tidak Beasiswa,Lunas,Tidak Menunggak,Perempuan,0,0,24-30,1
Graduate,Nursing,Tidak Beasiswa,Lunas,Tidak Menunggak,Perempuan,7+,13-14,15-20,0
Dropout,Management (Evening),Tidak Beasiswa,Lunas,Tidak Menunggak,Perempuan,7+,11-12,24-30,1
Graduate,Basic Education,Beasiswa,Lunas,Tidak Menunggak,Perempuan,7+,13-14,31+,0
Dropout,Management (Evening),Tidak Beasiswa,Lunas,Tidak Menunggak,Perempuan,5-6,13-14,24-30,1
Dropout,Nursing,Tidak Beasiswa,Lunas,Tidak Menunggak,Perempuan,3-4,11-12,24-30,1
Enrolled,Social Service,Tidak Beasiswa,Lunas,Tidak Menunggak,Perempuan,0,0,15-20,0
Graduate,Nursing,Tidak Beasiswa,Lunas,Tidak Menunggak,Perempuan,7+,15+,15-20,0
Graduate,Social Service (Evening),Tidak Beasiswa,Lunas,Tidak Menunggak,Perempuan,5-6,15+,24-30,0
Dropout,Social Service,Tidak Beasiswa,Belum Lunas,Tidak Menunggak,Perempuan,3-4,11-12,24-30,1
Dropout,Social Service,Tidak Beasiswa,Lunas,Tidak Menunggak,Perempuan,0,0,15-20,1
Dropout,Advertising & Marketing Mgmt,Beasiswa,Lunas,Tidak Menunggak,Perempuan,1-2,13-14,21-23,1
Dropout,Management (Evening),Tidak Beasiswa,Belum Lunas,Tidak Menunggak,Perempuan,5-6,11-12,24-30,1
Dropout,Management,Tidak Beasiswa,Belum Lunas,Menunggak,Perempuan,7+,13-14,31+,1
Graduate,Social Service,Beasiswa,Lunas,Tidak Menunggak,Perempuan,5-6,15+,15-20,0
Graduate,Veterinary Nursing,Tidak Beasiswa,Lunas,Tidak Menunggak,Perempuan,5-6,13-14,24-30,0
Enrolled,Nursing,Tidak Beasiswa,Lunas,Tidak Menunggak,Perempuan,7+,13-14,31+,0
Enrolled,Management,Tidak Beasiswa,Lunas,Tidak Menunggak,Perempuan,5-6,11-12,15-20,0
Graduate,Management (Evening),Tidak Beasiswa,Lunas,Tidak Menunggak,Perempuan,3-4,11-12,24-30,0
Graduate,Nursing,Tidak Beasiswa,Lunas,Tidak Menunggak,Perempuan,7+,15+,15-20,0
Dropout,Journalism & Communication,Beasiswa,Lunas,Menunggak,Perempuan,5-6,13-14,15-20,1
Graduate,Journalism & Communication,Beasiswa,Lunas,Tidak Menunggak,Perempuan,5-6,13-14,15-20,0
Enrolled,Basic Education,Tidak Beasiswa,Lunas,Tidak Menunggak,Perempuan,3-4,11-12,21-23,0
Graduate,Management,Beasiswa,Lunas,Tidak Menunggak,Perempuan,3-4,13-14,24-30,0
Graduate,Tourism,Beasiswa,Lunas,Tidak Menunggak,Perempuan,5-6,15+,21-23,0
Dropout,Management (Evening),Tidak Beasiswa,Lunas,Menunggak,Laki-laki,3-4,13-14,31+,1
Dropout,Veterinary Nursing,Tidak Beasiswa,Lunas,Tidak Menunggak,Laki-laki,0,0,24-30,1
Enrolled,Basic Education,Tidak Beasiswa,Lunas,Tidak Menunggak,Laki-laki,5-6,13-14,15-20,0
Graduate,Nursing,Beasiswa,Lunas,Tidak Menunggak,Laki-laki,7+,11-12,15-20,0
Dropout,Equinculture,Tidak Beasiswa,Belum Lunas,Menunggak,Laki-laki,1-2,11-12,24-30,1
Graduate,Nursing,Beasiswa,Lunas,Tidak Menunggak,Laki-laki,7+,15+,15-20,0
Enrolled,Communication Design,Tidak Beasiswa,Lunas,Tidak Menunggak,Laki-laki,1-2,11-12,15-20,0
Graduate,Journalism & Communication,Tidak Beasiswa,Lunas,Tidak Menunggak,Laki-laki,5-6,13-14,15-20,0
Dropout,Journalism & Communication,Tidak Beasiswa,Lunas,Tidak Menunggak,Laki-laki,5-6,11-12,31+,1
Graduate,Management (Evening),Tidak Beasiswa,Lunas,Tidak Menunggak,Laki-laki,5-6,15+,31+,0
Graduate,Communication Design,Beasiswa,Lunas,Tidak Menunggak,Laki-laki,5-6,13-14,15-20,0
Dropout,Equinculture,Tidak Beasiswa,Lunas,Tidak Menunggak,Laki-laki,3-4,13-14,21-23,1
Enrolled,Communication Design,Beasiswa,Lunas,Tidak Menunggak,Laki-laki,5-6,13-14,15-20,0
Enrolled,Biofuel Production,Tidak Beasiswa,Lunas,Tidak Menunggak,Laki-laki,1-2,13-14,24-30,0
Graduate,Equinculture,Tidak Beasiswa,Lunas,Tidak Menunggak,Perempuan,5-6,11-12,15-20,0
Dropout,Nursing,Tidak Beasiswa,Belum Lunas,Menunggak,Perempuan,3-4,11-12,31+,1
Graduate,Nursing,Tidak Beasiswa,Lunas,Tidak Menunggak,Perempuan,7+,13-14,21-23,0
Graduate,Communication Design,Beasiswa,Lunas,Tidak Menunggak,Perempuan,5-6,13-14,15-20,0
Graduate,Communication Design,Tidak Beasiswa,Lunas,Tidak Menunggak,Laki-laki,7+,13-14,15-20,0
Graduate,Journalism & Communication,Tidak Beasiswa,Lunas,Tidak Menunggak,Laki-laki,5-6,13-14,15-20,0
Dropout,Journalism & Communication,Tidak Beasiswa,Belum Lunas,Menunggak,Perempuan,1-2,11-12,15-20,1
Dropout,Nursing,Beasiswa,Lunas,Tidak Menunggak,Perempuan,1-2,13-14,24-30,1
Graduate,Management,Beasiswa,Lunas,Tidak Menunggak,Perempuan,5-6,11-12,15-20,0
Graduate,Journalism & Communication,Tidak Beasiswa,Lunas,Tidak Menunggak,Perempuan,5-6,13-14,21-23,0
